Time,FR_q0,FR_q1,FR_q2,FL_q0,FL_q1,FL_q2,RL_q0,RL_q1,RL_q2,RR_q0,RR_q1,RR_q2,FR_t0,FR_t1,FR_t2,FL_t0,FL_t1,FL_t2,RL_t0,RL_t1,RL_t2,RR_t0,RR_t1,RR_t2,foot_0,foot_1,foot_2,foot_3,FR,FL,RR,RL
0.364193,0.0562556,0.79424,-1.58238,-0.0535912,0.795815,-1.58618,-0.0506846,0.793937,-1.58808,0.0574668,0.800477,-1.58162,1.28516,0.46875,4.19141,-1.23438,0.417969,4.44922,-1.33203,0.417969,4.44922,1.21094,0.269531,4.30078,415,461,420,499,1,1,1,1
0.375008,0.0563162,0.79418,-1.58238,-0.0535307,0.795815,-1.58622,-0.0506846,0.793998,-1.58804,0.0573456,0.800417,-1.58162,1.28516,0.269531,4.07812,-1.0625,0.34375,4.33984,-1.33203,0.417969,4.59766,1.25781,0.394531,4.33984,415,461,420,498,1,1,1,1
0.385322,0.0563162,0.79418,-1.58238,-0.0535307,0.795815,-1.58622,-0.0506846,0.793998,-1.58804,0.0573456,0.800417,-1.58162,1.28516,0.269531,4.07812,-1.0625,0.34375,4.33984,-1.33203,0.417969,4.59766,1.25781,0.394531,4.33984,415,461,420,498,1,1,1,1
0.395824,0.0563162,0.79418,-1.58238,-0.0535307,0.795815,-1.58622,-0.0506846,0.793998,-1.58804,0.0573456,0.800417,-1.58162,1.28516,0.269531,4.07812,-1.0625,0.34375,4.33984,-1.33203,0.417969,4.59766,1.25781,0.394531,4.33984,415,461,420,498,1,1,1,1
0.410608,0.0563162,0.79418,-1.58238,-0.0535307,0.795815,-1.58622,-0.0506846,0.793998,-1.58804,0.0573456,0.800417,-1.58162,1.28516,0.269531,4.07812,-1.0625,0.34375,4.33984,-1.33203,0.417969,4.59766,1.25781,0.394531,4.33984,415,461,420,498,1,1,1,1
0.43033,0.0563162,0.79424,-1.58238,-0.0534701,0.795815,-1.58622,-0.0506846,0.793998,-1.58808,0.0573456,0.800417,-1.58162,1.23438,0.320312,4.26562,-1.10938,0.441406,4.5625,-1.40625,0.394531,4.67188,1.18359,0.246094,4.30078,415,461,420,498,1,1,1,1
0.448811,0.0563162,0.79424,-1.58238,-0.0534701,0.795815,-1.58622,-0.0506846,0.793998,-1.58808,0.0573456,0.800417,-1.58162,1.23438,0.320312,4.26562,-1.10938,0.441406,4.5625,-1.40625,0.394531,4.67188,1.18359,0.246094,4.30078,415,461,420,498,1,1,1,1
0.46573,0.0563162,0.79418,-1.58238,-0.0535307,0.795815,-1.58622,-0.0506846,0.793937,-1.58804,0.0574062,0.800477,-1.58166,1.23438,0.292969,4.11719,-1.08594,0.34375,4.33984,-1.38281,0.441406,4.63672,1.23438,0.269531,4.375,416,461,420,498,1,1,1,1
0.480003,0.0563162,0.79418,-1.58238,-0.0535307,0.795815,-1.58622,-0.0506846,0.793937,-1.58804,0.0574062,0.800477,-1.58166,1.23438,0.292969,4.11719,-1.08594,0.34375,4.33984,-1.38281,0.441406,4.63672,1.23438,0.269531,4.375,416,461,420,498,1,1,1,1
0.490548,0.0563162,0.79418,-1.58238,-0.0535307,0.795815,-1.58622,-0.0506846,0.793937,-1.58804,0.0574062,0.800477,-1.58166,1.23438,0.292969,4.11719,-1.08594,0.34375,4.33984,-1.38281,0.441406,4.63672,1.23438,0.269531,4.375,416,461,420,498,1,1,1,1
0.509796,0.0563162,0.79418,-1.58238,-0.0534701,0.795815,-1.58622,-0.0506846,0.793998,-1.58808,0.0574062,0.800417,-1.58162,1.25781,0.292969,4.04297,-1.03516,0.34375,4.44922,-1.28516,0.367188,4.63672,1.13672,0.21875,4.19141,415,461,420,498,1,1,1,1
0.520808,0.0563162,0.79418,-1.58238,-0.0534701,0.795815,-1.58622,-0.0506846,0.793998,-1.58808,0.0574062,0.800417,-1.58162,1.25781,0.292969,4.04297,-1.03516,0.34375,4.44922,-1.28516,0.367188,4.63672,1.13672,0.21875,4.19141,415,461,420,498,1,1,1,1
0.531488,0.0563162,0.79424,-1.58238,-0.0535307,0.795815,-1.58622,-0.0506846,0.793937,-1.58808,0.0573456,0.800417,-1.58162,1.23438,0.320312,4.04297,-1.13672,0.417969,4.26562,-1.30859,0.320312,4.63672,1.21094,0.171875,4.30078,415,461,420,498,1,1,1,1
0.542855,0.0563162,0.79424,-1.58238,-0.0535307,0.795815,-1.58622,-0.0506846,0.793937,-1.58808,0.0573456,0.800417,-1.58162,1.23438,0.320312,4.04297,-1.13672,0.417969,4.26562,-1.30859,0.320312,4.63672,1.21094,0.171875,4.30078,415,461,420,498,1,1,1,1
0.553527,0.0563162,0.79424,-1.58238,-0.0535307,0.795815,-1.58622,-0.0506846,0.793937,-1.58808,0.0573456,0.800417,-1.58162,1.23438,0.320312,4.04297,-1.13672,0.417969,4.26562,-1.30859,0.320312,4.63672,1.21094,0.171875,4.30078,415,461,420,498,1,1,1,1
0.563699,0.0563162,0.79424,-1.58238,-0.0535307,0.795815,-1.58622,-0.0506846,0.793937,-1.58808,0.0573456,0.800417,-1.58162,1.23438,0.320312,4.04297,-1.13672,0.417969,4.26562,-1.30859,0.320312,4.63672,1.21094,0.171875,4.30078,415,461,420,498,1,1,1,1
0.573893,0.0562556,0.79418,-1.58238,-0.0535307,0.795815,-1.58622,-0.0506846,0.793998,-1.58808,0.0574062,0.800477,-1.58162,1.23438,0.320312,4.07812,-1.18359,0.34375,4.41406,-1.30859,0.441406,4.78516,1.21094,0.292969,4.15234,415,461,420,498,1,1,1,1
0.583994,0.0562556,0.79418,-1.58238,-0.0535307,0.795815,-1.58622,-0.0506846,0.793998,-1.58808,0.0574062,0.800477,-1.58162,1.23438,0.320312,4.07812,-1.18359,0.34375,4.41406,-1.30859,0.441406,4.78516,1.21094,0.292969,4.15234,415,461,420,498,1,1,1,1
0.594198,0.0562556,0.79418,-1.58238,-0.0535307,0.795815,-1.58622,-0.0506846,0.793998,-1.58808,0.0574062,0.800477,-1.58162,1.23438,0.320312,4.07812,-1.18359,0.34375,4.41406,-1.30859,0.441406,4.78516,1.21094,0.292969,4.15234,415,461,420,498,1,1,1,1
0.604779,0.0562556,0.79418,-1.58238,-0.0535307,0.795815,-1.58622,-0.0506846,0.793998,-1.58808,0.0574062,0.800477,-1.58162,1.23438,0.320312,4.07812,-1.18359,0.34375,4.41406,-1.30859,0.441406,4.78516,1.21094,0.292969,4.15234,415,461,420,498,1,1,1,1
0.615205,0.0562556,0.79418,-1.58238,-0.0534701,0.795815,-1.58622,-0.050624,0.793937,-1.58808,0.0574062,0.800477,-1.58166,1.21094,0.367188,4.11719,-1.08594,0.394531,4.48828,-1.33203,0.394531,4.59766,1.23438,0.320312,4.26562,415,462,420,498,1,1,1,1
0.625346,0.0562556,0.79418,-1.58238,-0.0534701,0.795815,-1.58622,-0.050624,0.793937,-1.58808,0.0574062,0.800477,-1.58166,1.21094,0.367188,4.11719,-1.08594,0.394531,4.48828,-1.33203,0.394531,4.59766,1.23438,0.320312,4.26562,415,462,420,498,1,1,1,1
0.636006,0.0562556,0.79418,-1.58238,-0.0534701,0.795815,-1.58622,-0.050624,0.793937,-1.58808,0.0574062,0.800477,-1.58166,1.21094,0.367188,4.11719,-1.08594,0.394531,4.48828,-1.33203,0.394531,4.59766,1.23438,0.320312,4.26562,415,462,420,498,1,1,1,1
0.646788,0.0562556,0.79418,-1.58238,-0.0534701,0.795815,-1.58622,-0.050624,0.793937,-1.58808,0.0574062,0.800477,-1.58166,1.21094,0.367188,4.11719,-1.08594,0.394531,4.48828,-1.33203,0.394531,4.59766,1.23438,0.320312,4.26562,415,462,420,498,1,1,1,1
0.657246,0.0563162,0.79424,-1.58238,-0.0535307,0.795815,-1.58618,-0.050624,0.793937,-1.58808,0.0573456,0.800477,-1.58162,1.30859,0.320312,4.04297,-1.10938,0.367188,4.44922,-1.35938,0.394531,4.63672,1.18359,0.34375,4.19141,415,461,420,498,1,1,1,1
0.670775,0.0563162,0.79424,-1.58238,-0.0535307,0.795815,-1.58618,-0.050624,0.793937,-1.58808,0.0573456,0.800477,-1.58162,1.30859,0.320312,4.04297,-1.10938,0.367188,4.44922,-1.35938,0.394531,4.63672,1.18359,0.34375,4.19141,415,461,420,498,1,1,1,1
0.684105,0.0563162,0.79424,-1.58238,-0.0535307,0.795815,-1.58618,-0.050624,0.793937,-1.58808,0.0573456,0.800477,-1.58162,1.30859,0.320312,4.04297,-1.10938,0.367188,4.44922,-1.35938,0.394531,4.63672,1.18359,0.34375,4.19141,415,461,420,498,1,1,1,1
0.704104,0.0563162,0.79424,-1.58242,-0.0535307,0.795815,-1.58622,-0.050624,0.793937,-1.58808,0.0574062,0.800417,-1.58162,1.25781,0.320312,4.07812,-1.10938,0.417969,4.48828,-1.25781,0.417969,4.63672,1.21094,0.21875,4.30078,415,462,420,498,1,1,1,1
0.721119,0.0563162,0.79424,-1.58242,-0.0535307,0.795815,-1.58622,-0.050624,0.793937,-1.58808,0.0574062,0.800417,-1.58162,1.25781,0.320312,4.07812,-1.10938,0.417969,4.48828,-1.25781,0.417969,4.63672,1.21094,0.21875,4.30078,415,462,420,498,1,1,1,1
0.731326,0.0563162,0.79424,-1.58242,-0.0535307,0.795815,-1.58622,-0.050624,0.793937,-1.58808,0.0574062,0.800417,-1.58162,1.25781,0.320312,4.07812,-1.10938,0.417969,4.48828,-1.25781,0.417969,4.63672,1.21094,0.21875,4.30078,415,462,420,498,1,1,1,1
0.742059,0.0563162,0.79424,-1.58238,-0.0535307,0.795754,-1.58622,-0.050624,0.793877,-1.58804,0.0573456,0.800356,-1.5817,1.25781,0.292969,4.22656,-1.13672,0.292969,4.48828,-1.38281,0.441406,4.5625,1.21094,0.171875,4.44922,415,461,420,498,1,1,1,1
0.75248,0.0563162,0.79424,-1.58238,-0.0535307,0.795754,-1.58622,-0.050624,0.793877,-1.58804,0.0573456,0.800356,-1.5817,1.25781,0.292969,4.22656,-1.13672,0.292969,4.48828,-1.38281,0.441406,4.5625,1.21094,0.171875,4.44922,415,461,420,498,1,1,1,1
0.762934,0.0563162,0.79424,-1.58238,-0.0535307,0.795754,-1.58622,-0.050624,0.793877,-1.58804,0.0573456,0.800356,-1.5817,1.25781,0.292969,4.22656,-1.13672,0.292969,4.48828,-1.38281,0.441406,4.5625,1.21094,0.171875,4.44922,415,461,420,498,1,1,1,1
0.773632,0.0563162,0.79424,-1.58238,-0.0535307,0.795754,-1.58622,-0.050624,0.793877,-1.58804,0.0573456,0.800356,-1.5817,1.25781,0.292969,4.22656,-1.13672,0.292969,4.48828,-1.38281,0.441406,4.5625,1.21094,0.171875,4.44922,415,461,420,498,1,1,1,1
0.783801,0.0563162,0.79424,-1.58238,-0.0535307,0.795754,-1.58622,-0.050624,0.793877,-1.58804,0.0573456,0.800356,-1.5817,1.25781,0.292969,4.22656,-1.13672,0.292969,4.48828,-1.38281,0.441406,4.5625,1.21094,0.171875,4.44922,415,461,420,498,1,1,1,1
0.794245,0.0563162,0.79424,-1.58238,-0.0535307,0.795754,-1.58622,-0.050624,0.793877,-1.58804,0.0573456,0.800356,-1.5817,1.25781,0.292969,4.22656,-1.13672,0.292969,4.48828,-1.38281,0.441406,4.5625,1.21094,0.171875,4.44922,415,461,420,498,1,1,1,1
0.80498,0.0563162,0.79424,-1.58238,-0.0535307,0.795754,-1.58622,-0.050624,0.793877,-1.58804,0.0573456,0.800356,-1.5817,1.25781,0.292969,4.22656,-1.13672,0.292969,4.48828,-1.38281,0.441406,4.5625,1.21094,0.171875,4.44922,415,461,420,498,1,1,1,1
0.815312,0.0563162,0.79424,-1.58238,-0.0535307,0.795754,-1.58622,-0.050624,0.793877,-1.58808,0.0574062,0.800356,-1.58166,1.18359,0.320312,4.07812,-1.13672,0.417969,4.375,-1.40625,0.34375,4.63672,1.13672,0.246094,4.22656,415,461,420,498,1,1,1,1
0.825779,0.0563162,0.79424,-1.58238,-0.0535307,0.795754,-1.58622,-0.050624,0.793877,-1.58808,0.0574062,0.800356,-1.58166,1.18359,0.320312,4.07812,-1.13672,0.417969,4.375,-1.40625,0.34375,4.63672,1.13672,0.246094,4.22656,415,461,420,498,1,1,1,1
0.836349,0.0563162,0.79424,-1.58238,-0.0535307,0.795754,-1.58622,-0.050624,0.793877,-1.58808,0.0574062,0.800356,-1.58166,1.18359,0.320312,4.07812,-1.13672,0.417969,4.375,-1.40625,0.34375,4.63672,1.13672,0.246094,4.22656,415,461,420,498,1,1,1,1
0.847098,0.0563162,0.79424,-1.58238,-0.0535307,0.795754,-1.58622,-0.050624,0.793877,-1.58808,0.0574062,0.800356,-1.58166,1.18359,0.320312,4.07812,-1.13672,0.417969,4.375,-1.40625,0.34375,4.63672,1.13672,0.246094,4.22656,415,461,420,498,1,1,1,1
0.857564,0.0562556,0.79418,-1.58238,-0.0535307,0.795754,-1.58622,-0.0506846,0.793877,-1.58808,0.0574062,0.800356,-1.58166,1.16016,0.292969,3.96875,-1.18359,0.367188,4.33984,-1.30859,0.367188,4.78516,1.18359,0.195312,4.33984,415,462,420,499,1,1,1,1
0.867982,0.0562556,0.79418,-1.58238,-0.0535307,0.795754,-1.58622,-0.0506846,0.793877,-1.58808,0.0574062,0.800356,-1.58166,1.16016,0.292969,3.96875,-1.18359,0.367188,4.33984,-1.30859,0.367188,4.78516,1.18359,0.195312,4.33984,415,462,420,499,1,1,1,1
0.878771,0.0562556,0.79418,-1.58238,-0.0535307,0.795754,-1.58622,-0.0506846,0.793877,-1.58808,0.0574062,0.800356,-1.58166,1.16016,0.292969,3.96875,-1.18359,0.367188,4.33984,-1.30859,0.367188,4.78516,1.18359,0.195312,4.33984,415,462,420,499,1,1,1,1
0.889253,0.0562556,0.79418,-1.58238,-0.0535307,0.795754,-1.58622,-0.0506846,0.793877,-1.58808,0.0574062,0.800356,-1.58166,1.16016,0.292969,3.96875,-1.18359,0.367188,4.33984,-1.30859,0.367188,4.78516,1.18359,0.195312,4.33984,415,462,420,499,1,1,1,1
0.899554,0.0563162,0.79424,-1.58242,-0.0535307,0.795754,-1.58622,-0.050624,0.793816,-1.58808,0.0574062,0.800356,-1.58166,1.21094,0.320312,4.11719,-1.13672,0.320312,4.44922,-1.38281,0.394531,4.48828,1.21094,0.195312,4.19141,415,462,420,498,1,1,1,1
0.910537,0.0563162,0.79424,-1.58242,-0.0535307,0.795754,-1.58622,-0.050624,0.793816,-1.58808,0.0574062,0.800356,-1.58166,1.21094,0.320312,4.11719,-1.13672,0.320312,4.44922,-1.38281,0.394531,4.48828,1.21094,0.195312,4.19141,415,462,420,498,1,1,1,1
0.920813,0.0563162,0.79424,-1.58242,-0.0535307,0.795754,-1.58622,-0.050624,0.793816,-1.58808,0.0574062,0.800356,-1.58166,1.21094,0.320312,4.11719,-1.13672,0.320312,4.44922,-1.38281,0.394531,4.48828,1.21094,0.195312,4.19141,415,462,420,498,1,1,1,1
0.931256,0.0563162,0.79424,-1.58238,-0.0535912,0.795754,-1.58622,-0.0506846,0.793816,-1.58808,0.0573456,0.800296,-1.58166,1.28516,0.542969,4.04297,-1.21094,0.417969,4.30078,-1.38281,0.417969,4.5625,1.28516,0.246094,4.15234,415,462,420,498,1,1,1,1
0.941416,0.0563162,0.79424,-1.58238,-0.0535912,0.795754,-1.58622,-0.0506846,0.793816,-1.58808,0.0573456,0.800296,-1.58166,1.28516,0.542969,4.04297,-1.21094,0.417969,4.30078,-1.38281,0.417969,4.5625,1.28516,0.246094,4.15234,415,462,420,498,1,1,1,1
0.951682,0.0563162,0.79424,-1.58238,-0.0535912,0.795754,-1.58622,-0.0506846,0.793816,-1.58808,0.0573456,0.800296,-1.58166,1.28516,0.542969,4.04297,-1.21094,0.417969,4.30078,-1.38281,0.417969,4.5625,1.28516,0.246094,4.15234,415,462,420,498,1,1,1,1
0.961913,0.0563162,0.79424,-1.58238,-0.0535912,0.795754,-1.58622,-0.0506846,0.793816,-1.58808,0.0573456,0.800296,-1.58166,1.28516,0.542969,4.04297,-1.21094,0.417969,4.30078,-1.38281,0.417969,4.5625,1.28516,0.246094,4.15234,415,462,420,498,1,1,1,1
0.97212,0.0563162,0.79424,-1.58238,-0.0535912,0.795754,-1.58622,-0.0506846,0.793816,-1.58808,0.0573456,0.800296,-1.58166,1.28516,0.542969,4.04297,-1.21094,0.417969,4.30078,-1.38281,0.417969,4.5625,1.28516,0.246094,4.15234,415,462,420,498,1,1,1,1
0.982362,0.0562556,0.79418,-1.58238,-0.0535307,0.795693,-1.58626,-0.050624,0.793816,-1.58808,0.0573456,0.800356,-1.58162,1.23438,0.269531,4.00391,-1.01172,0.320312,4.30078,-1.35938,0.34375,4.52344,1.23438,0.246094,4.15234,415,462,420,498,1,1,1,1
0.993309,0.0562556,0.79418,-1.58238,-0.0535307,0.795693,-1.58626,-0.050624,0.793816,-1.58808,0.0573456,0.800356,-1.58162,1.23438,0.269531,4.00391,-1.01172,0.320312,4.30078,-1.35938,0.34375,4.52344,1.23438,0.246094,4.15234,415,462,420,498,1,1,1,1
1.00348,0.0562556,0.79418,-1.58238,-0.0535307,0.795693,-1.58626,-0.050624,0.793816,-1.58808,0.0573456,0.800356,-1.58162,1.23438,0.269531,4.00391,-1.01172,0.320312,4.30078,-1.35938,0.34375,4.52344,1.23438,0.246094,4.15234,415,462,420,498,1,1,1,1
1.01377,0.0563162,0.79418,-1.58238,-0.0535912,0.795693,-1.58622,-0.0506846,0.793877,-1.58808,0.0574062,0.800356,-1.58162,1.33203,0.292969,4.11719,-1.13672,0.394531,4.375,-1.38281,0.417969,4.52344,1.18359,0.269531,4.19141,415,461,420,498,1,1,1,1
1.02399,0.0563162,0.79418,-1.58238,-0.0535912,0.795693,-1.58622,-0.0506846,0.793877,-1.58808,0.0574062,0.800356,-1.58162,1.33203,0.292969,4.11719,-1.13672,0.394531,4.375,-1.38281,0.417969,4.52344,1.18359,0.269531,4.19141,415,461,420,498,1,1,1,1
1.03495,0.0563162,0.79418,-1.58238,-0.0535912,0.795693,-1.58622,-0.0506846,0.793877,-1.58808,0.0574062,0.800356,-1.58162,1.33203,0.292969,4.11719,-1.13672,0.394531,4.375,-1.38281,0.417969,4.52344,1.18359,0.269531,4.19141,415,461,420,498,1,1,1,1
1.04538,0.0563162,0.79418,-1.58238,-0.0535912,0.795693,-1.58622,-0.0506846,0.793877,-1.58808,0.0574062,0.800356,-1.58162,1.33203,0.292969,4.11719,-1.13672,0.394531,4.375,-1.38281,0.417969,4.52344,1.18359,0.269531,4.19141,415,461,420,498,1,1,1,1
1.05556,0.0563162,0.79418,-1.58234,-0.0535912,0.795693,-1.58618,-0.0506846,0.793816,-1.588,0.0574062,0.800356,-1.58162,1.33203,0.292969,4.30078,-1.13672,0.34375,4.59766,-1.35938,0.394531,4.82031,1.30859,0.21875,4.44922,415,461,421,498,1,1,1,1
1.06672,0.0563162,0.79418,-1.58234,-0.0535912,0.795693,-1.58618,-0.0506846,0.793816,-1.588,0.0574062,0.800356,-1.58162,1.33203,0.292969,4.30078,-1.13672,0.34375,4.59766,-1.35938,0.394531,4.82031,1.30859,0.21875,4.44922,415,461,421,498,1,1,1,1
1.07697,0.0563162,0.79418,-1.58234,-0.0535912,0.795693,-1.58618,-0.0506846,0.793816,-1.588,0.0574062,0.800356,-1.58162,1.33203,0.292969,4.30078,-1.13672,0.34375,4.59766,-1.35938,0.394531,4.82031,1.30859,0.21875,4.44922,415,461,421,498,1,1,1,1
1.08715,0.0563162,0.79418,-1.58234,-0.0535912,0.795693,-1.58618,-0.0506846,0.793816,-1.588,0.0574062,0.800356,-1.58162,1.33203,0.292969,4.30078,-1.13672,0.34375,4.59766,-1.35938,0.394531,4.82031,1.30859,0.21875,4.44922,415,461,421,498,1,1,1,1
1.09742,0.0563162,0.79418,-1.58234,-0.0535912,0.795693,-1.58618,-0.0506846,0.793816,-1.588,0.0574062,0.800356,-1.58162,1.33203,0.292969,4.30078,-1.13672,0.34375,4.59766,-1.35938,0.394531,4.82031,1.30859,0.21875,4.44922,415,461,421,498,1,1,1,1
1.1076,0.0563162,0.79418,-1.58234,-0.0535912,0.795693,-1.58618,-0.0506846,0.793816,-1.588,0.0574062,0.800356,-1.58162,1.33203,0.292969,4.30078,-1.13672,0.34375,4.59766,-1.35938,0.394531,4.82031,1.30859,0.21875,4.44922,415,461,421,498,1,1,1,1
1.11809,0.0563162,0.79418,-1.58234,-0.0535912,0.795693,-1.58618,-0.0506846,0.793816,-1.588,0.0574062,0.800356,-1.58162,1.33203,0.292969,4.30078,-1.13672,0.34375,4.59766,-1.35938,0.394531,4.82031,1.30859,0.21875,4.44922,415,461,421,498,1,1,1,1
1.12822,0.0563162,0.79418,-1.58234,-0.0535912,0.795693,-1.58618,-0.0506846,0.793816,-1.588,0.0574062,0.800356,-1.58162,1.33203,0.292969,4.30078,-1.13672,0.34375,4.59766,-1.35938,0.394531,4.82031,1.30859,0.21875,4.44922,415,461,421,498,1,1,1,1
1.13836,0.0563162,0.79418,-1.58234,-0.0535912,0.795693,-1.58618,-0.0506846,0.793816,-1.588,0.0574062,0.800356,-1.58162,1.33203,0.292969,4.30078,-1.13672,0.34375,4.59766,-1.35938,0.394531,4.82031,1.30859,0.21875,4.44922,415,461,421,498,1,1,1,1
1.14875,0.0563162,0.79418,-1.58234,-0.0535912,0.795693,-1.58618,-0.0506846,0.793816,-1.588,0.0574062,0.800356,-1.58162,1.33203,0.292969,4.30078,-1.13672,0.34375,4.59766,-1.35938,0.394531,4.82031,1.30859,0.21875,4.44922,415,461,421,498,1,1,1,1
1.15895,0.0563162,0.79418,-1.58234,-0.0535912,0.795693,-1.58618,-0.0506846,0.793816,-1.588,0.0574062,0.800356,-1.58162,1.33203,0.292969,4.30078,-1.13672,0.34375,4.59766,-1.35938,0.394531,4.82031,1.30859,0.21875,4.44922,415,461,421,498,1,1,1,1
1.16935,0.0563162,0.79418,-1.58234,-0.0535912,0.795693,-1.58618,-0.0506846,0.793816,-1.588,0.0574062,0.800356,-1.58162,1.33203,0.292969,4.30078,-1.13672,0.34375,4.59766,-1.35938,0.394531,4.82031,1.30859,0.21875,4.44922,415,461,421,498,1,1,1,1
1.18009,0.0583751,0.793877,-1.58121,-0.0538334,0.797026,-1.58529,-0.051714,0.793392,-1.58707,0.0581934,0.80181,-1.58069,2.66797,-0.492188,8.38281,0.195312,3.90625,-5.97266,-2.51953,-0.640625,9.46094,0,3.88281,-6.15625,413,463,421,498,1,1,1,1
1.19025,0.0583751,0.793877,-1.58121,-0.0538334,0.797026,-1.58529,-0.051714,0.793392,-1.58707,0.0581934,0.80181,-1.58069,2.66797,-0.492188,8.38281,0.195312,3.90625,-5.97266,-2.51953,-0.640625,9.46094,0,3.88281,-6.15625,413,463,421,498,1,1,1,1
1.20064,0.0583751,0.793877,-1.58121,-0.0538334,0.797026,-1.58529,-0.051714,0.793392,-1.58707,0.0581934,0.80181,-1.58069,2.66797,-0.492188,8.38281,0.195312,3.90625,-5.97266,-2.51953,-0.640625,9.46094,0,3.88281,-6.15625,413,463,421,498,1,1,1,1
1.21138,0.0564373,0.800477,-1.57015,-0.0647939,0.956467,-1.91568,-0.052804,0.797692,-1.575,0.0643095,0.963552,-1.91172,3.98047,0.246094,8.94141,0.960938,-0.320312,2.78125,-2.71875,0.046875,9.90625,-1.62891,-0.21875,2,669,98,111,909,1,0,0,1
1.22368,0.0564373,0.800477,-1.57015,-0.0647939,0.956467,-1.91568,-0.052804,0.797692,-1.575,0.0643095,0.963552,-1.91172,3.98047,0.246094,8.94141,0.960938,-0.320312,2.78125,-2.71875,0.046875,9.90625,-1.62891,-0.21875,2,669,98,111,909,1,0,0,1
1.23394,0.0564373,0.800477,-1.57015,-0.0647939,0.956467,-1.91568,-0.052804,0.797692,-1.575,0.0643095,0.963552,-1.91172,3.98047,0.246094,8.94141,0.960938,-0.320312,2.78125,-2.71875,0.046875,9.90625,-1.62891,-0.21875,2,669,98,111,909,1,0,0,1
1.24463,0.0564373,0.800477,-1.57015,-0.0647939,0.956467,-1.91568,-0.052804,0.797692,-1.575,0.0643095,0.963552,-1.91172,3.98047,0.246094,8.94141,0.960938,-0.320312,2.78125,-2.71875,0.046875,9.90625,-1.62891,-0.21875,2,669,98,111,909,1,0,0,1
1.25508,0.0551051,0.804958,-1.57112,-0.0569823,1.00122,-2.01592,-0.0594651,0.796844,-1.57411,0.0583751,0.999159,-2.01378,3.36328,2.05078,10.7227,-0.121094,-1.82812,3.74609,-4.03125,3.28906,10.5352,0.0234375,-1.55469,3.63281,762,113,125,697,1,0,0,1
1.26531,0.0551051,0.804958,-1.57112,-0.0569823,1.00122,-2.01592,-0.0594651,0.796844,-1.57411,0.0583751,0.999159,-2.01378,3.36328,2.05078,10.7227,-0.121094,-1.82812,3.74609,-4.03125,3.28906,10.5352,0.0234375,-1.55469,3.63281,762,113,125,697,1,0,0,1
1.27552,0.0551051,0.804958,-1.57112,-0.0569823,1.00122,-2.01592,-0.0594651,0.796844,-1.57411,0.0583751,0.999159,-2.01378,3.36328,2.05078,10.7227,-0.121094,-1.82812,3.74609,-4.03125,3.28906,10.5352,0.0234375,-1.55469,3.63281,762,113,125,697,1,0,0,1
1.28568,0.0551051,0.804958,-1.57112,-0.0569823,1.00122,-2.01592,-0.0594651,0.796844,-1.57411,0.0583751,0.999159,-2.01378,3.36328,2.05078,10.7227,-0.121094,-1.82812,3.74609,-4.03125,3.28906,10.5352,0.0234375,-1.55469,3.63281,762,113,125,697,1,0,0,1
1.2969,0.0606156,0.802839,-1.56934,-0.0525012,0.83572,-1.66575,-0.0532279,0.796965,-1.57375,0.0336686,0.831905,-1.65392,3.14062,0.246094,7.56641,0.394531,6.18359,-2.1875,-3.95703,0.738281,9.38672,0.492188,6.82422,-2.07422,533,111,123,672,1,0,0,1
1.30724,0.0606156,0.802839,-1.56934,-0.0525012,0.83572,-1.66575,-0.0532279,0.796965,-1.57375,0.0336686,0.831905,-1.65392,3.14062,0.246094,7.56641,0.394531,6.18359,-2.1875,-3.95703,0.738281,9.38672,0.492188,6.82422,-2.07422,533,111,123,672,1,0,0,1
1.31748,0.0606156,0.802839,-1.56934,-0.0525012,0.83572,-1.66575,-0.0532279,0.796965,-1.57375,0.0336686,0.831905,-1.65392,3.14062,0.246094,7.56641,0.394531,6.18359,-2.1875,-3.95703,0.738281,9.38672,0.492188,6.82422,-2.07422,533,111,123,672,1,0,0,1
1.32773,0.0606156,0.802839,-1.56934,-0.0525012,0.83572,-1.66575,-0.0532279,0.796965,-1.57375,0.0336686,0.831905,-1.65392,3.14062,0.246094,7.56641,0.394531,6.18359,-2.1875,-3.95703,0.738281,9.38672,0.492188,6.82422,-2.07422,533,111,123,672,1,0,0,1
1.33827,0.0462035,0.88695,-1.74923,-0.0609789,0.805322,-1.5603,-0.0445685,0.882166,-1.76296,0.0407536,0.796662,-1.56499,-2.19922,1.48047,-3.375,-4.44922,0,9.53516,1.30859,0.34375,-3.59766,4.12891,0.121094,11.8711,36,948,915,123,0,1,1,0
1.34865,0.0462035,0.88695,-1.74923,-0.0609789,0.805322,-1.5603,-0.0445685,0.882166,-1.76296,0.0407536,0.796662,-1.56499,-2.19922,1.48047,-3.375,-4.44922,0,9.53516,1.30859,0.34375,-3.59766,4.12891,0.121094,11.8711,36,948,915,123,0,1,1,0
1.35886,0.0462035,0.88695,-1.74923,-0.0609789,0.805322,-1.5603,-0.0445685,0.882166,-1.76296,0.0407536,0.796662,-1.56499,-2.19922,1.48047,-3.375,-4.44922,0,9.53516,1.30859,0.34375,-3.59766,4.12891,0.121094,11.8711,36,948,915,123,0,1,1,0
1.37045,0.0462035,0.88695,-1.74923,-0.0609789,0.805322,-1.5603,-0.0445685,0.882166,-1.76296,0.0407536,0.796662,-1.56499,-2.19922,1.48047,-3.375,-4.44922,0,9.53516,1.30859,0.34375,-3.59766,4.12891,0.121094,11.8711,36,948,915,123,0,1,1,0
1.38331,0.0655206,1.06244,-2.121,-0.0600101,0.820218,-1.57435,-0.0666711,1.0522,-2.13517,0.050624,0.810711,-1.56886,0.394531,-1.25781,2.74219,-5.53906,1.77734,9.90625,0,-1.30859,2.81641,4.375,3.23828,11.3164,50,925,805,128,0,1,1,0
1.39358,0.0655206,1.06244,-2.121,-0.0600101,0.820218,-1.57435,-0.0666711,1.0522,-2.13517,0.050624,0.810711,-1.56886,0.394531,-1.25781,2.74219,-5.53906,1.77734,9.90625,0,-1.30859,2.81641,4.375,3.23828,11.3164,50,925,805,128,0,1,1,0
1.40367,0.0655206,1.06244,-2.121,-0.0600101,0.820218,-1.57435,-0.0666711,1.0522,-2.13517,0.050624,0.810711,-1.56886,0.394531,-1.25781,2.74219,-5.53906,1.77734,9.90625,0,-1.30859,2.81641,4.375,3.23828,11.3164,50,925,805,128,0,1,1,0
1.41397,0.0592834,0.994556,-1.99367,-0.0640673,0.820945,-1.5714,-0.0502607,0.984807,-1.99743,0.0478385,0.811559,-1.56398,-0.320312,-1.30859,2.92969,-3.1875,2.37109,8.94141,-0.0703125,-0.863281,2.89062,3.68359,2.91797,9.86719,57,631,586,138,0,1,1,0
1.42421,0.0592834,0.994556,-1.99367,-0.0640673,0.820945,-1.5714,-0.0502607,0.984807,-1.99743,0.0478385,0.811559,-1.56398,-0.320312,-1.30859,2.92969,-3.1875,2.37109,8.94141,-0.0703125,-0.863281,2.89062,3.68359,2.91797,9.86719,57,631,586,138,0,1,1,0
1.43443,0.0592834,0.994556,-1.99367,-0.0640673,0.820945,-1.5714,-0.0502607,0.984807,-1.99743,0.0478385,0.811559,-1.56398,-0.320312,-1.30859,2.92969,-3.1875,2.37109,8.94141,-0.0703125,-0.863281,2.89062,3.68359,2.91797,9.86719,57,631,586,138,0,1,1,0
1.44465,0.0592834,0.994556,-1.99367,-0.0640673,0.820945,-1.5714,-0.0502607,0.984807,-1.99743,0.0478385,0.811559,-1.56398,-0.320312,-1.30859,2.92969,-3.1875,2.37109,8.94141,-0.0703125,-0.863281,2.89062,3.68359,2.91797,9.86719,57,631,586,138,0,1,1,0
1.45481,0.0578906,0.824033,-1.63208,-0.0646728,0.830513,-1.56684,-0.0415408,0.823246,-1.62711,0.044508,0.819916,-1.55978,-0.789062,4.47656,-13.207,-3.92969,0.46875,8.60547,0.46875,2.59375,-13.0977,3.33594,0.0976562,10.6484,58,678,730,196,0,1,1,0
1.46506,0.0578906,0.824033,-1.63208,-0.0646728,0.830513,-1.56684,-0.0415408,0.823246,-1.62711,0.044508,0.819916,-1.55978,-0.789062,4.47656,-13.207,-3.92969,0.46875,8.60547,0.46875,2.59375,-13.0977,3.33594,0.0976562,10.6484,58,678,730,196,0,1,1,0
1.47521,0.0578906,0.824033,-1.63208,-0.0646728,0.830513,-1.56684,-0.0415408,0.823246,-1.62711,0.044508,0.819916,-1.55978,-0.789062,4.47656,-13.207,-3.92969,0.46875,8.60547,0.46875,2.59375,-13.0977,3.33594,0.0976562,10.6484,58,678,730,196,0,1,1,0
1.48542,0.0578906,0.824033,-1.63208,-0.0646728,0.830513,-1.56684,-0.0415408,0.823246,-1.62711,0.044508,0.819916,-1.55978,-0.789062,4.47656,-13.207,-3.92969,0.46875,8.60547,0.46875,2.59375,-13.0977,3.33594,0.0976562,10.6484,58,678,730,196,0,1,1,0
1.49564,0.0716366,0.81604,-1.56159,-0.0586173,0.911293,-1.74831,-0.0525618,0.821369,-1.57693,0.0376047,0.909416,-1.74572,4.20312,0.9375,9.27344,1.95312,0.765625,-3.67188,-4.07812,1.40625,11.3516,-1.23438,0.839844,-3.44922,741,99,87,897,1,0,0,1
1.50603,0.0716366,0.81604,-1.56159,-0.0586173,0.911293,-1.74831,-0.0525618,0.821369,-1.57693,0.0376047,0.909416,-1.74572,4.20312,0.9375,9.27344,1.95312,0.765625,-3.67188,-4.07812,1.40625,11.3516,-1.23438,0.839844,-3.44922,741,99,87,897,1,0,0,1
1.51638,0.0716366,0.81604,-1.56159,-0.0586173,0.911293,-1.74831,-0.0525618,0.821369,-1.57693,0.0376047,0.909416,-1.74572,4.20312,0.9375,9.27344,1.95312,0.765625,-3.67188,-4.07812,1.40625,11.3516,-1.23438,0.839844,-3.44922,741,99,87,897,1,0,0,1
1.52681,0.0716366,0.81604,-1.56159,-0.0586173,0.911293,-1.74831,-0.0525618,0.821369,-1.57693,0.0376047,0.909416,-1.74572,4.20312,0.9375,9.27344,1.95312,0.765625,-3.67188,-4.07812,1.40625,11.3516,-1.23438,0.839844,-3.44922,741,99,87,897,1,0,0,1
1.53709,0.064915,0.836689,-1.56656,-0.0683061,1.08,-2.12992,-0.060434,0.838869,-1.58392,0.0591623,1.07455,-2.13501,4.64844,2.74219,10.1641,-0.121094,-1.85156,3.15234,-4.00391,3.78125,11.168,0.0976562,-1.40625,3.41016,757,91,102,834,1,0,0,1
1.54728,0.064915,0.836689,-1.56656,-0.0683061,1.08,-2.12992,-0.060434,0.838869,-1.58392,0.0591623,1.07455,-2.13501,4.64844,2.74219,10.1641,-0.121094,-1.85156,3.15234,-4.00391,3.78125,11.168,0.0976562,-1.40625,3.41016,757,91,102,834,1,0,0,1
1.55754,0.064915,0.836689,-1.56656,-0.0683061,1.08,-2.12992,-0.060434,0.838869,-1.58392,0.0591623,1.07455,-2.13501,4.64844,2.74219,10.1641,-0.121094,-1.85156,3.15234,-4.00391,3.78125,11.168,0.0976562,-1.40625,3.41016,757,91,102,834,1,0,0,1
1.56771,0.064915,0.836689,-1.56656,-0.0683061,1.08,-2.12992,-0.060434,0.838869,-1.58392,0.0591623,1.07455,-2.13501,4.64844,2.74219,10.1641,-0.121094,-1.85156,3.15234,-4.00391,3.78125,11.168,0.0976562,-1.40625,3.41016,757,91,102,834,1,0,0,1
1.578,0.0657022,0.847468,-1.5628,-0.0516535,0.974331,-1.99787,-0.0596467,0.850677,-1.58259,0.0544996,0.972817,-2.0007,2.86719,2.32422,8.71875,0.640625,-0.171875,2.78125,-3.23828,2.57031,9.42188,-0.0234375,-0.617188,2.29688,517,102,112,623,1,0,0,1
1.58823,0.0657022,0.847468,-1.5628,-0.0516535,0.974331,-1.99787,-0.0596467,0.850677,-1.58259,0.0544996,0.972817,-2.0007,2.86719,2.32422,8.71875,0.640625,-0.171875,2.78125,-3.23828,2.57031,9.42188,-0.0234375,-0.617188,2.29688,517,102,112,623,1,0,0,1
1.59906,0.0657022,0.847468,-1.5628,-0.0516535,0.974331,-1.99787,-0.0596467,0.850677,-1.58259,0.0544996,0.972817,-2.0007,2.86719,2.32422,8.71875,0.640625,-0.171875,2.78125,-3.23828,2.57031,9.42188,-0.0234375,-0.617188,2.29688,517,102,112,623,1,0,0,1
1.6092,0.0657022,0.847468,-1.5628,-0.0516535,0.974331,-1.99787,-0.0596467,0.850677,-1.58259,0.0544996,0.972817,-2.0007,2.86719,2.32422,8.71875,0.640625,-0.171875,2.78125,-3.23828,2.57031,9.42188,-0.0234375,-0.617188,2.29688,517,102,112,623,1,0,0,1
1.6194,0.0635223,0.869086,-1.55933,-0.0408747,0.795936,-1.619,-0.0558318,0.87054,-1.5815,0.0531068,0.801143,-1.62328,3.33594,0.21875,8.64453,0.714844,3.68359,-13.2812,-2.91797,-0.292969,10.2031,-0.417969,2.51953,-13.6523,573,139,340,791,1,0,1,1
1.62964,0.0635223,0.869086,-1.55933,-0.0408747,0.795936,-1.619,-0.0558318,0.87054,-1.5815,0.0531068,0.801143,-1.62328,3.33594,0.21875,8.64453,0.714844,3.68359,-13.2812,-2.91797,-0.292969,10.2031,-0.417969,2.51953,-13.6523,573,139,340,791,1,0,1,1
1.64376,0.0635223,0.869086,-1.55933,-0.0408747,0.795936,-1.619,-0.0558318,0.87054,-1.5815,0.0531068,0.801143,-1.62328,3.33594,0.21875,8.64453,0.714844,3.68359,-13.2812,-2.91797,-0.292969,10.2031,-0.417969,2.51953,-13.6523,573,139,340,791,1,0,1,1
1.65424,0.0505029,0.961493,-1.74633,-0.0525012,0.807138,-1.56503,-0.0518957,0.97094,-1.76716,0.06219,0.807441,-1.56559,-2.07422,0.914062,-3.82031,-4.69922,0.617188,10.3516,1.03516,0.515625,-3.70703,4.89453,1.53125,12.0195,32,878,925,115,0,1,1,0
1.66569,0.0505029,0.961493,-1.74633,-0.0525012,0.807138,-1.56503,-0.0518957,0.97094,-1.76716,0.06219,0.807441,-1.56559,-2.07422,0.914062,-3.82031,-4.69922,0.617188,10.3516,1.03516,0.515625,-3.70703,4.89453,1.53125,12.0195,32,878,925,115,0,1,1,0
1.67658,0.0505029,0.961493,-1.74633,-0.0525012,0.807138,-1.56503,-0.0518957,0.97094,-1.76716,0.06219,0.807441,-1.56559,-2.07422,0.914062,-3.82031,-4.69922,0.617188,10.3516,1.03516,0.515625,-3.70703,4.89453,1.53125,12.0195,32,878,925,115,0,1,1,0
1.6879,0.0505029,0.961493,-1.74633,-0.0525012,0.807138,-1.56503,-0.0518957,0.97094,-1.76716,0.06219,0.807441,-1.56559,-2.07422,0.914062,-3.82031,-4.69922,0.617188,10.3516,1.03516,0.515625,-3.70703,4.89453,1.53125,12.0195,32,878,925,115,0,1,1,0
1.69829,0.0697594,1.10834,-2.13226,-0.0514112,0.838506,-1.56821,-0.0650967,1.1107,-2.14987,0.0675794,0.841473,-1.57681,0.914062,-1.77734,2.59375,-4.30078,2.39844,10.4609,-0.21875,-1.50781,3.11328,4.22656,3.46094,10.6094,46,809,767,124,0,1,1,0
1.70857,0.0697594,1.10834,-2.13226,-0.0514112,0.838506,-1.56821,-0.0650967,1.1107,-2.14987,0.0675794,0.841473,-1.57681,0.914062,-1.77734,2.59375,-4.30078,2.39844,10.4609,-0.21875,-1.50781,3.11328,4.22656,3.46094,10.6094,46,809,767,124,0,1,1,0
1.71879,0.0697594,1.10834,-2.13226,-0.0514112,0.838506,-1.56821,-0.0650967,1.1107,-2.14987,0.0675794,0.841473,-1.57681,0.914062,-1.77734,2.59375,-4.30078,2.39844,10.4609,-0.21875,-1.50781,3.11328,4.22656,3.46094,10.6094,46,809,767,124,0,1,1,0
1.73436,0.0697594,1.10834,-2.13226,-0.0514112,0.838506,-1.56821,-0.0650967,1.1107,-2.14987,0.0675794,0.841473,-1.57681,0.914062,-1.77734,2.59375,-4.30078,2.39844,10.4609,-0.21875,-1.50781,3.11328,4.22656,3.46094,10.6094,46,809,767,124,0,1,1,0
1.74453,0.0641278,0.960706,-2.00756,-0.0529251,0.857581,-1.5559,-0.0466274,0.959132,-2.01132,0.0664289,0.862243,-1.56692,-0.34375,-0.640625,3.22656,-3.06641,1.62891,9.53516,0.195312,-0.246094,2.81641,3.66016,1.85156,9.49609,53,662,573,133,0,1,1,0
1.75477,0.0641278,0.960706,-2.00756,-0.0529251,0.857581,-1.5559,-0.0466274,0.959132,-2.01132,0.0664289,0.862243,-1.56692,-0.34375,-0.640625,3.22656,-3.06641,1.62891,9.53516,0.195312,-0.246094,2.81641,3.66016,1.85156,9.49609,53,662,573,133,0,1,1,0
1.7653,0.0641278,0.960706,-2.00756,-0.0529251,0.857581,-1.5559,-0.0466274,0.959132,-2.01132,0.0664289,0.862243,-1.56692,-0.34375,-0.640625,3.22656,-3.06641,1.62891,9.53516,0.195312,-0.246094,2.81641,3.66016,1.85156,9.49609,53,662,573,133,0,1,1,0
1.77554,0.0630378,0.765537,-1.63454,-0.0528646,0.884043,-1.54532,-0.0380286,0.7702,-1.62679,0.0643095,0.885254,-1.56281,-0.394531,5.01953,-2.66797,-3.36328,-0.589844,8.97656,0.121094,4.32812,-2.96484,3.36328,-1.53125,10.2773,55,694,707,154,0,1,1,0
1.78574,0.0630378,0.765537,-1.63454,-0.0528646,0.884043,-1.54532,-0.0380286,0.7702,-1.62679,0.0643095,0.885254,-1.56281,-0.394531,5.01953,-2.66797,-3.36328,-0.589844,8.97656,0.121094,4.32812,-2.96484,3.36328,-1.53125,10.2773,55,694,707,154,0,1,1,0
1.79601,0.0630378,0.765537,-1.63454,-0.0528646,0.884043,-1.54532,-0.0380286,0.7702,-1.62679,0.0643095,0.885254,-1.56281,-0.394531,5.01953,-2.66797,-3.36328,-0.589844,8.97656,0.121094,4.32812,-2.96484,3.36328,-1.53125,10.2773,55,694,707,154,0,1,1,0
1.80626,0.0630378,0.765537,-1.63454,-0.0528646,0.884043,-1.54532,-0.0380286,0.7702,-1.62679,0.0643095,0.885254,-1.56281,-0.394531,5.01953,-2.66797,-3.36328,-0.589844,8.97656,0.121094,4.32812,-2.96484,3.36328,-1.53125,10.2773,55,694,707,154,0,1,1,0
1.81665,0.0786005,0.772925,-1.55824,-0.0477779,0.985412,-1.72429,-0.048989,0.784975,-1.56547,0.0600706,0.996857,-1.74112,5.01953,0.886719,9.79297,2,0.492188,-4.82031,-4.59766,1.85156,11.7969,-1.40625,0.394531,-3.89453,777,95,88,896,1,0,0,1
1.82685,0.0786005,0.772925,-1.55824,-0.0477779,0.985412,-1.72429,-0.048989,0.784975,-1.56547,0.0600706,0.996857,-1.74112,5.01953,0.886719,9.79297,2,0.492188,-4.82031,-4.59766,1.85156,11.7969,-1.40625,0.394531,-3.89453,777,95,88,896,1,0,0,1
1.83708,0.0786005,0.772925,-1.55824,-0.0477779,0.985412,-1.72429,-0.048989,0.784975,-1.56547,0.0600706,0.996857,-1.74112,5.01953,0.886719,9.79297,2,0.492188,-4.82031,-4.59766,1.85156,11.7969,-1.40625,0.394531,-3.89453,777,95,88,896,1,0,0,1
1.84728,0.0786005,0.772925,-1.55824,-0.0477779,0.985412,-1.72429,-0.048989,0.784975,-1.56547,0.0600706,0.996857,-1.74112,5.01953,0.886719,9.79297,2,0.492188,-4.82031,-4.59766,1.85156,11.7969,-1.40625,0.394531,-3.89453,777,95,88,896,1,0,0,1
1.85743,0.0763599,0.814163,-1.56414,-0.057709,1.12342,-2.12359,-0.0544996,0.822822,-1.57177,0.0769655,1.12887,-2.13586,4.87109,2.47266,10.7227,-0.664062,-2.17578,3.15234,-4.42578,4.32812,11.3164,0.394531,-2.14844,3.03906,792,91,103,773,1,0,0,1
1.86764,0.0763599,0.814163,-1.56414,-0.057709,1.12342,-2.12359,-0.0544996,0.822822,-1.57177,0.0769655,1.12887,-2.13586,4.87109,2.47266,10.7227,-0.664062,-2.17578,3.15234,-4.42578,4.32812,11.3164,0.394531,-2.14844,3.03906,792,91,103,773,1,0,0,1
1.87818,0.0763599,0.814163,-1.56414,-0.057709,1.12342,-2.12359,-0.0544996,0.822822,-1.57177,0.0769655,1.12887,-2.13586,4.87109,2.47266,10.7227,-0.664062,-2.17578,3.15234,-4.42578,4.32812,11.3164,0.394531,-2.14844,3.03906,792,91,103,773,1,0,0,1
1.88922,0.0763599,0.814163,-1.56414,-0.057709,1.12342,-2.12359,-0.0544996,0.822822,-1.57177,0.0769655,1.12887,-2.13586,4.87109,2.47266,10.7227,-0.664062,-2.17578,3.15234,-4.42578,4.32812,11.3164,0.394531,-2.14844,3.03906,792,91,103,773,1,0,0,1
1.90234,0.0782371,0.843593,-1.55707,-0.0498974,0.939209,-1.99452,-0.048989,0.851525,-1.56422,0.0581329,0.947202,-2.00393,2.66797,1.53125,8.57031,0.9375,-0.0976562,2.81641,-3.46094,1.53125,8.82812,-0.21875,-0.566406,2.29688,526,100,112,587,1,0,0,1
1.91256,0.0782371,0.843593,-1.55707,-0.0498974,0.939209,-1.99452,-0.048989,0.851525,-1.56422,0.0581329,0.947202,-2.00393,2.66797,1.53125,8.57031,0.9375,-0.0976562,2.81641,-3.46094,1.53125,8.82812,-0.21875,-0.566406,2.29688,526,100,112,587,1,0,0,1
1.92277,0.0782371,0.843593,-1.55707,-0.0498974,0.939209,-1.99452,-0.048989,0.851525,-1.56422,0.0581329,0.947202,-2.00393,2.66797,1.53125,8.57031,0.9375,-0.0976562,2.81641,-3.46094,1.53125,8.82812,-0.21875,-0.566406,2.29688,526,100,112,587,1,0,0,1
1.93343,0.0770866,0.881561,-1.55348,-0.0454163,0.74295,-1.61569,-0.0463852,0.886102,-1.55917,0.0535912,0.752094,-1.62619,3.51172,-0.515625,8.34766,0.367188,3.68359,-12.7266,-2.71875,-2.07422,10.0547,-0.640625,4.05469,-12.5039,582,111,113,802,1,0,0,1
1.9438,0.0770866,0.881561,-1.55348,-0.0454163,0.74295,-1.61569,-0.0463852,0.886102,-1.55917,0.0535912,0.752094,-1.62619,3.51172,-0.515625,8.34766,0.367188,3.68359,-12.7266,-2.71875,-2.07422,10.0547,-0.640625,4.05469,-12.5039,582,111,113,802,1,0,0,1
1.9543,0.0770866,0.881561,-1.55348,-0.0454163,0.74295,-1.61569,-0.0463852,0.886102,-1.55917,0.0535912,0.752094,-1.62619,3.51172,-0.515625,8.34766,0.367188,3.68359,-12.7266,-2.71875,-2.07422,10.0547,-0.640625,4.05469,-12.5039,582,111,113,802,1,0,0,1
1.96936,0.0770866,0.881561,-1.55348,-0.0454163,0.74295,-1.61569,-0.0463852,0.886102,-1.55917,0.0535912,0.752094,-1.62619,3.51172,-0.515625,8.34766,0.367188,3.68359,-12.7266,-2.71875,-2.07422,10.0547,-0.640625,4.05469,-12.5039,582,111,113,802,1,0,0,1
1.98056,0.0634617,0.99171,-1.7385,-0.0544996,0.769231,-1.55421,-0.0422674,1.00303,-1.74487,0.0655206,0.768868,-1.55764,-2,0.566406,-3.96875,-4.47656,1.18359,10.5352,1.43359,0.171875,-3.82031,4.57422,1.62891,12.2422,34,873,967,115,0,1,1,0
1.99091,0.0634617,0.99171,-1.7385,-0.0544996,0.769231,-1.55421,-0.0422674,1.00303,-1.74487,0.0655206,0.768868,-1.55764,-2,0.566406,-3.96875,-4.47656,1.18359,10.5352,1.43359,0.171875,-3.82031,4.57422,1.62891,12.2422,34,873,967,115,0,1,1,0
2.00159,0.0634617,0.99171,-1.7385,-0.0544996,0.769231,-1.55421,-0.0422674,1.00303,-1.74487,0.0655206,0.768868,-1.55764,-2,0.566406,-3.96875,-4.47656,1.18359,10.5352,1.43359,0.171875,-3.82031,4.57422,1.62891,12.2422,34,873,967,115,0,1,1,0
2.01171,0.0782977,1.11918,-2.13497,-0.0503213,0.818523,-1.5597,-0.0591017,1.12299,-2.14381,0.0684272,0.822217,-1.5731,0.9375,-1.97656,2.78125,-3.36328,3.06641,10.9453,-0.714844,-2.14844,3.03906,3.38672,3.33594,10.832,40,816,793,123,0,1,1,0
2.02193,0.0782977,1.11918,-2.13497,-0.0503213,0.818523,-1.5597,-0.0591017,1.12299,-2.14381,0.0684272,0.822217,-1.5731,0.9375,-1.97656,2.78125,-3.36328,3.06641,10.9453,-0.714844,-2.14844,3.03906,3.38672,3.33594,10.832,40,816,793,123,0,1,1,0
2.03264,0.0782977,1.11918,-2.13497,-0.0503213,0.818523,-1.5597,-0.0591017,1.12299,-2.14381,0.0684272,0.822217,-1.5731,0.9375,-1.97656,2.78125,-3.36328,3.06641,10.9453,-0.714844,-2.14844,3.03906,3.38672,3.33594,10.832,40,816,793,123,0,1,1,0
2.04278,0.0782977,1.11918,-2.13497,-0.0503213,0.818523,-1.5597,-0.0591017,1.12299,-2.14381,0.0684272,0.822217,-1.5731,0.9375,-1.97656,2.78125,-3.36328,3.06641,10.9453,-0.714844,-2.14844,3.03906,3.38672,3.33594,10.832,40,816,793,123,0,1,1,0
2.05307,0.0574668,0.92516,-2.00062,-0.0546812,0.853705,-1.54621,-0.0515324,0.923162,-2.00752,0.0703044,0.86079,-1.56535,-0.394531,-0.144531,3.11328,-3.33594,1.10938,8.90234,0.195312,0.171875,2.85547,4.07812,2.07422,9.64453,48,651,557,132,0,1,1,0
2.06327,0.0574668,0.92516,-2.00062,-0.0546812,0.853705,-1.54621,-0.0515324,0.923162,-2.00752,0.0703044,0.86079,-1.56535,-0.394531,-0.144531,3.11328,-3.33594,1.10938,8.90234,0.195312,0.171875,2.85547,4.07812,2.07422,9.64453,48,651,557,132,0,1,1,0
2.07344,0.0574668,0.92516,-2.00062,-0.0546812,0.853705,-1.54621,-0.0515324,0.923162,-2.00752,0.0703044,0.86079,-1.56535,-0.394531,-0.144531,3.11328,-3.33594,1.10938,8.90234,0.195312,0.171875,2.85547,4.07812,2.07422,9.64453,48,651,557,132,0,1,1,0
2.0851,0.0574668,0.92516,-2.00062,-0.0546812,0.853705,-1.54621,-0.0515324,0.923162,-2.00752,0.0703044,0.86079,-1.56535,-0.394531,-0.144531,3.11328,-3.33594,1.10938,8.90234,0.195312,0.171875,2.85547,4.07812,2.07422,9.64453,48,651,557,132,0,1,1,0
2.09546,0.0483835,0.724178,-1.62126,-0.0543179,0.894701,-1.53208,-0.0500185,0.729931,-1.62812,0.0674583,0.89894,-1.56091,-0.417969,4.375,-13.207,-4.12891,-1.50781,8.19922,0.566406,3.41016,-13.207,3.41016,-1.87891,10.2773,50,683,731,135,0,1,1,0
2.10565,0.0483835,0.724178,-1.62126,-0.0543179,0.894701,-1.53208,-0.0500185,0.729931,-1.62812,0.0674583,0.89894,-1.56091,-0.417969,4.375,-13.207,-4.12891,-1.50781,8.19922,0.566406,3.41016,-13.207,3.41016,-1.87891,10.2773,50,683,731,135,0,1,1,0
2.11583,0.0483835,0.724178,-1.62126,-0.0543179,0.894701,-1.53208,-0.0500185,0.729931,-1.62812,0.0674583,0.89894,-1.56091,-0.417969,4.375,-13.207,-4.12891,-1.50781,8.19922,0.566406,3.41016,-13.207,3.41016,-1.87891,10.2773,50,683,731,135,0,1,1,0
2.12607,0.0483835,0.724178,-1.62126,-0.0543179,0.894701,-1.53208,-0.0500185,0.729931,-1.62812,0.0674583,0.89894,-1.56091,-0.417969,4.375,-13.207,-4.12891,-1.50781,8.19922,0.566406,3.41016,-13.207,3.41016,-1.87891,10.2773,50,683,731,135,0,1,1,0
2.13624,0.0656417,0.749672,-1.55207,-0.0446896,1.00933,-1.70802,-0.0589806,0.755667,-1.56224,0.0659445,1.02223,-1.73983,4.84766,0.664062,9.71875,2.10156,0.0976562,-4.78516,-4.10547,2.14844,11.9102,-1.50781,0.441406,-4.07812,834,88,84,920,1,0,0,1
2.14682,0.0656417,0.749672,-1.55207,-0.0446896,1.00933,-1.70802,-0.0589806,0.755667,-1.56224,0.0659445,1.02223,-1.73983,4.84766,0.664062,9.71875,2.10156,0.0976562,-4.78516,-4.10547,2.14844,11.9102,-1.50781,0.441406,-4.07812,834,88,84,920,1,0,0,1
2.15713,0.0656417,0.749672,-1.55207,-0.0446896,1.00933,-1.70802,-0.0589806,0.755667,-1.56224,0.0659445,1.02223,-1.73983,4.84766,0.664062,9.71875,2.10156,0.0976562,-4.78516,-4.10547,2.14844,11.9102,-1.50781,0.441406,-4.07812,834,88,84,920,1,0,0,1
2.16734,0.0656417,0.749672,-1.55207,-0.0446896,1.00933,-1.70802,-0.0589806,0.755667,-1.56224,0.0659445,1.02223,-1.73983,4.84766,0.664062,9.71875,2.10156,0.0976562,-4.78516,-4.10547,2.14844,11.9102,-1.50781,0.441406,-4.07812,834,88,84,920,1,0,0,1
2.17753,0.0635828,0.809924,-1.56188,-0.0596467,1.13238,-2.11931,-0.0620689,0.808349,-1.57015,0.079206,1.13438,-2.13965,4.64844,2.74219,10.6484,-0.886719,-2.32422,3.11328,-3.80859,3.92969,11.0938,0.046875,-2.69531,3.30078,817,89,101,791,1,0,0,1
2.18774,0.0635828,0.809924,-1.56188,-0.0596467,1.13238,-2.11931,-0.0620689,0.808349,-1.57015,0.079206,1.13438,-2.13965,4.64844,2.74219,10.6484,-0.886719,-2.32422,3.11328,-3.80859,3.92969,11.0938,0.046875,-2.69531,3.30078,817,89,101,791,1,0,0,1
2.19928,0.0635828,0.809924,-1.56188,-0.0596467,1.13238,-2.11931,-0.0620689,0.808349,-1.57015,0.079206,1.13438,-2.13965,4.64844,2.74219,10.6484,-0.886719,-2.32422,3.11328,-3.80859,3.92969,11.0938,0.046875,-2.69531,3.30078,817,89,101,791,1,0,0,1
2.20952,0.0635828,0.809924,-1.56188,-0.0596467,1.13238,-2.11931,-0.0620689,0.808349,-1.57015,0.079206,1.13438,-2.13965,4.64844,2.74219,10.6484,-0.886719,-2.32422,3.11328,-3.80859,3.92969,11.0938,0.046875,-2.69531,3.30078,817,89,101,791,1,0,0,1
2.21969,0.0703044,0.851646,-1.55715,-0.0591017,0.910627,-1.99723,-0.0572851,0.848376,-1.56083,0.0485652,0.913958,-2.00248,2.86719,1.03516,7.86328,0.9375,0.589844,3.00391,-3.75781,1.53125,8.38281,0,0.394531,2.44531,514,96,110,569,1,0,0,1
2.22983,0.0703044,0.851646,-1.55715,-0.0591017,0.910627,-1.99723,-0.0572851,0.848376,-1.56083,0.0485652,0.913958,-2.00248,2.86719,1.03516,7.86328,0.9375,0.589844,3.00391,-3.75781,1.53125,8.38281,0,0.394531,2.44531,514,96,110,569,1,0,0,1
2.24024,0.0703044,0.851646,-1.55715,-0.0591017,0.910627,-1.99723,-0.0572851,0.848376,-1.56083,0.0485652,0.913958,-2.00248,2.86719,1.03516,7.86328,0.9375,0.589844,3.00391,-3.75781,1.53125,8.38281,0,0.394531,2.44531,514,96,110,569,1,0,0,1
2.2533,0.0703044,0.851646,-1.55715,-0.0591017,0.910627,-1.99723,-0.0572851,0.848376,-1.56083,0.0485652,0.913958,-2.00248,2.86719,1.03516,7.86328,0.9375,0.589844,3.00391,-3.75781,1.53125,8.38281,0,0.394531,2.44531,514,96,110,569,1,0,0,1
2.27116,0.069275,0.899909,-1.55118,-0.054984,0.707344,-1.6123,-0.0528646,0.893066,-1.55021,0.0403297,0.712915,-1.61831,3.68359,-1.18359,8.30859,0.269531,3.55859,-12.6523,-3.06641,-2.125,9.86719,-0.617188,3.70703,-13.0234,577,101,113,783,1,0,0,1
2.28427,0.069275,0.899909,-1.55118,-0.054984,0.707344,-1.6123,-0.0528646,0.893066,-1.55021,0.0403297,0.712915,-1.61831,3.68359,-1.18359,8.30859,0.269531,3.55859,-12.6523,-3.06641,-2.125,9.86719,-0.617188,3.70703,-13.0234,577,101,113,783,1,0,0,1
2.29619,0.0551051,1.02187,-1.73668,-0.06437,0.749732,-1.55691,-0.0486257,1.01969,-1.73268,0.0543784,0.74186,-1.54843,-1.97656,0.664062,-4.30078,-4.84766,1.55469,10.5352,1.16016,0.0976562,-4.71094,4.89453,2.39844,12.6523,33,865,1010,108,0,1,1,0
2.30671,0.0551051,1.02187,-1.73668,-0.06437,0.749732,-1.55691,-0.0486257,1.01969,-1.73268,0.0543784,0.74186,-1.54843,-1.97656,0.664062,-4.30078,-4.84766,1.55469,10.5352,1.16016,0.0976562,-4.71094,4.89453,2.39844,12.6523,33,865,1010,108,0,1,1,0
2.31702,0.0551051,1.02187,-1.73668,-0.06437,0.749732,-1.55691,-0.0486257,1.01969,-1.73268,0.0543784,0.74186,-1.54843,-1.97656,0.664062,-4.30078,-4.84766,1.55469,10.5352,1.16016,0.0976562,-4.71094,4.89453,2.39844,12.6523,33,865,1010,108,0,1,1,0
2.32739,0.0551051,1.02187,-1.73668,-0.06437,0.749732,-1.55691,-0.0486257,1.01969,-1.73268,0.0543784,0.74186,-1.54843,-1.97656,0.664062,-4.30078,-4.84766,1.55469,10.5352,1.16016,0.0976562,-4.71094,4.89453,2.39844,12.6523,33,865,1010,108,0,1,1,0
2.34143,0.0695172,1.13607,-2.14195,-0.0541362,0.815556,-1.56256,-0.0640067,1.1282,-2.14397,0.0548629,0.810772,-1.5683,0.988281,-2.39844,2.74219,-2.86719,3.48438,10.9805,-0.394531,-2.29688,3.30078,2.71875,3.51172,10.3867,37,815,792,122,0,1,1,0
2.35238,0.0695172,1.13607,-2.14195,-0.0541362,0.815556,-1.56256,-0.0640067,1.1282,-2.14397,0.0548629,0.810772,-1.5683,0.988281,-2.39844,2.74219,-2.86719,3.48438,10.9805,-0.394531,-2.29688,3.30078,2.71875,3.51172,10.3867,37,815,792,122,0,1,1,0
2.36285,0.0695172,1.13607,-2.14195,-0.0541362,0.815556,-1.56256,-0.0640067,1.1282,-2.14397,0.0548629,0.810772,-1.5683,0.988281,-2.39844,2.74219,-2.86719,3.48438,10.9805,-0.394531,-2.29688,3.30078,2.71875,3.51172,10.3867,37,815,792,122,0,1,1,0
2.37331,0.0535307,0.908568,-2.01346,-0.0595256,0.861699,-1.55404,-0.0557107,0.898092,-2.01063,0.0602523,0.860124,-1.56369,-0.789062,0.617188,3.15234,-3.83203,0.34375,7.86328,0.0976562,0.738281,3.03906,4.10547,2.19922,8.49609,46,608,509,131,0,1,1,0
2.38344,0.0535307,0.908568,-2.01346,-0.0595256,0.861699,-1.55404,-0.0557107,0.898092,-2.01063,0.0602523,0.860124,-1.56369,-0.789062,0.617188,3.15234,-3.83203,0.34375,7.86328,0.0976562,0.738281,3.03906,4.10547,2.19922,8.49609,46,608,509,131,0,1,1,0
2.39359,0.0535307,0.908568,-2.01346,-0.0595256,0.861699,-1.55404,-0.0557107,0.898092,-2.01063,0.0602523,0.860124,-1.56369,-0.789062,0.617188,3.15234,-3.83203,0.34375,7.86328,0.0976562,0.738281,3.03906,4.10547,2.19922,8.49609,46,608,509,131,0,1,1,0
2.40396,0.0535307,0.908568,-2.01346,-0.0595256,0.861699,-1.55404,-0.0557107,0.898092,-2.01063,0.0602523,0.860124,-1.56369,-0.789062,0.617188,3.15234,-3.83203,0.34375,7.86328,0.0976562,0.738281,3.03906,4.10547,2.19922,8.49609,46,608,509,131,0,1,1,0
2.41487,0.0442052,0.696868,-1.62514,-0.058799,0.916501,-1.53951,-0.0519562,0.699411,-1.62506,0.0562556,0.909355,-1.5584,-0.394531,4.10547,-13.3203,-4.44922,-2.29688,7.71484,0.515625,3.58594,-12.6875,3.83203,-2.07422,9.94141,49,668,731,133,0,1,1,0
2.42522,0.0442052,0.696868,-1.62514,-0.058799,0.916501,-1.53951,-0.0519562,0.699411,-1.62506,0.0562556,0.909355,-1.5584,-0.394531,4.10547,-13.3203,-4.44922,-2.29688,7.71484,0.515625,3.58594,-12.6875,3.83203,-2.07422,9.94141,49,668,731,133,0,1,1,0
2.43616,0.0442052,0.696868,-1.62514,-0.058799,0.916501,-1.53951,-0.0519562,0.699411,-1.62506,0.0562556,0.909355,-1.5584,-0.394531,4.10547,-13.3203,-4.44922,-2.29688,7.71484,0.515625,3.58594,-12.6875,3.83203,-2.07422,9.94141,49,668,731,133,0,1,1,0
2.44849,0.0442052,0.696868,-1.62514,-0.058799,0.916501,-1.53951,-0.0519562,0.699411,-1.62506,0.0562556,0.909355,-1.5584,-0.394531,4.10547,-13.3203,-4.44922,-2.29688,7.71484,0.515625,3.58594,-12.6875,3.83203,-2.07422,9.94141,49,668,731,133,0,1,1,0
2.45903,0.0601312,0.738348,-1.56987,-0.0467485,1.03937,-1.71714,-0.0611001,0.732232,-1.56337,0.0539546,1.0381,-1.73704,5.04297,1.08594,9.83203,2.05078,0.171875,-4.74609,-4.15234,2.57031,11.7969,-1.55469,0.46875,-4.59766,798,95,84,917,1,0,0,1
2.46922,0.0601312,0.738348,-1.56987,-0.0467485,1.03937,-1.71714,-0.0611001,0.732232,-1.56337,0.0539546,1.0381,-1.73704,5.04297,1.08594,9.83203,2.05078,0.171875,-4.74609,-4.15234,2.57031,11.7969,-1.55469,0.46875,-4.59766,798,95,84,917,1,0,0,1
2.4799,0.0601312,0.738348,-1.56987,-0.0467485,1.03937,-1.71714,-0.0611001,0.732232,-1.56337,0.0539546,1.0381,-1.73704,5.04297,1.08594,9.83203,2.05078,0.171875,-4.74609,-4.15234,2.57031,11.7969,-1.55469,0.46875,-4.59766,798,95,84,917,1,0,0,1
2.49391,0.0575273,0.814587,-1.58226,-0.0620084,1.15194,-2.1344,-0.0621295,0.803202,-1.57605,0.0684878,1.14031,-2.14922,4.375,2.81641,11.168,-0.839844,-2.44531,3.1875,-3.75781,4.42578,11.168,0.292969,-2.86719,3.375,856,88,101,868,1,0,0,1
2.50637,0.0575273,0.814587,-1.58226,-0.0620084,1.15194,-2.1344,-0.0621295,0.803202,-1.57605,0.0684878,1.14031,-2.14922,4.375,2.81641,11.168,-0.839844,-2.44531,3.1875,-3.75781,4.42578,11.168,0.292969,-2.86719,3.375,856,88,101,868,1,0,0,1
2.51693,0.0575273,0.814587,-1.58226,-0.0620084,1.15194,-2.1344,-0.0621295,0.803202,-1.57605,0.0684878,1.14031,-2.14922,4.375,2.81641,11.168,-0.839844,-2.44531,3.1875,-3.75781,4.42578,11.168,0.292969,-2.86719,3.375,856,88,101,868,1,0,0,1
2.52726,0.0575273,0.814587,-1.58226,-0.0620084,1.15194,-2.1344,-0.0621295,0.803202,-1.57605,0.0684878,1.14031,-2.14922,4.375,2.81641,11.168,-0.839844,-2.44531,3.1875,-3.75781,4.42578,11.168,0.292969,-2.86719,3.375,856,88,101,868,1,0,0,1
2.53849,0.0643095,0.867633,-1.57597,-0.062735,0.892763,-2.01551,-0.059889,0.856672,-1.56995,0.0423885,0.886102,-2.0114,2.96484,0.617188,7.82812,1.16016,0.417969,2.85547,-3.83203,1.40625,7.97656,-0.171875,0.367188,2.29688,510,95,109,540,1,0,0,1
2.54907,0.0643095,0.867633,-1.57597,-0.062735,0.892763,-2.01551,-0.059889,0.856672,-1.56995,0.0423885,0.886102,-2.0114,2.96484,0.617188,7.82812,1.16016,0.417969,2.85547,-3.83203,1.40625,7.97656,-0.171875,0.367188,2.29688,510,95,109,540,1,0,0,1
2.55923,0.0643095,0.867633,-1.57597,-0.062735,0.892763,-2.01551,-0.059889,0.856672,-1.56995,0.0423885,0.886102,-2.0114,2.96484,0.617188,7.82812,1.16016,0.417969,2.85547,-3.83203,1.40625,7.97656,-0.171875,0.367188,2.29688,510,95,109,540,1,0,0,1
2.56948,0.0643095,0.867633,-1.57597,-0.062735,0.892763,-2.01551,-0.059889,0.856672,-1.56995,0.0423885,0.886102,-2.0114,2.96484,0.617188,7.82812,1.16016,0.417969,2.85547,-3.83203,1.40625,7.97656,-0.171875,0.367188,2.29688,510,95,109,540,1,0,0,1
2.57989,0.0638856,0.928551,-1.5628,-0.0578906,0.671798,-1.60725,-0.0547418,0.918317,-1.55941,0.0354853,0.669194,-1.60685,4.00391,-1.92578,7.86328,0.417969,2.84375,-13.207,-3.23828,-2.47266,9.64453,-0.691406,3.3125,-12.6133,563,119,111,777,1,0,0,1
2.59034,0.0638856,0.928551,-1.5628,-0.0578906,0.671798,-1.60725,-0.0547418,0.918317,-1.55941,0.0354853,0.669194,-1.60685,4.00391,-1.92578,7.86328,0.417969,2.84375,-13.207,-3.23828,-2.47266,9.64453,-0.691406,3.3125,-12.6133,563,119,111,777,1,0,0,1
2.60082,0.0638856,0.928551,-1.5628,-0.0578906,0.671798,-1.60725,-0.0547418,0.918317,-1.55941,0.0354853,0.669194,-1.60685,4.00391,-1.92578,7.86328,0.417969,2.84375,-13.207,-3.23828,-2.47266,9.64453,-0.691406,3.3125,-12.6133,563,119,111,777,1,0,0,1
2.62122,0.0512296,1.05402,-1.7435,-0.0660656,0.731202,-1.57528,-0.0505635,1.04506,-1.73741,0.0457191,0.716003,-1.55614,-2.25,-0.417969,-4.375,-4.92188,1.16016,10.9805,1.08594,0.144531,-4.33984,5.26562,3.06641,12.875,30,855,955,104,0,1,1,0
2.63147,0.0512296,1.05402,-1.7435,-0.0660656,0.731202,-1.57528,-0.0505635,1.04506,-1.73741,0.0457191,0.716003,-1.55614,-2.25,-0.417969,-4.375,-4.92188,1.16016,10.9805,1.08594,0.144531,-4.33984,5.26562,3.06641,12.875,30,855,955,104,0,1,1,0
2.64166,0.0512296,1.05402,-1.7435,-0.0660656,0.731202,-1.57528,-0.0505635,1.04506,-1.73741,0.0457191,0.716003,-1.55614,-2.25,-0.417969,-4.375,-4.92188,1.16016,10.9805,1.08594,0.144531,-4.33984,5.26562,3.06641,12.875,30,855,955,104,0,1,1,0
2.65184,0.062735,1.15551,-2.15035,-0.0601917,0.805503,-1.5798,-0.0687905,1.14316,-2.15221,0.0487468,0.796238,-1.57439,1.03516,-2.66797,2.70703,-4.03125,2.96484,10.7969,-0.765625,-2.07422,3.375,4.15234,4.32812,10.7578,37,866,822,123,0,1,1,0
2.66225,0.062735,1.15551,-2.15035,-0.0601917,0.805503,-1.5798,-0.0687905,1.14316,-2.15221,0.0487468,0.796238,-1.57439,1.03516,-2.66797,2.70703,-4.03125,2.96484,10.7969,-0.765625,-2.07422,3.375,4.15234,4.32812,10.7578,37,866,822,123,0,1,1,0
2.67398,0.062735,1.15551,-2.15035,-0.0601917,0.805503,-1.5798,-0.0687905,1.14316,-2.15221,0.0487468,0.796238,-1.57439,1.03516,-2.66797,2.70703,-4.03125,2.96484,10.7969,-0.765625,-2.07422,3.375,4.15234,4.32812,10.7578,37,866,822,123,0,1,1,0
2.68451,0.062735,1.15551,-2.15035,-0.0601917,0.805503,-1.5798,-0.0687905,1.14316,-2.15221,0.0487468,0.796238,-1.57439,1.03516,-2.66797,2.70703,-4.03125,2.96484,10.7969,-0.765625,-2.07422,3.375,4.15234,4.32812,10.7578,37,866,822,123,0,1,1,0
2.69465,0.044508,0.89137,-2.02343,-0.0614028,0.860669,-1.56825,-0.0658839,0.880047,-2.02375,0.0506846,0.851889,-1.56842,-0.714844,-0.320312,3.30078,-2.84375,0.566406,7.75391,0.515625,-0.195312,3.33594,3.4375,1.43359,7.64062,46,583,475,131,0,1,1,0
2.70538,0.044508,0.89137,-2.02343,-0.0614028,0.860669,-1.56825,-0.0658839,0.880047,-2.02375,0.0506846,0.851889,-1.56842,-0.714844,-0.320312,3.30078,-2.84375,0.566406,7.75391,0.515625,-0.195312,3.33594,3.4375,1.43359,7.64062,46,583,475,131,0,1,1,0
2.71568,0.044508,0.89137,-2.02343,-0.0614028,0.860669,-1.56825,-0.0658839,0.880047,-2.02375,0.0506846,0.851889,-1.56842,-0.714844,-0.320312,3.30078,-2.84375,0.566406,7.75391,0.515625,-0.195312,3.33594,3.4375,1.43359,7.64062,46,583,475,131,0,1,1,0
2.72588,0.044508,0.89137,-2.02343,-0.0614028,0.860669,-1.56825,-0.0658839,0.880047,-2.02375,0.0506846,0.851889,-1.56842,-0.714844,-0.320312,3.30078,-2.84375,0.566406,7.75391,0.515625,-0.195312,3.33594,3.4375,1.43359,7.64062,46,583,475,131,0,1,1,0
2.73609,0.0377258,0.665016,-1.62445,-0.0594651,0.924373,-1.55118,-0.0650361,0.67204,-1.6326,0.0468091,0.912565,-1.56022,-0.46875,3.90625,-13.875,-3.90625,-2.42188,7.41797,0.640625,2.89062,-13.0586,3.51172,-2.62109,9.60938,48,656,737,133,0,1,1,0
2.74625,0.0377258,0.665016,-1.62445,-0.0594651,0.924373,-1.55118,-0.0650361,0.67204,-1.6326,0.0468091,0.912565,-1.56022,-0.46875,3.90625,-13.875,-3.90625,-2.42188,7.41797,0.640625,2.89062,-13.0586,3.51172,-2.62109,9.60938,48,656,737,133,0,1,1,0
2.75647,0.0377258,0.665016,-1.62445,-0.0594651,0.924373,-1.55118,-0.0650361,0.67204,-1.6326,0.0468091,0.912565,-1.56022,-0.46875,3.90625,-13.875,-3.90625,-2.42188,7.41797,0.640625,2.89062,-13.0586,3.51172,-2.62109,9.60938,48,656,737,133,0,1,1,0
2.76686,0.0377258,0.665016,-1.62445,-0.0594651,0.924373,-1.55118,-0.0650361,0.67204,-1.6326,0.0468091,0.912565,-1.56022,-0.46875,3.90625,-13.875,-3.90625,-2.42188,7.41797,0.640625,2.89062,-13.0586,3.51172,-2.62109,9.60938,48,656,737,133,0,1,1,0
2.77715,0.0512901,0.716669,-1.57714,-0.0490496,1.05202,-1.72772,-0.073635,0.713884,-1.57362,0.0458402,1.04391,-1.73607,4.57422,1.55469,9.98047,1.92578,-0.046875,-5.15625,-3.33594,2.34766,12.5039,-1.38281,0.144531,-4.48828,759,95,81,892,1,0,0,1
2.78746,0.0512901,0.716669,-1.57714,-0.0490496,1.05202,-1.72772,-0.073635,0.713884,-1.57362,0.0458402,1.04391,-1.73607,4.57422,1.55469,9.98047,1.92578,-0.046875,-5.15625,-3.33594,2.34766,12.5039,-1.38281,0.144531,-4.48828,759,95,81,892,1,0,0,1
2.79762,0.0512901,0.716669,-1.57714,-0.0490496,1.05202,-1.72772,-0.073635,0.713884,-1.57362,0.0458402,1.04391,-1.73607,4.57422,1.55469,9.98047,1.92578,-0.046875,-5.15625,-3.33594,2.34766,12.5039,-1.38281,0.144531,-4.48828,759,95,81,892,1,0,0,1
2.80805,0.0512901,0.716669,-1.57714,-0.0490496,1.05202,-1.72772,-0.073635,0.713884,-1.57362,0.0458402,1.04391,-1.73607,4.57422,1.55469,9.98047,1.92578,-0.046875,-5.15625,-3.33594,2.34766,12.5039,-1.38281,0.144531,-4.48828,759,95,81,892,1,0,0,1
2.8182,0.0474752,0.805746,-1.59163,-0.0661261,1.15993,-2.16056,-0.0746644,0.796965,-1.58792,0.0611606,1.14249,-2.16404,4.03125,3.36328,11.2773,-0.886719,-2.81641,3.30078,-3.80859,4.5,11.0195,0.269531,-2.94141,3.41016,853,87,101,890,1,0,0,1
2.82843,0.0474752,0.805746,-1.59163,-0.0661261,1.15993,-2.16056,-0.0746644,0.796965,-1.58792,0.0611606,1.14249,-2.16404,4.03125,3.36328,11.2773,-0.886719,-2.81641,3.30078,-3.80859,4.5,11.0195,0.269531,-2.94141,3.41016,853,87,101,890,1,0,0,1
2.83868,0.0474752,0.805746,-1.59163,-0.0661261,1.15993,-2.16056,-0.0746644,0.796965,-1.58792,0.0611606,1.14249,-2.16404,4.03125,3.36328,11.2773,-0.886719,-2.81641,3.30078,-3.80859,4.5,11.0195,0.269531,-2.94141,3.41016,853,87,101,890,1,0,0,1
2.84897,0.0474752,0.805746,-1.59163,-0.0661261,1.15993,-2.16056,-0.0746644,0.796965,-1.58792,0.0611606,1.14249,-2.16404,4.03125,3.36328,11.2773,-0.886719,-2.81641,3.30078,-3.80859,4.5,11.0195,0.269531,-2.94141,3.41016,853,87,101,890,1,0,0,1
2.85912,0.0548023,0.865877,-1.58339,-0.068185,0.883559,-2.0374,-0.0754516,0.858974,-1.58202,0.0393608,0.872962,-2.02472,3.33594,0.617188,7.75391,1.01172,0.0703125,3.15234,-3.90625,1.65625,8.05078,-0.21875,0.515625,2.74219,495,94,110,531,1,0,0,1
2.86926,0.0548023,0.865877,-1.58339,-0.068185,0.883559,-2.0374,-0.0754516,0.858974,-1.58202,0.0393608,0.872962,-2.02472,3.33594,0.617188,7.75391,1.01172,0.0703125,3.15234,-3.90625,1.65625,8.05078,-0.21875,0.515625,2.74219,495,94,110,531,1,0,0,1
2.87946,0.0548023,0.865877,-1.58339,-0.068185,0.883559,-2.0374,-0.0754516,0.858974,-1.58202,0.0393608,0.872962,-2.02472,3.33594,0.617188,7.75391,1.01172,0.0703125,3.15234,-3.90625,1.65625,8.05078,-0.21875,0.515625,2.74219,495,94,110,531,1,0,0,1
2.89343,0.0518957,0.932124,-1.5624,-0.0644911,0.667862,-1.6324,-0.0712733,0.928067,-1.57023,0.0335475,0.661261,-1.62485,3.80859,-2,7.64062,0.515625,3.1875,-13.1328,-2.94141,-3.01562,9.42188,-0.46875,3.78125,-13.1328,552,99,111,760,1,0,0,1
2.90369,0.0518957,0.932124,-1.5624,-0.0644911,0.667862,-1.6324,-0.0712733,0.928067,-1.57023,0.0335475,0.661261,-1.62485,3.80859,-2,7.64062,0.515625,3.1875,-13.1328,-2.94141,-3.01562,9.42188,-0.46875,3.78125,-13.1328,552,99,111,760,1,0,0,1
2.91385,0.0518957,0.932124,-1.5624,-0.0644911,0.667862,-1.6324,-0.0712733,0.928067,-1.57023,0.0335475,0.661261,-1.62485,3.80859,-2,7.64062,0.515625,3.1875,-13.1328,-2.94141,-3.01562,9.42188,-0.46875,3.78125,-13.1328,552,99,111,760,1,0,0,1
2.92409,0.0518957,0.932124,-1.5624,-0.0644911,0.667862,-1.6324,-0.0712733,0.928067,-1.57023,0.0335475,0.661261,-1.62485,3.80859,-2,7.64062,0.515625,3.1875,-13.1328,-2.94141,-3.01562,9.42188,-0.46875,3.78125,-13.1328,552,99,111,760,1,0,0,1
2.93436,0.0359697,1.06256,-1.74124,-0.0712733,0.721029,-1.57685,-0.0704861,1.06111,-1.74499,0.0437208,0.705588,-1.5597,-1.87891,0.0976562,-4.74609,-4.89453,1.73047,10.6836,1.21094,-0.144531,-4.5625,4.96875,2.76953,12.9492,28,883,974,106,0,1,1,0
2.94523,0.0359697,1.06256,-1.74124,-0.0712733,0.721029,-1.57685,-0.0704861,1.06111,-1.74499,0.0437208,0.705588,-1.5597,-1.87891,0.0976562,-4.74609,-4.89453,1.73047,10.6836,1.21094,-0.144531,-4.5625,4.96875,2.76953,12.9492,28,883,974,106,0,1,1,0
2.95557,0.0359697,1.06256,-1.74124,-0.0712733,0.721029,-1.57685,-0.0704861,1.06111,-1.74499,0.0437208,0.705588,-1.5597,-1.87891,0.0976562,-4.74609,-4.89453,1.73047,10.6836,1.21094,-0.144531,-4.5625,4.96875,2.76953,12.9492,28,883,974,106,0,1,1,0
2.9658,0.0359697,1.06256,-1.74124,-0.0712733,0.721029,-1.57685,-0.0704861,1.06111,-1.74499,0.0437208,0.705588,-1.5597,-1.87891,0.0976562,-4.74609,-4.89453,1.73047,10.6836,1.21094,-0.144531,-4.5625,4.96875,2.76953,12.9492,28,883,974,106,0,1,1,0
2.97621,0.0508662,1.15497,-2.15576,-0.0655811,0.8095,-1.59086,-0.086836,1.15024,-2.16391,0.043963,0.794059,-1.58093,1.08594,-2.66797,2.81641,-3.36328,3.60938,11.6484,-0.589844,-2.27344,3.55859,3.92969,4.00391,11.0195,37,897,842,122,0,1,1,0
2.98754,0.0508662,1.15497,-2.15576,-0.0655811,0.8095,-1.59086,-0.086836,1.15024,-2.16391,0.043963,0.794059,-1.58093,1.08594,-2.66797,2.81641,-3.36328,3.60938,11.6484,-0.589844,-2.27344,3.55859,3.92969,4.00391,11.0195,37,897,842,122,0,1,1,0
2.99775,0.0508662,1.15497,-2.15576,-0.0655811,0.8095,-1.59086,-0.086836,1.15024,-2.16391,0.043963,0.794059,-1.58093,1.08594,-2.66797,2.81641,-3.36328,3.60938,11.6484,-0.589844,-2.27344,3.55859,3.92969,4.00391,11.0195,37,897,842,122,0,1,1,0
3.00797,0.0508662,1.15497,-2.15576,-0.0655811,0.8095,-1.59086,-0.086836,1.15024,-2.16391,0.043963,0.794059,-1.58093,1.08594,-2.66797,2.81641,-3.36328,3.60938,11.6484,-0.589844,-2.27344,3.55859,3.92969,4.00391,11.0195,37,897,842,122,0,1,1,0
3.01842,0.040693,0.873204,-2.03372,-0.0705466,0.874536,-1.58146,-0.0715155,0.862728,-2.03291,0.0480202,0.859942,-1.57475,-0.839844,0.492188,3.82031,-3.26172,0.195312,7.67969,0.492188,1.0625,3.22656,4.07812,1.45703,7.67969,45,563,477,130,0,1,1,0
3.03211,0.040693,0.873204,-2.03372,-0.0705466,0.874536,-1.58146,-0.0715155,0.862728,-2.03291,0.0480202,0.859942,-1.57475,-0.839844,0.492188,3.82031,-3.26172,0.195312,7.67969,0.492188,1.0625,3.22656,4.07812,1.45703,7.67969,45,563,477,130,0,1,1,0
3.04241,0.040693,0.873204,-2.03372,-0.0705466,0.874536,-1.58146,-0.0715155,0.862728,-2.03291,0.0480202,0.859942,-1.57475,-0.839844,0.492188,3.82031,-3.26172,0.195312,7.67969,0.492188,1.0625,3.22656,4.07812,1.45703,7.67969,45,563,477,130,0,1,1,0
3.05256,0.0371203,0.637645,-1.61924,-0.0678822,0.947081,-1.55869,-0.0637039,0.643216,-1.62187,0.0438419,0.928672,-1.56163,-0.441406,3.66016,-13.7656,-4.17969,-2.91797,7.08594,0.640625,3.26172,-13.6172,3.70703,-2.94141,9.3125,48,630,724,132,0,1,1,0
3.06291,0.0371203,0.637645,-1.61924,-0.0678822,0.947081,-1.55869,-0.0637039,0.643216,-1.62187,0.0438419,0.928672,-1.56163,-0.441406,3.66016,-13.7656,-4.17969,-2.91797,7.08594,0.640625,3.26172,-13.6172,3.70703,-2.94141,9.3125,48,630,724,132,0,1,1,0
3.07314,0.0371203,0.637645,-1.61924,-0.0678822,0.947081,-1.55869,-0.0637039,0.643216,-1.62187,0.0438419,0.928672,-1.56163,-0.441406,3.66016,-13.7656,-4.17969,-2.91797,7.08594,0.640625,3.26172,-13.6172,3.70703,-2.94141,9.3125,48,630,724,132,0,1,1,0
3.0834,0.0371203,0.637645,-1.61924,-0.0678822,0.947081,-1.55869,-0.0637039,0.643216,-1.62187,0.0438419,0.928672,-1.56163,-0.441406,3.66016,-13.7656,-4.17969,-2.91797,7.08594,0.640625,3.26172,-13.6172,3.70703,-2.94141,9.3125,48,630,724,132,0,1,1,0
3.09356,0.0517746,0.705769,-1.58242,-0.0586779,1.07879,-1.7299,-0.0722422,0.69717,-1.5727,0.0426913,1.06208,-1.72877,4.64844,1.58203,10.4609,1.75391,-0.121094,-5.63672,-3.68359,2.79297,11.9102,-1.38281,0.121094,-5.08203,758,86,83,911,1,0,0,1
3.10374,0.0517746,0.705769,-1.58242,-0.0586779,1.07879,-1.7299,-0.0722422,0.69717,-1.5727,0.0426913,1.06208,-1.72877,4.64844,1.58203,10.4609,1.75391,-0.121094,-5.63672,-3.68359,2.79297,11.9102,-1.38281,0.121094,-5.08203,758,86,83,911,1,0,0,1
3.11396,0.0517746,0.705769,-1.58242,-0.0586779,1.07879,-1.7299,-0.0722422,0.69717,-1.5727,0.0426913,1.06208,-1.72877,4.64844,1.58203,10.4609,1.75391,-0.121094,-5.63672,-3.68359,2.79297,11.9102,-1.38281,0.121094,-5.08203,758,86,83,911,1,0,0,1
3.12414,0.0517746,0.705769,-1.58242,-0.0586779,1.07879,-1.7299,-0.0722422,0.69717,-1.5727,0.0426913,1.06208,-1.72877,4.64844,1.58203,10.4609,1.75391,-0.121094,-5.63672,-3.68359,2.79297,11.9102,-1.38281,0.121094,-5.08203,758,86,83,911,1,0,0,1
3.13694,0.0474146,0.797147,-1.59151,-0.0726055,1.17186,-2.15721,-0.0726055,0.785217,-1.58763,0.0583751,1.14746,-2.15463,3.98047,2.74219,11.2773,-0.640625,-2.89062,3.44922,-3.73438,4.35156,10.3867,0.789062,-2.86719,3.375,831,87,101,874,1,0,0,1
3.14762,0.0474146,0.797147,-1.59151,-0.0726055,1.17186,-2.15721,-0.0726055,0.785217,-1.58763,0.0583751,1.14746,-2.15463,3.98047,2.74219,11.2773,-0.640625,-2.89062,3.44922,-3.73438,4.35156,10.3867,0.789062,-2.86719,3.375,831,87,101,874,1,0,0,1
3.15783,0.0474146,0.797147,-1.59151,-0.0726055,1.17186,-2.15721,-0.0726055,0.785217,-1.58763,0.0583751,1.14746,-2.15463,3.98047,2.74219,11.2773,-0.640625,-2.89062,3.44922,-3.73438,4.35156,10.3867,0.789062,-2.86719,3.375,831,87,101,874,1,0,0,1
3.16799,0.0474146,0.797147,-1.59151,-0.0726055,1.17186,-2.15721,-0.0726055,0.785217,-1.58763,0.0583751,1.14746,-2.15463,3.98047,2.74219,11.2773,-0.640625,-2.89062,3.44922,-3.73438,4.35156,10.3867,0.789062,-2.86719,3.375,831,87,101,874,1,0,0,1
3.1783,0.053894,0.860427,-1.58029,-0.0618873,0.86291,-2.03489,-0.0735138,0.851283,-1.57984,0.0465063,0.851646,-2.02302,3.3125,0.171875,7.16016,1.0625,0.046875,3.41016,-3.78125,1.65625,7.45703,-0.441406,0.121094,2.74219,497,95,110,504,1,0,0,1
3.18859,0.053894,0.860427,-1.58029,-0.0618873,0.86291,-2.03489,-0.0735138,0.851283,-1.57984,0.0465063,0.851646,-2.02302,3.3125,0.171875,7.16016,1.0625,0.046875,3.41016,-3.78125,1.65625,7.45703,-0.441406,0.121094,2.74219,497,95,110,504,1,0,0,1
3.19887,0.053894,0.860427,-1.58029,-0.0618873,0.86291,-2.03489,-0.0735138,0.851283,-1.57984,0.0465063,0.851646,-2.02302,3.3125,0.171875,7.16016,1.0625,0.046875,3.41016,-3.78125,1.65625,7.45703,-0.441406,0.121094,2.74219,497,95,110,504,1,0,0,1
3.20917,0.053894,0.860427,-1.58029,-0.0618873,0.86291,-2.03489,-0.0735138,0.851283,-1.57984,0.0465063,0.851646,-2.02302,3.3125,0.171875,7.16016,1.0625,0.046875,3.41016,-3.78125,1.65625,7.45703,-0.441406,0.121094,2.74219,497,95,110,504,1,0,0,1
3.21934,0.0489285,0.930247,-1.5601,-0.0515324,0.634738,-1.61823,-0.0670345,0.925705,-1.56882,0.0451741,0.631892,-1.62005,3.60938,-2.37109,7.19531,0.269531,3.53516,-13.8008,-2.79297,-3.38672,8.90234,-0.617188,3.68359,-12.7266,536,103,111,748,1,0,0,1
3.22959,0.0489285,0.930247,-1.5601,-0.0515324,0.634738,-1.61823,-0.0670345,0.925705,-1.56882,0.0451741,0.631892,-1.62005,3.60938,-2.37109,7.19531,0.269531,3.53516,-13.8008,-2.79297,-3.38672,8.90234,-0.617188,3.68359,-12.7266,536,103,111,748,1,0,0,1
3.23998,0.0489285,0.930247,-1.5601,-0.0515324,0.634738,-1.61823,-0.0670345,0.925705,-1.56882,0.0451741,0.631892,-1.62005,3.60938,-2.37109,7.19531,0.269531,3.53516,-13.8008,-2.79297,-3.38672,8.90234,-0.617188,3.68359,-12.7266,536,103,111,748,1,0,0,1
3.25018,0.0489285,0.930247,-1.5601,-0.0515324,0.634738,-1.61823,-0.0670345,0.925705,-1.56882,0.0451741,0.631892,-1.62005,3.60938,-2.37109,7.19531,0.269531,3.53516,-13.8008,-2.79297,-3.38672,8.90234,-0.617188,3.68359,-12.7266,536,103,111,748,1,0,0,1
3.26044,0.0330631,1.06504,-1.73797,-0.0636434,0.705709,-1.58691,-0.06982,1.06329,-1.74148,0.0538334,0.681911,-1.55344,-1.95312,-0.269531,-4.48828,-4.55078,1.23438,10.5,1.18359,-0.171875,-4.74609,4.77344,2.79297,12.7266,27,849,1016,110,0,1,1,0
3.27071,0.0330631,1.06504,-1.73797,-0.0636434,0.705709,-1.58691,-0.06982,1.06329,-1.74148,0.0538334,0.681911,-1.55344,-1.95312,-0.269531,-4.48828,-4.55078,1.23438,10.5,1.18359,-0.171875,-4.74609,4.77344,2.79297,12.7266,27,849,1016,110,0,1,1,0
3.28092,0.0330631,1.06504,-1.73797,-0.0636434,0.705709,-1.58691,-0.06982,1.06329,-1.74148,0.0538334,0.681911,-1.55344,-1.95312,-0.269531,-4.48828,-4.55078,1.23438,10.5,1.18359,-0.171875,-4.74609,4.77344,2.79297,12.7266,27,849,1016,110,0,1,1,0
3.2911,0.0552262,1.15721,-2.17078,-0.0569218,0.803323,-1.60031,-0.0809621,1.14903,-2.17615,0.052804,0.781039,-1.5802,0.988281,-2.66797,2.85547,-3.1875,3.38672,11.3164,-0.617188,-1.92578,3.82031,3.58594,3.80859,10.6836,38,875,852,123,0,1,1,0
3.30127,0.0552262,1.15721,-2.17078,-0.0569218,0.803323,-1.60031,-0.0809621,1.14903,-2.17615,0.052804,0.781039,-1.5802,0.988281,-2.66797,2.85547,-3.1875,3.38672,11.3164,-0.617188,-1.92578,3.82031,3.58594,3.80859,10.6836,38,875,852,123,0,1,1,0
3.31148,0.0552262,1.15721,-2.17078,-0.0569218,0.803323,-1.60031,-0.0809621,1.14903,-2.17615,0.052804,0.781039,-1.5802,0.988281,-2.66797,2.85547,-3.1875,3.38672,11.3164,-0.617188,-1.92578,3.82031,3.58594,3.80859,10.6836,38,875,852,123,0,1,1,0
3.32168,0.0552262,1.15721,-2.17078,-0.0569218,0.803323,-1.60031,-0.0809621,1.14903,-2.17615,0.052804,0.781039,-1.5802,0.988281,-2.66797,2.85547,-3.1875,3.38672,11.3164,-0.617188,-1.92578,3.82031,3.58594,3.80859,10.6836,38,875,852,123,0,1,1,0
3.33176,0.0551657,0.865211,-2.04708,-0.0636434,0.872235,-1.59074,-0.0584356,0.851828,-2.03788,0.0580117,0.850677,-1.57177,-0.738281,0.640625,3.55859,-3.90625,-0.0234375,7.71484,0.617188,0.542969,3.15234,4.52344,1.53125,8.16016,46,573,495,130,0,1,1,0
3.34199,0.0551657,0.865211,-2.04708,-0.0636434,0.872235,-1.59074,-0.0584356,0.851828,-2.03788,0.0580117,0.850677,-1.57177,-0.738281,0.640625,3.55859,-3.90625,-0.0234375,7.71484,0.617188,0.542969,3.15234,4.52344,1.53125,8.16016,46,573,495,130,0,1,1,0
3.35219,0.0551657,0.865211,-2.04708,-0.0636434,0.872235,-1.59074,-0.0584356,0.851828,-2.03788,0.0580117,0.850677,-1.57177,-0.738281,0.640625,3.55859,-3.90625,-0.0234375,7.71484,0.617188,0.542969,3.15234,4.52344,1.53125,8.16016,46,573,495,130,0,1,1,0
3.36234,0.0551657,0.865211,-2.04708,-0.0636434,0.872235,-1.59074,-0.0584356,0.851828,-2.03788,0.0580117,0.850677,-1.57177,-0.738281,0.640625,3.55859,-3.90625,-0.0234375,7.71484,0.617188,0.542969,3.15234,4.52344,1.53125,8.16016,46,573,495,130,0,1,1,0
3.37251,0.0558318,0.64152,-1.64209,-0.0624323,0.944719,-1.56672,-0.0435996,0.638493,-1.62841,0.0530462,0.918802,-1.55667,-0.34375,3.26172,-13.6523,-4.25391,-3.08984,7.41797,0.417969,3.11328,-13.2812,3.98047,-2.81641,9.75781,49,645,724,132,0,1,1,0
3.38271,0.0558318,0.64152,-1.64209,-0.0624323,0.944719,-1.56672,-0.0435996,0.638493,-1.62841,0.0530462,0.918802,-1.55667,-0.34375,3.26172,-13.6523,-4.25391,-3.08984,7.41797,0.417969,3.11328,-13.2812,3.98047,-2.81641,9.75781,49,645,724,132,0,1,1,0
3.39289,0.0558318,0.64152,-1.64209,-0.0624323,0.944719,-1.56672,-0.0435996,0.638493,-1.62841,0.0530462,0.918802,-1.55667,-0.34375,3.26172,-13.6523,-4.25391,-3.08984,7.41797,0.417969,3.11328,-13.2812,3.98047,-2.81641,9.75781,49,645,724,132,0,1,1,0
3.40306,0.0558318,0.64152,-1.64209,-0.0624323,0.944719,-1.56672,-0.0435996,0.638493,-1.62841,0.0530462,0.918802,-1.55667,-0.34375,3.26172,-13.6523,-4.25391,-3.08984,7.41797,0.417969,3.11328,-13.2812,3.98047,-2.81641,9.75781,49,645,724,132,0,1,1,0
3.41501,0.0677006,0.701954,-1.58214,-0.0536518,1.082,-1.74762,-0.0517746,0.68839,-1.56571,0.0498368,1.05741,-1.73539,5.01953,1.90234,10.1289,1.70312,-0.195312,-4.74609,-4.375,2.89062,12.4297,-1.40625,0,-4.63672,800,79,80,939,1,0,0,1
3.42697,0.0677006,0.701954,-1.58214,-0.0536518,1.082,-1.74762,-0.0517746,0.68839,-1.56571,0.0498368,1.05741,-1.73539,5.01953,1.90234,10.1289,1.70312,-0.195312,-4.74609,-4.375,2.89062,12.4297,-1.40625,0,-4.63672,800,79,80,939,1,0,0,1
3.43737,0.0677006,0.701954,-1.58214,-0.0536518,1.082,-1.74762,-0.0517746,0.68839,-1.56571,0.0498368,1.05741,-1.73539,5.01953,1.90234,10.1289,1.70312,-0.195312,-4.74609,-4.375,2.89062,12.4297,-1.40625,0,-4.63672,800,79,80,939,1,0,0,1
3.44761,0.0677006,0.701954,-1.58214,-0.0536518,1.082,-1.74762,-0.0517746,0.68839,-1.56571,0.0498368,1.05741,-1.73539,5.01953,1.90234,10.1289,1.70312,-0.195312,-4.74609,-4.375,2.89062,12.4297,-1.40625,0,-4.63672,800,79,80,939,1,0,0,1
3.45781,0.0639461,0.79745,-1.59797,-0.0600101,1.16472,-2.15842,-0.0552868,0.777588,-1.58238,0.0716366,1.13692,-2.15467,4.03125,3.36328,11.3906,-0.8125,-3.03906,3.26172,-4.22656,4.94531,11.3164,0.765625,-3.03906,3.41016,863,87,100,885,1,0,0,1
3.46803,0.0639461,0.79745,-1.59797,-0.0600101,1.16472,-2.15842,-0.0552868,0.777588,-1.58238,0.0716366,1.13692,-2.15467,4.03125,3.36328,11.3906,-0.8125,-3.03906,3.26172,-4.22656,4.94531,11.3164,0.765625,-3.03906,3.41016,863,87,100,885,1,0,0,1
3.47922,0.0639461,0.79745,-1.59797,-0.0600101,1.16472,-2.15842,-0.0552868,0.777588,-1.58238,0.0716366,1.13692,-2.15467,4.03125,3.36328,11.3906,-0.8125,-3.03906,3.26172,-4.22656,4.94531,11.3164,0.765625,-3.03906,3.41016,863,87,100,885,1,0,0,1
3.48937,0.0639461,0.79745,-1.59797,-0.0600101,1.16472,-2.15842,-0.0552868,0.777588,-1.58238,0.0716366,1.13692,-2.15467,4.03125,3.36328,11.3906,-0.8125,-3.03906,3.26172,-4.22656,4.94531,11.3164,0.765625,-3.03906,3.41016,863,87,100,885,1,0,0,1
3.50398,0.0639461,0.79745,-1.59797,-0.0600101,1.16472,-2.15842,-0.0552868,0.777588,-1.58238,0.0716366,1.13692,-2.15467,4.03125,3.36328,11.3906,-0.8125,-3.03906,3.26172,-4.22656,4.94531,11.3164,0.765625,-3.03906,3.41016,863,87,100,885,1,0,0,1
3.51847,0.0696989,0.866422,-1.59026,-0.0421463,0.848316,-2.03061,-0.0553473,0.846499,-1.57617,0.0648545,0.839414,-2.02645,2.91797,0.441406,7.53125,1.10938,0.492188,3.44922,-3.92969,1.77734,7.78906,-0.21875,0.46875,2.92969,485,95,108,516,1,0,0,1
3.52864,0.0696989,0.866422,-1.59026,-0.0421463,0.848316,-2.03061,-0.0553473,0.846499,-1.57617,0.0648545,0.839414,-2.02645,2.91797,0.441406,7.53125,1.10938,0.492188,3.44922,-3.92969,1.77734,7.78906,-0.21875,0.46875,2.92969,485,95,108,516,1,0,0,1
3.53879,0.06546,0.941873,-1.56773,-0.0311253,0.619297,-1.60883,-0.0502001,0.926069,-1.56394,0.0640673,0.619175,-1.62324,3.80859,-2.47266,7.12109,-0.0234375,2.42188,-3.07812,-2.99219,-3.23828,8.94141,-0.46875,3.16406,-2.85547,521,129,110,735,1,0,0,1
3.54895,0.06546,0.941873,-1.56773,-0.0311253,0.619297,-1.60883,-0.0502001,0.926069,-1.56394,0.0640673,0.619175,-1.62324,3.80859,-2.47266,7.12109,-0.0234375,2.42188,-3.07812,-2.99219,-3.23828,8.94141,-0.46875,3.16406,-2.85547,521,129,110,735,1,0,0,1
3.55922,0.06546,0.941873,-1.56773,-0.0311253,0.619297,-1.60883,-0.0502001,0.926069,-1.56394,0.0640673,0.619175,-1.62324,3.80859,-2.47266,7.12109,-0.0234375,2.42188,-3.07812,-2.99219,-3.23828,8.94141,-0.46875,3.16406,-2.85547,521,129,110,735,1,0,0,1
3.57037,0.06546,0.941873,-1.56773,-0.0311253,0.619297,-1.60883,-0.0502001,0.926069,-1.56394,0.0640673,0.619175,-1.62324,3.80859,-2.47266,7.12109,-0.0234375,2.42188,-3.07812,-2.99219,-3.23828,8.94141,-0.46875,3.16406,-2.85547,521,129,110,735,1,0,0,1
3.58106,0.0470513,1.08581,-1.75295,-0.0422069,0.704013,-1.58473,-0.0527435,1.07255,-1.74604,0.06873,0.679367,-1.55606,-1.50781,-0.417969,-4.22656,-4.87109,1.13672,10.832,0.566406,0,-4.63672,4.72266,2.17578,12.8008,26,899,997,105,0,1,1,0
3.59134,0.0470513,1.08581,-1.75295,-0.0422069,0.704013,-1.58473,-0.0527435,1.07255,-1.74604,0.06873,0.679367,-1.55606,-1.50781,-0.417969,-4.22656,-4.87109,1.13672,10.832,0.566406,0,-4.63672,4.72266,2.17578,12.8008,26,899,997,105,0,1,1,0
3.60175,0.0470513,1.08581,-1.75295,-0.0422069,0.704013,-1.58473,-0.0527435,1.07255,-1.74604,0.06873,0.679367,-1.55606,-1.50781,-0.417969,-4.22656,-4.87109,1.13672,10.832,0.566406,0,-4.63672,4.72266,2.17578,12.8008,26,899,997,105,0,1,1,0
3.6152,0.0687905,1.16581,-2.16718,-0.0380286,0.798176,-1.59353,-0.0629167,1.14679,-2.1625,0.0691539,0.779828,-1.58198,0.988281,-2.74219,2.92969,-3.33594,2.99219,10.9805,-0.589844,-1.85156,3.89453,3.80859,3.51172,10.4258,38,850,831,124,0,1,1,0
3.6261,0.0687905,1.16581,-2.16718,-0.0380286,0.798176,-1.59353,-0.0629167,1.14679,-2.1625,0.0691539,0.779828,-1.58198,0.988281,-2.74219,2.92969,-3.33594,2.99219,10.9805,-0.589844,-1.85156,3.89453,3.80859,3.51172,10.4258,38,850,831,124,0,1,1,0
3.63671,0.0687905,1.16581,-2.16718,-0.0380286,0.798176,-1.59353,-0.0629167,1.14679,-2.1625,0.0691539,0.779828,-1.58198,0.988281,-2.74219,2.92969,-3.33594,2.99219,10.9805,-0.589844,-1.85156,3.89453,3.80859,3.51172,10.4258,38,850,831,124,0,1,1,0
3.64704,0.0687905,1.16581,-2.16718,-0.0380286,0.798176,-1.59353,-0.0629167,1.14679,-2.1625,0.0691539,0.779828,-1.58198,0.988281,-2.74219,2.92969,-3.33594,2.99219,10.9805,-0.589844,-1.85156,3.89453,3.80859,3.51172,10.4258,38,850,831,124,0,1,1,0
3.65722,0.0603128,0.863576,-2.04494,-0.0437813,0.86624,-1.57714,-0.0493524,0.844077,-2.02645,0.0726055,0.849285,-1.56951,-0.988281,0.171875,3.41016,-3.83203,-0.121094,8.05078,0.394531,-0.21875,3.15234,4.40234,1.95312,8.27344,46,614,494,131,0,1,1,0
3.66743,0.0603128,0.863576,-2.04494,-0.0437813,0.86624,-1.57714,-0.0493524,0.844077,-2.02645,0.0726055,0.849285,-1.56951,-0.988281,0.171875,3.41016,-3.83203,-0.121094,8.05078,0.394531,-0.21875,3.15234,4.40234,1.95312,8.27344,46,614,494,131,0,1,1,0
3.67762,0.0603128,0.863576,-2.04494,-0.0437813,0.86624,-1.57714,-0.0493524,0.844077,-2.02645,0.0726055,0.849285,-1.56951,-0.988281,0.171875,3.41016,-3.83203,-0.121094,8.05078,0.394531,-0.21875,3.15234,4.40234,1.95312,8.27344,46,614,494,131,0,1,1,0
3.68785,0.0603128,0.863576,-2.04494,-0.0437813,0.86624,-1.57714,-0.0493524,0.844077,-2.02645,0.0726055,0.849285,-1.56951,-0.988281,0.171875,3.41016,-3.83203,-0.121094,8.05078,0.394531,-0.21875,3.15234,4.40234,1.95312,8.27344,46,614,494,131,0,1,1,0
3.69821,0.0538334,0.629954,-1.63402,-0.043418,0.937574,-1.54892,-0.0457796,0.625837,-1.62013,0.0668528,0.918378,-1.553,-0.195312,3.55859,-14.1367,-4.03125,-3.26172,7.56641,0.492188,3.46094,-13.6523,3.95703,-2.71875,9.75781,49,692,711,133,0,1,1,0
3.70834,0.0538334,0.629954,-1.63402,-0.043418,0.937574,-1.54892,-0.0457796,0.625837,-1.62013,0.0668528,0.918378,-1.553,-0.195312,3.55859,-14.1367,-4.03125,-3.26172,7.56641,0.492188,3.46094,-13.6523,3.95703,-2.71875,9.75781,49,692,711,133,0,1,1,0
3.71866,0.0538334,0.629954,-1.63402,-0.043418,0.937574,-1.54892,-0.0457796,0.625837,-1.62013,0.0668528,0.918378,-1.553,-0.195312,3.55859,-14.1367,-4.03125,-3.26172,7.56641,0.492188,3.46094,-13.6523,3.95703,-2.71875,9.75781,49,692,711,133,0,1,1,0
3.72886,0.0538334,0.629954,-1.63402,-0.043418,0.937574,-1.54892,-0.0457796,0.625837,-1.62013,0.0668528,0.918378,-1.553,-0.195312,3.55859,-14.1367,-4.03125,-3.26172,7.56641,0.492188,3.46094,-13.6523,3.95703,-2.71875,9.75781,49,692,711,133,0,1,1,0
3.73935,0.0677611,0.695717,-1.57492,-0.0313675,1.076,-1.72554,-0.0534096,0.681123,-1.54932,0.0673372,1.06201,-1.73208,4.99609,1.30859,10.1641,1.53125,0.121094,-5.26562,-4.44922,2.19922,11.9453,-1.33203,0.21875,-5.11719,829,82,80,924,1,0,0,1
3.74955,0.0677611,0.695717,-1.57492,-0.0313675,1.076,-1.72554,-0.0534096,0.681123,-1.54932,0.0673372,1.06201,-1.73208,4.99609,1.30859,10.1641,1.53125,0.121094,-5.26562,-4.44922,2.19922,11.9453,-1.33203,0.21875,-5.11719,829,82,80,924,1,0,0,1
3.7598,0.0677611,0.695717,-1.57492,-0.0313675,1.076,-1.72554,-0.0534096,0.681123,-1.54932,0.0673372,1.06201,-1.73208,4.99609,1.30859,10.1641,1.53125,0.121094,-5.26562,-4.44922,2.19922,11.9453,-1.33203,0.21875,-5.11719,829,82,80,924,1,0,0,1
3.77003,0.0677611,0.695717,-1.57492,-0.0313675,1.076,-1.72554,-0.0534096,0.681123,-1.54932,0.0673372,1.06201,-1.73208,4.99609,1.30859,10.1641,1.53125,0.121094,-5.26562,-4.44922,2.19922,11.9453,-1.33203,0.21875,-5.11719,829,82,80,924,1,0,0,1
3.7808,0.0667922,0.793271,-1.59207,-0.049534,1.15805,-2.14817,-0.0591017,0.769836,-1.55897,0.0777527,1.13383,-2.14857,4.52344,2.66797,11.5,-1.21094,-3.06641,3.41016,-4.07812,4.375,10.5352,0,-3.28906,3.55859,878,86,99,795,1,0,0,1
3.79149,0.0667922,0.793271,-1.59207,-0.049534,1.15805,-2.14817,-0.0591017,0.769836,-1.55897,0.0777527,1.13383,-2.14857,4.52344,2.66797,11.5,-1.21094,-3.06641,3.41016,-4.07812,4.375,10.5352,0,-3.28906,3.55859,878,86,99,795,1,0,0,1
3.80169,0.0667922,0.793271,-1.59207,-0.049534,1.15805,-2.14817,-0.0591017,0.769836,-1.55897,0.0777527,1.13383,-2.14857,4.52344,2.66797,11.5,-1.21094,-3.06641,3.41016,-4.07812,4.375,10.5352,0,-3.28906,3.55859,878,86,99,795,1,0,0,1
3.81279,0.0742405,0.865453,-1.57879,-0.0645517,0.83893,-2.03558,-0.0546812,0.83893,-1.5444,0.0393608,0.821672,-2.01075,2.84375,0.171875,7.49219,1.03516,0.34375,3.1875,-4.05469,0.589844,7.12109,-0.246094,0.9375,2.78125,514,94,108,495,1,0,0,1
3.82375,0.0742405,0.865453,-1.57879,-0.0645517,0.83893,-2.03558,-0.0546812,0.83893,-1.5444,0.0393608,0.821672,-2.01075,2.84375,0.171875,7.49219,1.03516,0.34375,3.1875,-4.05469,0.589844,7.12109,-0.246094,0.9375,2.78125,514,94,108,495,1,0,0,1
3.83412,0.0742405,0.865453,-1.57879,-0.0645517,0.83893,-2.03558,-0.0546812,0.83893,-1.5444,0.0393608,0.821672,-2.01075,2.84375,0.171875,7.49219,1.03516,0.34375,3.1875,-4.05469,0.589844,7.12109,-0.246094,0.9375,2.78125,514,94,108,495,1,0,0,1
3.84532,0.0742405,0.865453,-1.57879,-0.0645517,0.83893,-2.03558,-0.0546812,0.83893,-1.5444,0.0393608,0.821672,-2.01075,2.84375,0.171875,7.49219,1.03516,0.34375,3.1875,-4.05469,0.589844,7.12109,-0.246094,0.9375,2.78125,514,94,108,495,1,0,0,1
3.85554,0.0706072,0.940844,-1.55885,-0.0677611,0.615118,-1.62384,-0.0476568,0.911354,-1.52385,0.0282792,0.604037,-1.60394,3.06641,-2.22266,7.90234,0.566406,3.11328,-13.4297,-2.79297,-4.15234,8.23438,-0.417969,3.28906,-12.6875,549,99,110,717,1,0,0,1
3.8658,0.0706072,0.940844,-1.55885,-0.0677611,0.615118,-1.62384,-0.0476568,0.911354,-1.52385,0.0282792,0.604037,-1.60394,3.06641,-2.22266,7.90234,0.566406,3.11328,-13.4297,-2.79297,-4.15234,8.23438,-0.417969,3.28906,-12.6875,549,99,110,717,1,0,0,1
3.8764,0.0706072,0.940844,-1.55885,-0.0677611,0.615118,-1.62384,-0.0476568,0.911354,-1.52385,0.0282792,0.604037,-1.60394,3.06641,-2.22266,7.90234,0.566406,3.11328,-13.4297,-2.79297,-4.15234,8.23438,-0.417969,3.28906,-12.6875,549,99,110,717,1,0,0,1
3.88911,0.0706072,0.940844,-1.55885,-0.0677611,0.615118,-1.62384,-0.0476568,0.911354,-1.52385,0.0282792,0.604037,-1.60394,3.06641,-2.22266,7.90234,0.566406,3.11328,-13.4297,-2.79297,-4.15234,8.23438,-0.417969,3.28906,-12.6875,549,99,110,717,1,0,0,1
3.89925,0.0551657,1.08357,-1.75,-0.0757544,0.684212,-1.57479,-0.0494735,1.05608,-1.70539,0.0377258,0.660898,-1.53237,-1.82812,-0.738281,-4.41406,-4.5,2.07422,10.8711,0.691406,0.0703125,-4.78516,4.42578,2.49609,12.7266,26,901,1066,106,0,1,1,0
3.90971,0.0551657,1.08357,-1.75,-0.0757544,0.684212,-1.57479,-0.0494735,1.05608,-1.70539,0.0377258,0.660898,-1.53237,-1.82812,-0.738281,-4.41406,-4.5,2.07422,10.8711,0.691406,0.0703125,-4.78516,4.42578,2.49609,12.7266,26,901,1066,106,0,1,1,0
3.92016,0.0551657,1.08357,-1.75,-0.0757544,0.684212,-1.57479,-0.0494735,1.05608,-1.70539,0.0377258,0.660898,-1.53237,-1.82812,-0.738281,-4.41406,-4.5,2.07422,10.8711,0.691406,0.0703125,-4.78516,4.42578,2.49609,12.7266,26,901,1066,106,0,1,1,0
3.93199,0.0551657,1.08357,-1.75,-0.0757544,0.684212,-1.57479,-0.0494735,1.05608,-1.70539,0.0377258,0.660898,-1.53237,-1.82812,-0.738281,-4.41406,-4.5,2.07422,10.8711,0.691406,0.0703125,-4.78516,4.42578,2.49609,12.7266,26,901,1066,106,0,1,1,0
3.95423,0.0645517,1.15957,-2.16161,-0.0697594,0.785762,-1.59365,-0.07091,1.13922,-2.14111,0.0436602,0.767596,-1.56543,0.714844,-2.94141,2.92969,-3.11328,3.75781,11.5391,-0.640625,-1.90234,3.89453,3.78125,4.17969,10.7969,36,940,856,123,0,1,1,0
3.96826,0.0645517,1.15957,-2.16161,-0.0697594,0.785762,-1.59365,-0.07091,1.13922,-2.14111,0.0436602,0.767596,-1.56543,0.714844,-2.94141,2.92969,-3.11328,3.75781,11.5391,-0.640625,-1.90234,3.89453,3.78125,4.17969,10.7969,36,940,856,123,0,1,1,0
3.98403,0.0645517,1.15957,-2.16161,-0.0697594,0.785762,-1.59365,-0.07091,1.13922,-2.14111,0.0436602,0.767596,-1.56543,0.714844,-2.94141,2.92969,-3.11328,3.75781,11.5391,-0.640625,-1.90234,3.89453,3.78125,4.17969,10.7969,36,940,856,123,0,1,1,0
3.99677,0.0360303,0.847589,-2.02985,-0.0733322,0.86188,-1.58553,-0.0791455,0.837295,-2.02218,0.0489285,0.847589,-1.56527,-1.28516,0.46875,3.48438,-3.28906,0.34375,7.60547,0.34375,0.441406,3.59766,3.92969,1.45703,7.97656,45,555,483,130,0,1,1,0
4.00702,0.0360303,0.847589,-2.02985,-0.0733322,0.86188,-1.58553,-0.0791455,0.837295,-2.02218,0.0489285,0.847589,-1.56527,-1.28516,0.46875,3.48438,-3.28906,0.34375,7.60547,0.34375,0.441406,3.59766,3.92969,1.45703,7.97656,45,555,483,130,0,1,1,0
4.01733,0.0185904,0.609244,-1.61218,-0.0697594,0.942297,-1.56014,-0.0809016,0.618267,-1.62352,0.0469302,0.925281,-1.55279,-0.394531,3.70703,-14.1367,-4.30078,-3.28906,6.9375,0.515625,3.08984,-13.0977,3.46094,-3.23828,9.68359,48,634,735,132,0,1,1,0
4.02777,0.0185904,0.609244,-1.61218,-0.0697594,0.942297,-1.56014,-0.0809016,0.618267,-1.62352,0.0469302,0.925281,-1.55279,-0.394531,3.70703,-14.1367,-4.30078,-3.28906,6.9375,0.515625,3.08984,-13.0977,3.46094,-3.23828,9.68359,48,634,735,132,0,1,1,0
4.03826,0.0185904,0.609244,-1.61218,-0.0697594,0.942297,-1.56014,-0.0809016,0.618267,-1.62352,0.0469302,0.925281,-1.55279,-0.394531,3.70703,-14.1367,-4.30078,-3.28906,6.9375,0.515625,3.08984,-13.0977,3.46094,-3.23828,9.68359,48,634,735,132,0,1,1,0
4.04847,0.0185904,0.609244,-1.61218,-0.0697594,0.942297,-1.56014,-0.0809016,0.618267,-1.62352,0.0469302,0.925281,-1.55279,-0.394531,3.70703,-14.1367,-4.30078,-3.28906,6.9375,0.515625,3.08984,-13.0977,3.46094,-3.23828,9.68359,48,634,735,132,0,1,1,0
4.05879,0.0317309,0.69057,-1.58162,-0.0564373,1.08769,-1.73648,-0.0881682,0.682334,-1.56317,0.0508662,1.07237,-1.73078,4.64844,1.38281,10.3125,1.50781,-0.0703125,-5.04297,-4.10547,2.32422,11.9453,-1.16016,0.492188,-5.37891,791,90,79,886,1,0,0,1
4.06896,0.0317309,0.69057,-1.58162,-0.0564373,1.08769,-1.73648,-0.0881682,0.682334,-1.56317,0.0508662,1.07237,-1.73078,4.64844,1.38281,10.3125,1.50781,-0.0703125,-5.04297,-4.10547,2.32422,11.9453,-1.16016,0.492188,-5.37891,791,90,79,886,1,0,0,1
4.07914,0.0317309,0.69057,-1.58162,-0.0564373,1.08769,-1.73648,-0.0881682,0.682334,-1.56317,0.0508662,1.07237,-1.73078,4.64844,1.38281,10.3125,1.50781,-0.0703125,-5.04297,-4.10547,2.32422,11.9453,-1.16016,0.492188,-5.37891,791,90,79,886,1,0,0,1
4.08944,0.0317309,0.69057,-1.58162,-0.0564373,1.08769,-1.73648,-0.0881682,0.682334,-1.56317,0.0508662,1.07237,-1.73078,4.64844,1.38281,10.3125,1.50781,-0.0703125,-5.04297,-4.10547,2.32422,11.9453,-1.16016,0.492188,-5.37891,791,90,79,886,1,0,0,1
4.09965,0.0268259,0.792605,-1.59587,-0.0748461,1.16684,-2.15943,-0.0884709,0.777103,-1.57697,0.0612817,1.14286,-2.15427,3.51172,3.11328,11.5,-1.01172,-2.99219,3.48438,-3.55859,4.10547,10.1289,0.269531,-3.28906,3.59766,845,85,98,774,1,0,0,1
4.1099,0.0268259,0.792605,-1.59587,-0.0748461,1.16684,-2.15943,-0.0884709,0.777103,-1.57697,0.0612817,1.14286,-2.15427,3.51172,3.11328,11.5,-1.01172,-2.99219,3.48438,-3.55859,4.10547,10.1289,0.269531,-3.28906,3.59766,845,85,98,774,1,0,0,1
4.12024,0.0268259,0.792605,-1.59587,-0.0748461,1.16684,-2.15943,-0.0884709,0.777103,-1.57697,0.0612817,1.14286,-2.15427,3.51172,3.11328,11.5,-1.01172,-2.99219,3.48438,-3.55859,4.10547,10.1289,0.269531,-3.28906,3.59766,845,85,98,774,1,0,0,1
4.13054,0.0268259,0.792605,-1.59587,-0.0748461,1.16684,-2.15943,-0.0884709,0.777103,-1.57697,0.0612817,1.14286,-2.15427,3.51172,3.11328,11.5,-1.01172,-2.99219,3.48438,-3.55859,4.10547,10.1289,0.269531,-3.28906,3.59766,845,85,98,774,1,0,0,1
4.14126,0.0360908,0.866301,-1.58582,-0.0772683,0.837779,-2.04232,-0.0900454,0.849285,-1.56361,0.0327603,0.821369,-2.01689,3.3125,0.0976562,7.67969,1.21094,1.60547,3.375,-4.57422,1.01172,7.45703,-0.0703125,0.714844,3.00391,495,93,107,459,1,0,0,1
4.15146,0.0360908,0.866301,-1.58582,-0.0772683,0.837779,-2.04232,-0.0900454,0.849285,-1.56361,0.0327603,0.821369,-2.01689,3.3125,0.0976562,7.67969,1.21094,1.60547,3.375,-4.57422,1.01172,7.45703,-0.0703125,0.714844,3.00391,495,93,107,459,1,0,0,1
4.16194,0.0360908,0.866301,-1.58582,-0.0772683,0.837779,-2.04232,-0.0900454,0.849285,-1.56361,0.0327603,0.821369,-2.01689,3.3125,0.0976562,7.67969,1.21094,1.60547,3.375,-4.57422,1.01172,7.45703,-0.0703125,0.714844,3.00391,495,93,107,459,1,0,0,1
4.17348,0.0297325,0.944962,-1.56301,-0.0719394,0.607307,-1.61856,-0.0858065,0.924615,-1.5408,0.0262203,0.594045,-1.60305,3.88281,-2.71875,7.45703,0.394531,3.06641,-13.875,-3.1875,-3.85547,8.45703,-0.765625,3.70703,-13.2812,543,99,109,705,1,0,0,1
4.18374,0.0297325,0.944962,-1.56301,-0.0719394,0.607307,-1.61856,-0.0858065,0.924615,-1.5408,0.0262203,0.594045,-1.60305,3.88281,-2.71875,7.45703,0.394531,3.06641,-13.875,-3.1875,-3.85547,8.45703,-0.765625,3.70703,-13.2812,543,99,109,705,1,0,0,1
4.19472,0.0297325,0.944962,-1.56301,-0.0719394,0.607307,-1.61856,-0.0858065,0.924615,-1.5408,0.0262203,0.594045,-1.60305,3.88281,-2.71875,7.45703,0.394531,3.06641,-13.875,-3.1875,-3.85547,8.45703,-0.765625,3.70703,-13.2812,543,99,109,705,1,0,0,1
4.205,0.0297325,0.944962,-1.56301,-0.0719394,0.607307,-1.61856,-0.0858065,0.924615,-1.5408,0.0262203,0.594045,-1.60305,3.88281,-2.71875,7.45703,0.394531,3.06641,-13.875,-3.1875,-3.85547,8.45703,-0.765625,3.70703,-13.2812,543,99,109,705,1,0,0,1
4.21525,0.0102338,1.07873,-1.72925,-0.0812043,0.681971,-1.58392,-0.0879865,1.0605,-1.69788,0.0346375,0.650422,-1.53289,-2.02734,0.121094,-4.78516,-4.375,1.87891,10.7578,1.01172,-0.144531,-5.30469,4.32812,2.66797,12.5391,32,861,1027,114,0,1,1,0
4.22555,0.0102338,1.07873,-1.72925,-0.0812043,0.681971,-1.58392,-0.0879865,1.0605,-1.69788,0.0346375,0.650422,-1.53289,-2.02734,0.121094,-4.78516,-4.375,1.87891,10.7578,1.01172,-0.144531,-5.30469,4.32812,2.66797,12.5391,32,861,1027,114,0,1,1,0
4.23582,0.0102338,1.07873,-1.72925,-0.0812043,0.681971,-1.58392,-0.0879865,1.0605,-1.69788,0.0346375,0.650422,-1.53289,-2.02734,0.121094,-4.78516,-4.375,1.87891,10.7578,1.01172,-0.144531,-5.30469,4.32812,2.66797,12.5391,32,861,1027,114,0,1,1,0
4.24663,0.0102338,1.07873,-1.72925,-0.0812043,0.681971,-1.58392,-0.0879865,1.0605,-1.69788,0.0346375,0.650422,-1.53289,-2.02734,0.121094,-4.78516,-4.375,1.87891,10.7578,1.01172,-0.144531,-5.30469,4.32812,2.66797,12.5391,32,861,1027,114,0,1,1,0
4.25711,0.030762,1.16199,-2.16182,-0.0744222,0.787579,-1.59853,-0.101248,1.14516,-2.14934,0.0368175,0.758937,-1.56091,0.789062,-3.28906,3.26172,-3.11328,3.46094,11.2773,-0.589844,-2.39844,3.78125,3.48438,3.73438,10.2031,35,880,830,122,0,1,1,0
4.26728,0.030762,1.16199,-2.16182,-0.0744222,0.787579,-1.59853,-0.101248,1.14516,-2.14934,0.0368175,0.758937,-1.56091,0.789062,-3.28906,3.26172,-3.11328,3.46094,11.2773,-0.589844,-2.39844,3.78125,3.48438,3.73438,10.2031,35,880,830,122,0,1,1,0
4.2811,0.030762,1.16199,-2.16182,-0.0744222,0.787579,-1.59853,-0.101248,1.14516,-2.14934,0.0368175,0.758937,-1.56091,0.789062,-3.28906,3.26172,-3.11328,3.46094,11.2773,-0.589844,-2.39844,3.78125,3.48438,3.73438,10.2031,35,880,830,122,0,1,1,0
4.2913,0.030762,1.16199,-2.16182,-0.0744222,0.787579,-1.59853,-0.101248,1.14516,-2.14934,0.0368175,0.758937,-1.56091,0.789062,-3.28906,3.26172,-3.11328,3.46094,11.2773,-0.589844,-2.39844,3.78125,3.48438,3.73438,10.2031,35,880,830,122,0,1,1,0
4.30152,0.0271892,0.832572,-2.03792,-0.0787821,0.866603,-1.58658,-0.0882287,0.815132,-2.02032,0.0420858,0.839233,-1.5538,-1.03516,0.988281,3.78125,-3.28906,0.0703125,7.41797,0.617188,0.914062,3.1875,4.03125,1.33203,7.34375,45,555,453,130,0,1,1,0
4.31165,0.0271892,0.832572,-2.03792,-0.0787821,0.866603,-1.58658,-0.0882287,0.815132,-2.02032,0.0420858,0.839233,-1.5538,-1.03516,0.988281,3.78125,-3.28906,0.0703125,7.41797,0.617188,0.914062,3.1875,4.03125,1.33203,7.34375,45,555,453,130,0,1,1,0
4.32183,0.0271892,0.832572,-2.03792,-0.0787821,0.866603,-1.58658,-0.0882287,0.815132,-2.02032,0.0420858,0.839233,-1.5538,-1.03516,0.988281,3.78125,-3.28906,0.0703125,7.41797,0.617188,0.914062,3.1875,4.03125,1.33203,7.34375,45,555,453,130,0,1,1,0
4.33255,0.0241615,0.593258,-1.61985,-0.0754516,0.947808,-1.56058,-0.0788427,0.59132,-1.61028,0.0388158,0.916501,-1.54028,-0.269531,3.28906,-14.2461,-4.00391,-3.41016,7.19531,0.417969,3.33594,-13.8398,3.53516,-3.26172,9.34766,48,647,708,132,0,1,1,0
4.34288,0.0241615,0.593258,-1.61985,-0.0754516,0.947808,-1.56058,-0.0788427,0.59132,-1.61028,0.0388158,0.916501,-1.54028,-0.269531,3.28906,-14.2461,-4.00391,-3.41016,7.19531,0.417969,3.33594,-13.8398,3.53516,-3.26172,9.34766,48,647,708,132,0,1,1,0
4.35308,0.0241615,0.593258,-1.61985,-0.0754516,0.947808,-1.56058,-0.0788427,0.59132,-1.61028,0.0388158,0.916501,-1.54028,-0.269531,3.28906,-14.2461,-4.00391,-3.41016,7.19531,0.417969,3.33594,-13.8398,3.53516,-3.26172,9.34766,48,647,708,132,0,1,1,0
4.36329,0.0241615,0.593258,-1.61985,-0.0754516,0.947808,-1.56058,-0.0788427,0.59132,-1.61028,0.0388158,0.916501,-1.54028,-0.269531,3.28906,-14.2461,-4.00391,-3.41016,7.19531,0.417969,3.33594,-13.8398,3.53516,-3.26172,9.34766,48,647,708,132,0,1,1,0
4.3735,0.0408747,0.676582,-1.58977,-0.0614028,1.08684,-1.72832,-0.0856854,0.647939,-1.54569,0.040148,1.05844,-1.70624,4.22656,1.21094,10.5,1.97656,-0.21875,-5.48828,-4.25391,2.66797,12.0195,-1.10938,0.0703125,-5.41406,765,86,79,1010,1,0,0,1
4.38368,0.0408747,0.676582,-1.58977,-0.0614028,1.08684,-1.72832,-0.0856854,0.647939,-1.54569,0.040148,1.05844,-1.70624,4.22656,1.21094,10.5,1.97656,-0.21875,-5.48828,-4.25391,2.66797,12.0195,-1.10938,0.0703125,-5.41406,765,86,79,1010,1,0,0,1
4.39388,0.0408747,0.676582,-1.58977,-0.0614028,1.08684,-1.72832,-0.0856854,0.647939,-1.54569,0.040148,1.05844,-1.70624,4.22656,1.21094,10.5,1.97656,-0.21875,-5.48828,-4.25391,2.66797,12.0195,-1.10938,0.0703125,-5.41406,765,86,79,1010,1,0,0,1
4.40408,0.0408747,0.676582,-1.58977,-0.0614028,1.08684,-1.72832,-0.0856854,0.647939,-1.54569,0.040148,1.05844,-1.70624,4.22656,1.21094,10.5,1.97656,-0.21875,-5.48828,-4.25391,2.66797,12.0195,-1.10938,0.0703125,-5.41406,765,86,79,1010,1,0,0,1
4.41439,0.0386947,0.782129,-1.6037,-0.079751,1.16587,-2.16553,-0.0881682,0.752033,-1.56628,0.0532885,1.13329,-2.14793,4.30078,2.89062,11.7227,-1.08594,-2.96484,3.48438,-4.25391,4.67188,10.6094,0.367188,-3.03906,3.78125,847,85,100,899,1,0,0,1
4.42459,0.0386947,0.782129,-1.6037,-0.079751,1.16587,-2.16553,-0.0881682,0.752033,-1.56628,0.0532885,1.13329,-2.14793,4.30078,2.89062,11.7227,-1.08594,-2.96484,3.48438,-4.25391,4.67188,10.6094,0.367188,-3.03906,3.78125,847,85,100,899,1,0,0,1
4.4348,0.0386947,0.782129,-1.6037,-0.079751,1.16587,-2.16553,-0.0881682,0.752033,-1.56628,0.0532885,1.13329,-2.14793,4.30078,2.89062,11.7227,-1.08594,-2.96484,3.48438,-4.25391,4.67188,10.6094,0.367188,-3.03906,3.78125,847,85,100,899,1,0,0,1
4.445,0.0386947,0.782129,-1.6037,-0.079751,1.16587,-2.16553,-0.0881682,0.752033,-1.56628,0.0532885,1.13329,-2.14793,4.30078,2.89062,11.7227,-1.08594,-2.96484,3.48438,-4.25391,4.67188,10.6094,0.367188,-3.03906,3.78125,847,85,100,899,1,0,0,1
4.45607,0.0442052,0.853705,-1.5888,-0.0798721,0.825547,-2.04454,-0.0889554,0.82367,-1.55699,0.028582,0.807562,-2.01228,3.21484,-0.0234375,7.60547,1.16016,2,3.22656,-3.85547,1.33203,7.04688,-0.589844,0.960938,3.03906,506,94,109,491,1,0,0,1
4.46624,0.0442052,0.853705,-1.5888,-0.0798721,0.825547,-2.04454,-0.0889554,0.82367,-1.55699,0.028582,0.807562,-2.01228,3.21484,-0.0234375,7.60547,1.16016,2,3.22656,-3.85547,1.33203,7.04688,-0.589844,0.960938,3.03906,506,94,109,491,1,0,0,1
4.47646,0.0442052,0.853705,-1.5888,-0.0798721,0.825547,-2.04454,-0.0889554,0.82367,-1.55699,0.028582,0.807562,-2.01228,3.21484,-0.0234375,7.60547,1.16016,2,3.22656,-3.85547,1.33203,7.04688,-0.589844,0.960938,3.03906,506,94,109,491,1,0,0,1
4.48879,0.0442052,0.853705,-1.5888,-0.0798721,0.825547,-2.04454,-0.0889554,0.82367,-1.55699,0.028582,0.807562,-2.01228,3.21484,-0.0234375,7.60547,1.16016,2,3.22656,-3.85547,1.33203,7.04688,-0.589844,0.960938,3.03906,506,94,109,491,1,0,0,1
4.49916,0.0405719,0.929762,-1.56079,-0.0756333,0.595438,-1.61662,-0.0825971,0.90554,-1.53992,0.0240404,0.582479,-1.59768,3.36328,-2.71875,7.12109,0.515625,3.33594,-14.2109,-2.86719,-3.46094,8.53125,-0.640625,3.68359,-12.875,533,98,110,728,1,0,0,1
4.52096,0.0405719,0.929762,-1.56079,-0.0756333,0.595438,-1.61662,-0.0825971,0.90554,-1.53992,0.0240404,0.582479,-1.59768,3.36328,-2.71875,7.12109,0.515625,3.33594,-14.2109,-2.86719,-3.46094,8.53125,-0.640625,3.68359,-12.875,533,98,110,728,1,0,0,1
4.53392,0.023677,1.07158,-1.74439,-0.0861698,0.66762,-1.56975,-0.0843532,1.05202,-1.72182,0.032397,0.640309,-1.52272,-1.45703,-0.664062,-4.30078,-4.69922,1.40625,10.6484,0.691406,-0.492188,-4.78516,4.32812,2.29688,12.8359,23,923,1052,104,0,1,1,0
4.54446,0.023677,1.07158,-1.74439,-0.0861698,0.66762,-1.56975,-0.0843532,1.05202,-1.72182,0.032397,0.640309,-1.52272,-1.45703,-0.664062,-4.30078,-4.69922,1.40625,10.6484,0.691406,-0.492188,-4.78516,4.32812,2.29688,12.8359,23,923,1052,104,0,1,1,0
4.55719,0.023677,1.07158,-1.74439,-0.0861698,0.66762,-1.56975,-0.0843532,1.05202,-1.72182,0.032397,0.640309,-1.52272,-1.45703,-0.664062,-4.30078,-4.69922,1.40625,10.6484,0.691406,-0.492188,-4.78516,4.32812,2.29688,12.8359,23,923,1052,104,0,1,1,0
4.56759,0.023677,1.07158,-1.74439,-0.0861698,0.66762,-1.56975,-0.0843532,1.05202,-1.72182,0.032397,0.640309,-1.52272,-1.45703,-0.664062,-4.30078,-4.69922,1.40625,10.6484,0.691406,-0.492188,-4.78516,4.32812,2.29688,12.8359,23,923,1052,104,0,1,1,0
4.5781,0.0412985,1.14606,-2.16908,-0.0832632,0.770745,-1.58852,-0.0961009,1.1259,-2.16287,0.0354853,0.742526,-1.54605,0.8125,-3.01562,2.89062,-3.73438,3.36328,12.0586,-0.46875,-2.10156,4.04297,4.05469,4.03125,11.3906,38,959,883,122,0,1,1,0
4.58846,0.0412985,1.14606,-2.16908,-0.0832632,0.770745,-1.58852,-0.0961009,1.1259,-2.16287,0.0354853,0.742526,-1.54605,0.8125,-3.01562,2.89062,-3.73438,3.36328,12.0586,-0.46875,-2.10156,4.04297,4.05469,4.03125,11.3906,38,959,883,122,0,1,1,0
4.59874,0.0412985,1.14606,-2.16908,-0.0832632,0.770745,-1.58852,-0.0961009,1.1259,-2.16287,0.0354853,0.742526,-1.54605,0.8125,-3.01562,2.89062,-3.73438,3.36328,12.0586,-0.46875,-2.10156,4.04297,4.05469,4.03125,11.3906,38,959,883,122,0,1,1,0
4.60907,0.0412985,1.14606,-2.16908,-0.0832632,0.770745,-1.58852,-0.0961009,1.1259,-2.16287,0.0354853,0.742526,-1.54605,0.8125,-3.01562,2.89062,-3.73438,3.36328,12.0586,-0.46875,-2.10156,4.04297,4.05469,4.03125,11.3906,38,959,883,122,0,1,1,0
4.61939,0.0358486,0.827424,-2.03873,-0.0879865,0.842503,-1.57544,-0.0803566,0.809803,-2.02403,0.0376652,0.814647,-1.53862,-1.35938,0.839844,3.63281,-3.06641,0.21875,7.34375,0.394531,0.714844,3.30078,4.03125,1.35938,7.23438,46,585,455,129,0,1,1,0
4.62965,0.0358486,0.827424,-2.03873,-0.0879865,0.842503,-1.57544,-0.0803566,0.809803,-2.02403,0.0376652,0.814647,-1.53862,-1.35938,0.839844,3.63281,-3.06641,0.21875,7.34375,0.394531,0.714844,3.30078,4.03125,1.35938,7.23438,46,585,455,129,0,1,1,0
4.63996,0.0358486,0.827424,-2.03873,-0.0879865,0.842503,-1.57544,-0.0803566,0.809803,-2.02403,0.0376652,0.814647,-1.53862,-1.35938,0.839844,3.63281,-3.06641,0.21875,7.34375,0.394531,0.714844,3.30078,4.03125,1.35938,7.23438,46,585,455,129,0,1,1,0
4.65024,0.0358486,0.827424,-2.03873,-0.0879865,0.842503,-1.57544,-0.0803566,0.809803,-2.02403,0.0376652,0.814647,-1.53862,-1.35938,0.839844,3.63281,-3.06641,0.21875,7.34375,0.394531,0.714844,3.30078,4.03125,1.35938,7.23438,46,585,455,129,0,1,1,0
4.6605,0.0304592,0.595377,-1.61965,-0.0878048,0.920255,-1.54872,-0.0728477,0.598284,-1.61706,0.0341531,0.891492,-1.52332,-0.195312,3.23828,-14.5078,-4.17969,-3.41016,6.78906,0.589844,2.94141,-13.3203,3.88281,-2.91797,9.125,49,644,682,132,0,1,1,0
4.67094,0.0304592,0.595377,-1.61965,-0.0878048,0.920255,-1.54872,-0.0728477,0.598284,-1.61706,0.0341531,0.891492,-1.52332,-0.195312,3.23828,-14.5078,-4.17969,-3.41016,6.78906,0.589844,2.94141,-13.3203,3.88281,-2.91797,9.125,49,644,682,132,0,1,1,0
4.68224,0.0304592,0.595377,-1.61965,-0.0878048,0.920255,-1.54872,-0.0728477,0.598284,-1.61706,0.0341531,0.891492,-1.52332,-0.195312,3.23828,-14.5078,-4.17969,-3.41016,6.78906,0.589844,2.94141,-13.3203,3.88281,-2.91797,9.125,49,644,682,132,0,1,1,0
4.69274,0.0457191,0.663199,-1.55941,-0.0723633,1.06002,-1.72005,-0.0831421,0.645699,-1.53168,0.0343347,1.03246,-1.6951,4.96875,1.08594,9.75781,1.62891,-0.441406,-5.30469,-4.67188,2.39844,12.1328,-1.18359,0.0976562,-5.37891,791,87,82,991,1,0,0,1
4.70348,0.0457191,0.663199,-1.55941,-0.0723633,1.06002,-1.72005,-0.0831421,0.645699,-1.53168,0.0343347,1.03246,-1.6951,4.96875,1.08594,9.75781,1.62891,-0.441406,-5.30469,-4.67188,2.39844,12.1328,-1.18359,0.0976562,-5.37891,791,87,82,991,1,0,0,1
4.71399,0.0457191,0.663199,-1.55941,-0.0723633,1.06002,-1.72005,-0.0831421,0.645699,-1.53168,0.0343347,1.03246,-1.6951,4.96875,1.08594,9.75781,1.62891,-0.441406,-5.30469,-4.67188,2.39844,12.1328,-1.18359,0.0976562,-5.37891,791,87,82,991,1,0,0,1
4.72426,0.0457191,0.663199,-1.55941,-0.0723633,1.06002,-1.72005,-0.0831421,0.645699,-1.53168,0.0343347,1.03246,-1.6951,4.96875,1.08594,9.75781,1.62891,-0.441406,-5.30469,-4.67188,2.39844,12.1328,-1.18359,0.0976562,-5.37891,791,87,82,991,1,0,0,1
4.73496,0.0371808,0.770079,-1.58315,-0.0887132,1.14055,-2.15338,-0.0837476,0.744524,-1.55804,0.0476568,1.1084,-2.1292,3.66016,3.66016,11.5391,-0.960938,-3.11328,3.82031,-3.55859,4.25391,10.3516,0.144531,-2.94141,3.85547,850,86,100,891,1,0,0,1
4.74545,0.0371808,0.770079,-1.58315,-0.0887132,1.14055,-2.15338,-0.0837476,0.744524,-1.55804,0.0476568,1.1084,-2.1292,3.66016,3.66016,11.5391,-0.960938,-3.11328,3.82031,-3.55859,4.25391,10.3516,0.144531,-2.94141,3.85547,850,86,100,891,1,0,0,1
4.75573,0.0371808,0.770079,-1.58315,-0.0887132,1.14055,-2.15338,-0.0837476,0.744524,-1.55804,0.0476568,1.1084,-2.1292,3.66016,3.66016,11.5391,-0.960938,-3.11328,3.82031,-3.55859,4.25391,10.3516,0.144531,-2.94141,3.85547,850,86,100,891,1,0,0,1
4.76662,0.0371808,0.770079,-1.58315,-0.0887132,1.14055,-2.15338,-0.0837476,0.744524,-1.55804,0.0476568,1.1084,-2.1292,3.66016,3.66016,11.5391,-0.960938,-3.11328,3.82031,-3.55859,4.25391,10.3516,0.144531,-2.94141,3.85547,850,86,100,891,1,0,0,1
4.77677,0.0479596,0.840807,-1.57681,-0.0828999,0.820763,-2.03223,-0.0868965,0.820037,-1.55639,0.0277342,0.802173,-1.99658,3.26172,0.0703125,7.26953,1.48047,1.73047,3.15234,-4.625,1.73047,7.45703,-0.367188,0.515625,2.81641,505,94,108,518,1,0,0,1
4.78694,0.0479596,0.840807,-1.57681,-0.0828999,0.820763,-2.03223,-0.0868965,0.820037,-1.55639,0.0277342,0.802173,-1.99658,3.26172,0.0703125,7.26953,1.48047,1.73047,3.15234,-4.625,1.73047,7.45703,-0.367188,0.515625,2.81641,505,94,108,518,1,0,0,1
4.79738,0.0479596,0.840807,-1.57681,-0.0828999,0.820763,-2.03223,-0.0868965,0.820037,-1.55639,0.0277342,0.802173,-1.99658,3.26172,0.0703125,7.26953,1.48047,1.73047,3.15234,-4.625,1.73047,7.45703,-0.367188,0.515625,2.81641,505,94,108,518,1,0,0,1
4.80794,0.0479596,0.840807,-1.57681,-0.0828999,0.820763,-2.03223,-0.0868965,0.820037,-1.55639,0.0277342,0.802173,-1.99658,3.26172,0.0703125,7.26953,1.48047,1.73047,3.15234,-4.625,1.73047,7.45703,-0.367188,0.515625,2.81641,505,94,108,518,1,0,0,1
4.81831,0.0435996,0.921042,-1.55614,-0.0702439,0.592471,-1.59837,-0.0805382,0.90227,-1.54282,0.0252515,0.57709,-1.57932,3.98047,-2.66797,6.75,0.195312,2.69531,-13.2812,-3.06641,-3.16406,8.67969,-0.714844,3.51172,-12.8359,495,100,110,735,1,0,0,1
4.82867,0.0435996,0.921042,-1.55614,-0.0702439,0.592471,-1.59837,-0.0805382,0.90227,-1.54282,0.0252515,0.57709,-1.57932,3.98047,-2.66797,6.75,0.195312,2.69531,-13.2812,-3.06641,-3.16406,8.67969,-0.714844,3.51172,-12.8359,495,100,110,735,1,0,0,1
4.83893,0.0435996,0.921042,-1.55614,-0.0702439,0.592471,-1.59837,-0.0805382,0.90227,-1.54282,0.0252515,0.57709,-1.57932,3.98047,-2.66797,6.75,0.195312,2.69531,-13.2812,-3.06641,-3.16406,8.67969,-0.714844,3.51172,-12.8359,495,100,110,735,1,0,0,1
4.84916,0.0435996,0.921042,-1.55614,-0.0702439,0.592471,-1.59837,-0.0805382,0.90227,-1.54282,0.0252515,0.57709,-1.57932,3.98047,-2.66797,6.75,0.195312,2.69531,-13.2812,-3.06641,-3.16406,8.67969,-0.714844,3.51172,-12.8359,495,100,110,735,1,0,0,1
4.86397,0.0233137,1.05753,-1.7301,-0.0814466,0.671798,-1.57387,-0.0830815,1.04312,-1.71779,0.0325786,0.636555,-1.51787,-1.53125,-0.664062,-5.04297,-4.5,1.23438,10.3867,0.714844,-0.121094,-4.71094,4.32812,2.59375,12.7266,26,866,996,104,0,1,1,0
4.87418,0.0233137,1.05753,-1.7301,-0.0814466,0.671798,-1.57387,-0.0830815,1.04312,-1.71779,0.0325786,0.636555,-1.51787,-1.53125,-0.664062,-5.04297,-4.5,1.23438,10.3867,0.714844,-0.121094,-4.71094,4.32812,2.59375,12.7266,26,866,996,104,0,1,1,0
4.88445,0.0233137,1.05753,-1.7301,-0.0814466,0.671798,-1.57387,-0.0830815,1.04312,-1.71779,0.0325786,0.636555,-1.51787,-1.53125,-0.664062,-5.04297,-4.5,1.23438,10.3867,0.714844,-0.121094,-4.71094,4.32812,2.59375,12.7266,26,866,996,104,0,1,1,0
4.89466,0.0408747,1.13638,-2.15536,-0.0781766,0.77347,-1.58925,-0.0962825,1.11997,-2.15483,0.0346981,0.739135,-1.54411,0.640625,-2.69531,3.11328,-4.00391,3.01562,11.6484,-0.367188,-2.125,3.92969,4.47656,4.10547,11.2422,38,964,860,120,0,1,1,0
4.90495,0.0408747,1.13638,-2.15536,-0.0781766,0.77347,-1.58925,-0.0962825,1.11997,-2.15483,0.0346981,0.739135,-1.54411,0.640625,-2.69531,3.11328,-4.00391,3.01562,11.6484,-0.367188,-2.125,3.92969,4.47656,4.10547,11.2422,38,964,860,120,0,1,1,0
4.91625,0.0408747,1.13638,-2.15536,-0.0781766,0.77347,-1.58925,-0.0962825,1.11997,-2.15483,0.0346981,0.739135,-1.54411,0.640625,-2.69531,3.11328,-4.00391,3.01562,11.6484,-0.367188,-2.125,3.92969,4.47656,4.10547,11.2422,38,964,860,120,0,1,1,0
4.92655,0.0408747,1.13638,-2.15536,-0.0781766,0.77347,-1.58925,-0.0962825,1.11997,-2.15483,0.0346981,0.739135,-1.54411,0.640625,-2.69531,3.11328,-4.00391,3.01562,11.6484,-0.367188,-2.125,3.92969,4.47656,4.10547,11.2422,38,964,860,120,0,1,1,0
4.93688,0.0373019,0.826032,-2.02613,-0.083566,0.845106,-1.57859,-0.0766022,0.808713,-2.0166,0.0360303,0.811559,-1.53911,-1.18359,0.367188,3.48438,-3.03906,0.195312,7.04688,0.617188,0.765625,3.41016,3.53516,1.35938,7.19531,46,579,462,128,0,1,1,0
4.94706,0.0373019,0.826032,-2.02613,-0.083566,0.845106,-1.57859,-0.0766022,0.808713,-2.0166,0.0360303,0.811559,-1.53911,-1.18359,0.367188,3.48438,-3.03906,0.195312,7.04688,0.617188,0.765625,3.41016,3.53516,1.35938,7.19531,46,579,462,128,0,1,1,0
4.95727,0.0373019,0.826032,-2.02613,-0.083566,0.845106,-1.57859,-0.0766022,0.808713,-2.0166,0.0360303,0.811559,-1.53911,-1.18359,0.367188,3.48438,-3.03906,0.195312,7.04688,0.617188,0.765625,3.41016,3.53516,1.35938,7.19531,46,579,462,128,0,1,1,0
4.96745,0.0373019,0.826032,-2.02613,-0.083566,0.845106,-1.57859,-0.0766022,0.808713,-2.0166,0.0360303,0.811559,-1.53911,-1.18359,0.367188,3.48438,-3.03906,0.195312,7.04688,0.617188,0.765625,3.41016,3.53516,1.35938,7.19531,46,579,462,128,0,1,1,0
4.97906,0.0350614,0.598042,-1.60846,-0.0822338,0.92292,-1.55485,-0.0659445,0.598163,-1.60596,0.030762,0.886587,-1.527,-0.367188,3.3125,-13.7266,-3.66016,-2.89062,6.78906,0.542969,2.91797,-13.4297,3.58594,-3.11328,8.90234,50,620,684,131,0,1,1,0
4.98965,0.0350614,0.598042,-1.60846,-0.0822338,0.92292,-1.55485,-0.0659445,0.598163,-1.60596,0.030762,0.886587,-1.527,-0.367188,3.3125,-13.7266,-3.66016,-2.89062,6.78906,0.542969,2.91797,-13.4297,3.58594,-3.11328,8.90234,50,620,684,131,0,1,1,0
5.0002,0.0350614,0.598042,-1.60846,-0.0822338,0.92292,-1.55485,-0.0659445,0.598163,-1.60596,0.030762,0.886587,-1.527,-0.367188,3.3125,-13.7266,-3.66016,-2.89062,6.78906,0.542969,2.91797,-13.4297,3.58594,-3.11328,8.90234,50,620,684,131,0,1,1,0
5.0105,0.0350614,0.598042,-1.60846,-0.0822338,0.92292,-1.55485,-0.0659445,0.598163,-1.60596,0.030762,0.886587,-1.527,-0.367188,3.3125,-13.7266,-3.66016,-2.89062,6.78906,0.542969,2.91797,-13.4297,3.58594,-3.11328,8.90234,50,620,684,131,0,1,1,0
5.02088,0.0483835,0.663805,-1.5645,-0.0709705,1.05887,-1.72808,-0.0750883,0.648424,-1.53794,0.0300959,1.02532,-1.69853,4.79688,1.45703,9.42188,1.97656,-0.269531,-5.11719,-3.92969,2.81641,12.207,-1.18359,0,-5.41406,727,85,80,959,1,0,0,1
5.03143,0.0483835,0.663805,-1.5645,-0.0709705,1.05887,-1.72808,-0.0750883,0.648424,-1.53794,0.0300959,1.02532,-1.69853,4.79688,1.45703,9.42188,1.97656,-0.269531,-5.11719,-3.92969,2.81641,12.207,-1.18359,0,-5.41406,727,85,80,959,1,0,0,1
5.04162,0.0483835,0.663805,-1.5645,-0.0709705,1.05887,-1.72808,-0.0750883,0.648424,-1.53794,0.0300959,1.02532,-1.69853,4.79688,1.45703,9.42188,1.97656,-0.269531,-5.11719,-3.92969,2.81641,12.207,-1.18359,0,-5.41406,727,85,80,959,1,0,0,1
5.05177,0.0402691,0.768444,-1.58618,-0.0842321,1.14534,-2.16642,-0.0775105,0.74513,-1.55885,0.0502001,1.11088,-2.14579,3.90625,4.03125,11.3516,-0.839844,-2.71875,3.55859,-3.58594,5.14453,11.2422,0.320312,-2.71875,3.82031,858,86,100,924,1,0,0,1
5.06198,0.0402691,0.768444,-1.58618,-0.0842321,1.14534,-2.16642,-0.0775105,0.74513,-1.55885,0.0502001,1.11088,-2.14579,3.90625,4.03125,11.3516,-0.839844,-2.71875,3.55859,-3.58594,5.14453,11.2422,0.320312,-2.71875,3.82031,858,86,100,924,1,0,0,1
5.07259,0.0402691,0.768444,-1.58618,-0.0842321,1.14534,-2.16642,-0.0775105,0.74513,-1.55885,0.0502001,1.11088,-2.14579,3.90625,4.03125,11.3516,-0.839844,-2.71875,3.55859,-3.58594,5.14453,11.2422,0.320312,-2.71875,3.82031,858,86,100,924,1,0,0,1
5.08289,0.0402691,0.768444,-1.58618,-0.0842321,1.14534,-2.16642,-0.0775105,0.74513,-1.55885,0.0502001,1.11088,-2.14579,3.90625,4.03125,11.3516,-0.839844,-2.71875,3.55859,-3.58594,5.14453,11.2422,0.320312,-2.71875,3.82031,858,86,100,924,1,0,0,1
5.09306,0.0473541,0.838627,-1.57964,-0.0716972,0.833904,-2.03077,-0.0803566,0.819249,-1.5605,0.0422674,0.818159,-2.00893,3.03906,0.714844,6.75,1.38281,1.23438,3.1875,-4.00391,2,7.30859,-0.144531,0.195312,2.92969,468,93,108,512,1,0,0,1
5.10317,0.0473541,0.838627,-1.57964,-0.0716972,0.833904,-2.03077,-0.0803566,0.819249,-1.5605,0.0422674,0.818159,-2.00893,3.03906,0.714844,6.75,1.38281,1.23438,3.1875,-4.00391,2,7.30859,-0.144531,0.195312,2.92969,468,93,108,512,1,0,0,1
5.11333,0.0473541,0.838627,-1.57964,-0.0716972,0.833904,-2.03077,-0.0803566,0.819249,-1.5605,0.0422674,0.818159,-2.00893,3.03906,0.714844,6.75,1.38281,1.23438,3.1875,-4.00391,2,7.30859,-0.144531,0.195312,2.92969,468,93,108,512,1,0,0,1
5.12347,0.0473541,0.838627,-1.57964,-0.0716972,0.833904,-2.03077,-0.0803566,0.819249,-1.5605,0.0422674,0.818159,-2.00893,3.03906,0.714844,6.75,1.38281,1.23438,3.1875,-4.00391,2,7.30859,-0.144531,0.195312,2.92969,468,93,108,512,1,0,0,1
5.13366,0.042873,0.916925,-1.55865,-0.059344,0.614997,-1.60935,-0.0766627,0.90336,-1.55142,0.041783,0.608578,-1.60907,4.17969,-2.37109,6.67578,0.515625,2.69531,-11.5,-2.81641,-3.38672,8.86719,-0.640625,3.21484,-10.5742,491,98,110,747,1,0,0,1
5.14436,0.042873,0.916925,-1.55865,-0.059344,0.614997,-1.60935,-0.0766627,0.90336,-1.55142,0.041783,0.608578,-1.60907,4.17969,-2.37109,6.67578,0.515625,2.69531,-11.5,-2.81641,-3.38672,8.86719,-0.640625,3.21484,-10.5742,491,98,110,747,1,0,0,1
5.15484,0.042873,0.916925,-1.55865,-0.059344,0.614997,-1.60935,-0.0766627,0.90336,-1.55142,0.041783,0.608578,-1.60907,4.17969,-2.37109,6.67578,0.515625,2.69531,-11.5,-2.81641,-3.38672,8.86719,-0.640625,3.21484,-10.5742,491,98,110,747,1,0,0,1
5.16708,0.042873,0.916925,-1.55865,-0.059344,0.614997,-1.60935,-0.0766627,0.90336,-1.55142,0.041783,0.608578,-1.60907,4.17969,-2.37109,6.67578,0.515625,2.69531,-11.5,-2.81641,-3.38672,8.86719,-0.640625,3.21484,-10.5742,491,98,110,747,1,0,0,1
5.17716,0.0219209,1.05893,-1.74693,-0.0695172,0.692265,-1.57827,-0.0805382,1.05124,-1.74068,0.0472329,0.665985,-1.54072,-1.48047,-0.664062,-4.07812,-4.47656,1.40625,10.4258,1.01172,-0.394531,-4.44922,4.10547,1.87891,13.0234,27,892,1058,103,0,1,1,0
5.18762,0.0219209,1.05893,-1.74693,-0.0695172,0.692265,-1.57827,-0.0805382,1.05124,-1.74068,0.0472329,0.665985,-1.54072,-1.48047,-0.664062,-4.07812,-4.47656,1.40625,10.4258,1.01172,-0.394531,-4.44922,4.10547,1.87891,13.0234,27,892,1058,103,0,1,1,0
5.19852,0.0219209,1.05893,-1.74693,-0.0695172,0.692265,-1.57827,-0.0805382,1.05124,-1.74068,0.0472329,0.665985,-1.54072,-1.48047,-0.664062,-4.07812,-4.47656,1.40625,10.4258,1.01172,-0.394531,-4.44922,4.10547,1.87891,13.0234,27,892,1058,103,0,1,1,0
5.2087,0.0219209,1.05893,-1.74693,-0.0695172,0.692265,-1.57827,-0.0805382,1.05124,-1.74068,0.0472329,0.665985,-1.54072,-1.48047,-0.664062,-4.07812,-4.47656,1.40625,10.4258,1.01172,-0.394531,-4.44922,4.10547,1.87891,13.0234,27,892,1058,103,0,1,1,0
5.21887,0.0402691,1.13444,-2.16266,-0.0677611,0.794664,-1.59728,-0.0954348,1.12324,-2.16549,0.0511085,0.771048,-1.56773,0.765625,-2.69531,2.92969,-3.60938,3.33594,10.9453,-0.292969,-1.58203,4.07812,4.15234,4.32812,11.0195,40,935,842,121,0,1,1,0
5.22916,0.0402691,1.13444,-2.16266,-0.0677611,0.794664,-1.59728,-0.0954348,1.12324,-2.16549,0.0511085,0.771048,-1.56773,0.765625,-2.69531,2.92969,-3.60938,3.33594,10.9453,-0.292969,-1.58203,4.07812,4.15234,4.32812,11.0195,40,935,842,121,0,1,1,0
5.24065,0.0402691,1.13444,-2.16266,-0.0677611,0.794664,-1.59728,-0.0954348,1.12324,-2.16549,0.0511085,0.771048,-1.56773,0.765625,-2.69531,2.92969,-3.60938,3.33594,10.9453,-0.292969,-1.58203,4.07812,4.15234,4.32812,11.0195,40,935,842,121,0,1,1,0
5.25176,0.0365753,0.836629,-2.02904,-0.0732111,0.868844,-1.58816,-0.0776316,0.82264,-2.02266,0.0527435,0.844864,-1.55974,-1.10938,0.738281,3.78125,-3.38672,0.246094,7.56641,0.691406,0.617188,3.375,3.83203,1.53125,8.05078,47,569,478,128,0,1,1,0
5.26194,0.0365753,0.836629,-2.02904,-0.0732111,0.868844,-1.58816,-0.0776316,0.82264,-2.02266,0.0527435,0.844864,-1.55974,-1.10938,0.738281,3.78125,-3.38672,0.246094,7.56641,0.691406,0.617188,3.375,3.83203,1.53125,8.05078,47,569,478,128,0,1,1,0
5.27213,0.0365753,0.836629,-2.02904,-0.0732111,0.868844,-1.58816,-0.0776316,0.82264,-2.02266,0.0527435,0.844864,-1.55974,-1.10938,0.738281,3.78125,-3.38672,0.246094,7.56641,0.691406,0.617188,3.375,3.83203,1.53125,8.05078,47,569,478,128,0,1,1,0
5.28348,0.0365753,0.836629,-2.02904,-0.0732111,0.868844,-1.58816,-0.0776316,0.82264,-2.02266,0.0527435,0.844864,-1.55974,-1.10938,0.738281,3.78125,-3.38672,0.246094,7.56641,0.691406,0.617188,3.375,3.83203,1.53125,8.05078,47,569,478,128,0,1,1,0
5.29365,0.0350614,0.610334,-1.60394,-0.0704255,0.949503,-1.56321,-0.06546,0.609184,-1.60273,0.0494735,0.920437,-1.54339,-0.367188,3.01562,-13.6523,-3.95703,-2.86719,7.34375,0.46875,3.06641,-13.0977,3.4375,-2.94141,9.38672,50,634,698,132,0,1,1,0
5.30377,0.0350614,0.610334,-1.60394,-0.0704255,0.949503,-1.56321,-0.06546,0.609184,-1.60273,0.0494735,0.920437,-1.54339,-0.367188,3.01562,-13.6523,-3.95703,-2.86719,7.34375,0.46875,3.06641,-13.0977,3.4375,-2.94141,9.38672,50,634,698,132,0,1,1,0
5.31455,0.0350614,0.610334,-1.60394,-0.0704255,0.949503,-1.56321,-0.06546,0.609184,-1.60273,0.0494735,0.920437,-1.54339,-0.367188,3.01562,-13.6523,-3.95703,-2.86719,7.34375,0.46875,3.06641,-13.0977,3.4375,-2.94141,9.38672,50,634,698,132,0,1,1,0
5.33334,0.0350614,0.610334,-1.60394,-0.0704255,0.949503,-1.56321,-0.06546,0.609184,-1.60273,0.0494735,0.920437,-1.54339,-0.367188,3.01562,-13.6523,-3.95703,-2.86719,7.34375,0.46875,3.06641,-13.0977,3.4375,-2.94141,9.38672,50,634,698,132,0,1,1,0
5.34355,0.0480202,0.689783,-1.5771,-0.060434,1.08418,-1.72945,-0.0735138,0.675794,-1.55182,0.0508057,1.05862,-1.70959,4.77344,1.80469,10.1289,1.95312,-0.34375,-5.75,-4.20312,2.54688,12.2812,-1.35938,-0.0976562,-5.60156,728,90,81,912,1,0,0,1
5.35461,0.0480202,0.689783,-1.5771,-0.060434,1.08418,-1.72945,-0.0735138,0.675794,-1.55182,0.0508057,1.05862,-1.70959,4.77344,1.80469,10.1289,1.95312,-0.34375,-5.75,-4.20312,2.54688,12.2812,-1.35938,-0.0976562,-5.60156,728,90,81,912,1,0,0,1
5.36498,0.0480202,0.689783,-1.5771,-0.060434,1.08418,-1.72945,-0.0735138,0.675794,-1.55182,0.0508057,1.05862,-1.70959,4.77344,1.80469,10.1289,1.95312,-0.34375,-5.75,-4.20312,2.54688,12.2812,-1.35938,-0.0976562,-5.60156,728,90,81,912,1,0,0,1
5.3754,0.0404508,0.789396,-1.58876,-0.0704861,1.16786,-2.16093,-0.0773288,0.768686,-1.56365,0.0683061,1.13868,-2.14809,4.27734,3.26172,11.2773,-1.21094,-3.06641,3.52344,-3.95703,4.94531,10.8711,0.617188,-3.03906,3.67188,824,87,99,832,1,0,0,1
5.38557,0.0404508,0.789396,-1.58876,-0.0704861,1.16786,-2.16093,-0.0773288,0.768686,-1.56365,0.0683061,1.13868,-2.14809,4.27734,3.26172,11.2773,-1.21094,-3.06641,3.52344,-3.95703,4.94531,10.8711,0.617188,-3.03906,3.67188,824,87,99,832,1,0,0,1
5.39574,0.0404508,0.789396,-1.58876,-0.0704861,1.16786,-2.16093,-0.0773288,0.768686,-1.56365,0.0683061,1.13868,-2.14809,4.27734,3.26172,11.2773,-1.21094,-3.06641,3.52344,-3.95703,4.94531,10.8711,0.617188,-3.03906,3.67188,824,87,99,832,1,0,0,1
5.40604,0.0404508,0.789396,-1.58876,-0.0704861,1.16786,-2.16093,-0.0773288,0.768686,-1.56365,0.0683061,1.13868,-2.14809,4.27734,3.26172,11.2773,-1.21094,-3.06641,3.52344,-3.95703,4.94531,10.8711,0.617188,-3.03906,3.67188,824,87,99,832,1,0,0,1
5.41656,0.0466879,0.861456,-1.57677,-0.0637645,0.839051,-2.03582,-0.0787821,0.839838,-1.55384,0.048444,0.824578,-2.01467,3.03906,0.492188,7.19531,1.13672,0.269531,3.375,-4.00391,1.33203,7.19531,-0.195312,0.839844,2.78125,478,94,107,495,1,0,0,1
5.42722,0.0466879,0.861456,-1.57677,-0.0637645,0.839051,-2.03582,-0.0787821,0.839838,-1.55384,0.048444,0.824578,-2.01467,3.03906,0.492188,7.19531,1.13672,0.269531,3.375,-4.00391,1.33203,7.19531,-0.195312,0.839844,2.78125,478,94,107,495,1,0,0,1
5.43757,0.0466879,0.861456,-1.57677,-0.0637645,0.839051,-2.03582,-0.0787821,0.839838,-1.55384,0.048444,0.824578,-2.01467,3.03906,0.492188,7.19531,1.13672,0.269531,3.375,-4.00391,1.33203,7.19531,-0.195312,0.839844,2.78125,478,94,107,495,1,0,0,1
5.44766,0.0466879,0.861456,-1.57677,-0.0637645,0.839051,-2.03582,-0.0787821,0.839838,-1.55384,0.048444,0.824578,-2.01467,3.03906,0.492188,7.19531,1.13672,0.269531,3.375,-4.00391,1.33203,7.19531,-0.195312,0.839844,2.78125,478,94,107,495,1,0,0,1
5.45781,0.0399663,0.939996,-1.55538,-0.0564979,0.610334,-1.61153,-0.0741799,0.919468,-1.53838,0.0426308,0.602765,-1.6056,3.58594,-1.97656,7.38281,0.292969,2.91797,-13.7266,-2.71875,-4.00391,8.60547,-0.664062,3.3125,-12.8008,503,99,109,725,1,0,0,1
5.46816,0.0399663,0.939996,-1.55538,-0.0564979,0.610334,-1.61153,-0.0741799,0.919468,-1.53838,0.0426308,0.602765,-1.6056,3.58594,-1.97656,7.38281,0.292969,2.91797,-13.7266,-2.71875,-4.00391,8.60547,-0.664062,3.3125,-12.8008,503,99,109,725,1,0,0,1
5.47872,0.0399663,0.939996,-1.55538,-0.0564979,0.610334,-1.61153,-0.0741799,0.919468,-1.53838,0.0426308,0.602765,-1.6056,3.58594,-1.97656,7.38281,0.292969,2.91797,-13.7266,-2.71875,-4.00391,8.60547,-0.664062,3.3125,-12.8008,503,99,109,725,1,0,0,1
5.48908,0.0399663,0.939996,-1.55538,-0.0564979,0.610334,-1.61153,-0.0741799,0.919468,-1.53838,0.0426308,0.602765,-1.6056,3.58594,-1.97656,7.38281,0.292969,2.91797,-13.7266,-2.71875,-4.00391,8.60547,-0.664062,3.3125,-12.8008,503,99,109,725,1,0,0,1
5.49924,0.0213759,1.07806,-1.73381,-0.0680639,0.690388,-1.58073,-0.0773894,1.06214,-1.71007,0.0498368,0.663502,-1.53895,-1.73047,-0.441406,-4.52344,-4.59766,1.75391,10.8711,0.839844,-0.789062,-5.11719,4.5,2.86719,13.2461,31,902,1041,104,0,1,1,0
5.51156,0.0213759,1.07806,-1.73381,-0.0680639,0.690388,-1.58073,-0.0773894,1.06214,-1.71007,0.0498368,0.663502,-1.53895,-1.73047,-0.441406,-4.52344,-4.59766,1.75391,10.8711,0.839844,-0.789062,-5.11719,4.5,2.86719,13.2461,31,902,1041,104,0,1,1,0
5.52246,0.0213759,1.07806,-1.73381,-0.0680639,0.690388,-1.58073,-0.0773894,1.06214,-1.71007,0.0498368,0.663502,-1.53895,-1.73047,-0.441406,-4.52344,-4.59766,1.75391,10.8711,0.839844,-0.789062,-5.11719,4.5,2.86719,13.2461,31,902,1041,104,0,1,1,0
5.53271,0.0418435,1.1563,-2.17167,-0.0635223,0.798358,-1.59635,-0.0905904,1.14049,-2.16565,0.0512296,0.77571,-1.56781,0.839844,-3.16406,2.59375,-3.14062,3.46094,11.7969,-0.664062,-2.27344,4.00391,3.88281,3.98047,10.832,38,913,840,120,0,1,1,0
5.54293,0.0418435,1.1563,-2.17167,-0.0635223,0.798358,-1.59635,-0.0905904,1.14049,-2.16565,0.0512296,0.77571,-1.56781,0.839844,-3.16406,2.59375,-3.14062,3.46094,11.7969,-0.664062,-2.27344,4.00391,3.88281,3.98047,10.832,38,913,840,120,0,1,1,0
5.55309,0.0418435,1.1563,-2.17167,-0.0635223,0.798358,-1.59635,-0.0905904,1.14049,-2.16565,0.0512296,0.77571,-1.56781,0.839844,-3.16406,2.59375,-3.14062,3.46094,11.7969,-0.664062,-2.27344,4.00391,3.88281,3.98047,10.832,38,913,840,120,0,1,1,0
5.56328,0.0418435,1.1563,-2.17167,-0.0635223,0.798358,-1.59635,-0.0905904,1.14049,-2.16565,0.0512296,0.77571,-1.56781,0.839844,-3.16406,2.59375,-3.14062,3.46094,11.7969,-0.664062,-2.27344,4.00391,3.88281,3.98047,10.832,38,913,840,120,0,1,1,0
5.57348,0.0382708,0.832269,-2.04498,-0.0681244,0.873931,-1.58121,-0.0757544,0.814466,-2.03106,0.0568006,0.852615,-1.55764,-1.01172,1.18359,3.48438,-3.46094,0,7.67969,0.566406,1.08594,3.30078,4.27734,1.28516,7.67969,46,590,466,128,0,1,1,0
5.58371,0.0382708,0.832269,-2.04498,-0.0681244,0.873931,-1.58121,-0.0757544,0.814466,-2.03106,0.0568006,0.852615,-1.55764,-1.01172,1.18359,3.48438,-3.46094,0,7.67969,0.566406,1.08594,3.30078,4.27734,1.28516,7.67969,46,590,466,128,0,1,1,0
5.59412,0.0382708,0.832269,-2.04498,-0.0681244,0.873931,-1.58121,-0.0757544,0.814466,-2.03106,0.0568006,0.852615,-1.55764,-1.01172,1.18359,3.48438,-3.46094,0,7.67969,0.566406,1.08594,3.30078,4.27734,1.28516,7.67969,46,590,466,128,0,1,1,0
5.60432,0.0382708,0.832269,-2.04498,-0.0681244,0.873931,-1.58121,-0.0757544,0.814466,-2.03106,0.0568006,0.852615,-1.55764,-1.01172,1.18359,3.48438,-3.46094,0,7.67969,0.566406,1.08594,3.30078,4.27734,1.28516,7.67969,46,590,466,128,0,1,1,0
5.61459,0.0372414,0.599374,-1.62623,-0.066005,0.952228,-1.54884,-0.06655,0.59671,-1.61504,0.0531673,0.930065,-1.53987,-0.21875,3.21484,-14.7656,-3.83203,-3.36328,7.16016,0.46875,3.21484,-13.6172,3.75781,-3.06641,9.38672,50,654,693,131,0,1,1,0
5.62604,0.0372414,0.599374,-1.62623,-0.066005,0.952228,-1.54884,-0.06655,0.59671,-1.61504,0.0531673,0.930065,-1.53987,-0.21875,3.21484,-14.7656,-3.83203,-3.36328,7.16016,0.46875,3.21484,-13.6172,3.75781,-3.06641,9.38672,50,654,693,131,0,1,1,0
5.63718,0.0372414,0.599374,-1.62623,-0.066005,0.952228,-1.54884,-0.06655,0.59671,-1.61504,0.0531673,0.930065,-1.53987,-0.21875,3.21484,-14.7656,-3.83203,-3.36328,7.16016,0.46875,3.21484,-13.6172,3.75781,-3.06641,9.38672,50,654,693,131,0,1,1,0
5.64745,0.0372414,0.599374,-1.62623,-0.066005,0.952228,-1.54884,-0.06655,0.59671,-1.61504,0.0531673,0.930065,-1.53987,-0.21875,3.21484,-14.7656,-3.83203,-3.36328,7.16016,0.46875,3.21484,-13.6172,3.75781,-3.06641,9.38672,50,654,693,131,0,1,1,0
5.6641,0.0530462,0.658052,-1.56571,-0.053894,1.08902,-1.715,-0.0773288,0.647757,-1.54492,0.0516535,1.06922,-1.70281,5.5625,2.29688,9.98047,2,-0.515625,-5.67578,-4.44922,3.14062,12.0938,-1.13672,0.0703125,-5.26562,778,84,82,942,1,0,0,1
5.67452,0.0530462,0.658052,-1.56571,-0.053894,1.08902,-1.715,-0.0773288,0.647757,-1.54492,0.0516535,1.06922,-1.70281,5.5625,2.29688,9.98047,2,-0.515625,-5.67578,-4.44922,3.14062,12.0938,-1.13672,0.0703125,-5.26562,778,84,82,942,1,0,0,1
5.68479,0.0530462,0.658052,-1.56571,-0.053894,1.08902,-1.715,-0.0773288,0.647757,-1.54492,0.0516535,1.06922,-1.70281,5.5625,2.29688,9.98047,2,-0.515625,-5.67578,-4.44922,3.14062,12.0938,-1.13672,0.0703125,-5.26562,778,84,82,942,1,0,0,1
5.69867,0.0435996,0.769836,-1.59381,-0.0699411,1.17313,-2.15532,-0.0761177,0.75058,-1.56656,0.0640673,1.14709,-2.14752,4.20312,4.44922,11.9844,-1.23438,-3.26172,3.41016,-3.68359,4.87109,10.9062,0.738281,-2.99219,4.07812,876,84,99,890,1,0,0,1
5.70936,0.0435996,0.769836,-1.59381,-0.0699411,1.17313,-2.15532,-0.0761177,0.75058,-1.56656,0.0640673,1.14709,-2.14752,4.20312,4.44922,11.9844,-1.23438,-3.26172,3.41016,-3.68359,4.87109,10.9062,0.738281,-2.99219,4.07812,876,84,99,890,1,0,0,1
5.71961,0.0435996,0.769836,-1.59381,-0.0699411,1.17313,-2.15532,-0.0761177,0.75058,-1.56656,0.0640673,1.14709,-2.14752,4.20312,4.44922,11.9844,-1.23438,-3.26172,3.41016,-3.68359,4.87109,10.9062,0.738281,-2.99219,4.07812,876,84,99,890,1,0,0,1
5.72983,0.0435996,0.769836,-1.59381,-0.0699411,1.17313,-2.15532,-0.0761177,0.75058,-1.56656,0.0640673,1.14709,-2.14752,4.20312,4.44922,11.9844,-1.23438,-3.26172,3.41016,-3.68359,4.87109,10.9062,0.738281,-2.99219,4.07812,876,84,99,890,1,0,0,1
5.74016,0.0518351,0.849103,-1.58787,-0.0721211,0.828212,-2.0405,-0.0777527,0.831421,-1.56385,0.0366964,0.813557,-2.01612,3.03906,0.171875,7.30859,1.40625,0.9375,3.59766,-4.40234,1.35938,7.45703,-0.367188,1.01172,3.30078,493,93,107,500,1,0,0,1
5.7508,0.0518351,0.849103,-1.58787,-0.0721211,0.828212,-2.0405,-0.0777527,0.831421,-1.56385,0.0366964,0.813557,-2.01612,3.03906,0.171875,7.30859,1.40625,0.9375,3.59766,-4.40234,1.35938,7.45703,-0.367188,1.01172,3.30078,493,93,107,500,1,0,0,1
5.76139,0.0518351,0.849103,-1.58787,-0.0721211,0.828212,-2.0405,-0.0777527,0.831421,-1.56385,0.0366964,0.813557,-2.01612,3.03906,0.171875,7.30859,1.40625,0.9375,3.59766,-4.40234,1.35938,7.45703,-0.367188,1.01172,3.30078,493,93,107,500,1,0,0,1
5.77154,0.0472935,0.933638,-1.56313,-0.068185,0.594227,-1.61577,-0.0734533,0.917954,-1.54706,0.026947,0.583569,-1.60192,4.12891,-2.91797,7.01172,0.195312,2.86719,-2.89062,-3.03906,-3.66016,8.64453,-0.394531,3.03906,-2.89062,521,98,108,740,1,0,0,1
5.7829,0.0472935,0.933638,-1.56313,-0.068185,0.594227,-1.61577,-0.0734533,0.917954,-1.54706,0.026947,0.583569,-1.60192,4.12891,-2.91797,7.01172,0.195312,2.86719,-2.89062,-3.03906,-3.66016,8.64453,-0.394531,3.03906,-2.89062,521,98,108,740,1,0,0,1
5.79312,0.0472935,0.933638,-1.56313,-0.068185,0.594227,-1.61577,-0.0734533,0.917954,-1.54706,0.026947,0.583569,-1.60192,4.12891,-2.91797,7.01172,0.195312,2.86719,-2.89062,-3.03906,-3.66016,8.64453,-0.394531,3.03906,-2.89062,521,98,108,740,1,0,0,1
5.80333,0.0472935,0.933638,-1.56313,-0.068185,0.594227,-1.61577,-0.0734533,0.917954,-1.54706,0.026947,0.583569,-1.60192,4.12891,-2.91797,7.01172,0.195312,2.86719,-2.89062,-3.03906,-3.66016,8.64453,-0.394531,3.03906,-2.89062,521,98,108,740,1,0,0,1
5.81357,0.0289453,1.0754,-1.73708,-0.0746038,0.665621,-1.56398,-0.0741194,1.06117,-1.71625,0.0362119,0.644548,-1.53358,-1.92578,-0.691406,-4.89453,-4.72266,2.14844,11.2422,1.08594,-0.441406,-4.89453,4.42578,2.89062,13.207,31,913,1015,102,0,1,1,0
5.82373,0.0289453,1.0754,-1.73708,-0.0746038,0.665621,-1.56398,-0.0741194,1.06117,-1.71625,0.0362119,0.644548,-1.53358,-1.92578,-0.691406,-4.89453,-4.72266,2.14844,11.2422,1.08594,-0.441406,-4.89453,4.42578,2.89062,13.207,31,913,1015,102,0,1,1,0
5.83395,0.0289453,1.0754,-1.73708,-0.0746038,0.665621,-1.56398,-0.0741194,1.06117,-1.71625,0.0362119,0.644548,-1.53358,-1.92578,-0.691406,-4.89453,-4.72266,2.14844,11.2422,1.08594,-0.441406,-4.89453,4.42578,2.89062,13.207,31,913,1015,102,0,1,1,0
5.84418,0.0289453,1.0754,-1.73708,-0.0746038,0.665621,-1.56398,-0.0741194,1.06117,-1.71625,0.0362119,0.644548,-1.53358,-1.92578,-0.691406,-4.89453,-4.72266,2.14844,11.2422,1.08594,-0.441406,-4.89453,4.42578,2.89062,13.207,31,913,1015,102,0,1,1,0
5.85524,0.0477174,1.14927,-2.1669,-0.0683667,0.774136,-1.5865,-0.0887737,1.13438,-2.15911,0.0377864,0.752094,-1.56139,0.960938,-2.91797,2.92969,-3.14062,3.80859,11.7617,-0.441406,-2.49609,3.92969,3.88281,4.05469,10.5352,37,919,836,120,0,1,1,0
5.86538,0.0477174,1.14927,-2.1669,-0.0683667,0.774136,-1.5865,-0.0887737,1.13438,-2.15911,0.0377864,0.752094,-1.56139,0.960938,-2.91797,2.92969,-3.14062,3.80859,11.7617,-0.441406,-2.49609,3.92969,3.88281,4.05469,10.5352,37,919,836,120,0,1,1,0
5.87589,0.0477174,1.14927,-2.1669,-0.0683667,0.774136,-1.5865,-0.0887737,1.13438,-2.15911,0.0377864,0.752094,-1.56139,0.960938,-2.91797,2.92969,-3.14062,3.80859,11.7617,-0.441406,-2.49609,3.92969,3.88281,4.05469,10.5352,37,919,836,120,0,1,1,0
5.88614,0.0477174,1.14927,-2.1669,-0.0683667,0.774136,-1.5865,-0.0887737,1.13438,-2.15911,0.0377864,0.752094,-1.56139,0.960938,-2.91797,2.92969,-3.14062,3.80859,11.7617,-0.441406,-2.49609,3.92969,3.88281,4.05469,10.5352,37,919,836,120,0,1,1,0
5.89657,0.0350008,0.823549,-2.03691,-0.0742405,0.852615,-1.57568,-0.0804777,0.808471,-2.02819,0.0417224,0.831542,-1.55324,-1.58203,0.441406,3.59766,-3.38672,0.0703125,7.34375,0.515625,0.542969,3.41016,4.5,1.60547,7.56641,45,554,460,128,0,1,1,0
5.90672,0.0350008,0.823549,-2.03691,-0.0742405,0.852615,-1.57568,-0.0804777,0.808471,-2.02819,0.0417224,0.831542,-1.55324,-1.58203,0.441406,3.59766,-3.38672,0.0703125,7.34375,0.515625,0.542969,3.41016,4.5,1.60547,7.56641,45,554,460,128,0,1,1,0
5.9171,0.0350008,0.823549,-2.03691,-0.0742405,0.852615,-1.57568,-0.0804777,0.808471,-2.02819,0.0417224,0.831542,-1.55324,-1.58203,0.441406,3.59766,-3.38672,0.0703125,7.34375,0.515625,0.542969,3.41016,4.5,1.60547,7.56641,45,554,460,128,0,1,1,0
5.9282,0.0350008,0.823549,-2.03691,-0.0742405,0.852615,-1.57568,-0.0804777,0.808471,-2.02819,0.0417224,0.831542,-1.55324,-1.58203,0.441406,3.59766,-3.38672,0.0703125,7.34375,0.515625,0.542969,3.41016,4.5,1.60547,7.56641,45,554,460,128,0,1,1,0
5.93847,0.0242826,0.586597,-1.61432,-0.0716972,0.936,-1.54746,-0.0766627,0.589806,-1.62057,0.039603,0.91099,-1.53604,-0.21875,3.21484,-13.6523,-4.44922,-3.68359,6.89844,0.640625,2.99219,-13.3555,3.85547,-3.11328,9.46094,49,635,686,131,0,1,1,0
5.94867,0.0242826,0.586597,-1.61432,-0.0716972,0.936,-1.54746,-0.0766627,0.589806,-1.62057,0.039603,0.91099,-1.53604,-0.21875,3.21484,-13.6523,-4.44922,-3.68359,6.89844,0.640625,2.99219,-13.3555,3.85547,-3.11328,9.46094,49,635,686,131,0,1,1,0
5.95895,0.0242826,0.586597,-1.61432,-0.0716972,0.936,-1.54746,-0.0766627,0.589806,-1.62057,0.039603,0.91099,-1.53604,-0.21875,3.21484,-13.6523,-4.44922,-3.68359,6.89844,0.640625,2.99219,-13.3555,3.85547,-3.11328,9.46094,49,635,686,131,0,1,1,0
5.96927,0.0242826,0.586597,-1.61432,-0.0716972,0.936,-1.54746,-0.0766627,0.589806,-1.62057,0.039603,0.91099,-1.53604,-0.21875,3.21484,-13.6523,-4.44922,-3.68359,6.89844,0.640625,2.99219,-13.3555,3.85547,-3.11328,9.46094,49,635,686,131,0,1,1,0
5.97978,0.0408141,0.672282,-1.57964,-0.0543784,1.07703,-1.71217,-0.0850193,0.646486,-1.54197,0.0407536,1.05499,-1.7014,4.64844,0.988281,9.94141,1.62891,-0.765625,-5.04297,-4.10547,2.59375,12.2812,-0.789062,0.394531,-5.45312,741,84,84,996,1,0,0,1
5.99057,0.0408141,0.672282,-1.57964,-0.0543784,1.07703,-1.71217,-0.0850193,0.646486,-1.54197,0.0407536,1.05499,-1.7014,4.64844,0.988281,9.94141,1.62891,-0.765625,-5.04297,-4.10547,2.59375,12.2812,-0.789062,0.394531,-5.45312,741,84,84,996,1,0,0,1
6.00436,0.0408141,0.672282,-1.57964,-0.0543784,1.07703,-1.71217,-0.0850193,0.646486,-1.54197,0.0407536,1.05499,-1.7014,4.64844,0.988281,9.94141,1.62891,-0.765625,-5.04297,-4.10547,2.59375,12.2812,-0.789062,0.394531,-5.45312,741,84,84,996,1,0,0,1
6.01474,0.0320942,0.783764,-1.59732,-0.0689722,1.15545,-2.15293,-0.0849587,0.751428,-1.56527,0.0569218,1.12929,-2.14587,3.73438,3.41016,11.1289,-1.13672,-3.1875,3.70703,-3.36328,4.30078,10.6484,0.269531,-3.1875,3.82031,805,86,100,855,1,0,0,1
6.02511,0.0320942,0.783764,-1.59732,-0.0689722,1.15545,-2.15293,-0.0849587,0.751428,-1.56527,0.0569218,1.12929,-2.14587,3.73438,3.41016,11.1289,-1.13672,-3.1875,3.70703,-3.36328,4.30078,10.6484,0.269531,-3.1875,3.82031,805,86,100,855,1,0,0,1
6.03668,0.0320942,0.783764,-1.59732,-0.0689722,1.15545,-2.15293,-0.0849587,0.751428,-1.56527,0.0569218,1.12929,-2.14587,3.73438,3.41016,11.1289,-1.13672,-3.1875,3.70703,-3.36328,4.30078,10.6484,0.269531,-3.1875,3.82031,805,86,100,855,1,0,0,1
6.04682,0.0320942,0.783764,-1.59732,-0.0689722,1.15545,-2.15293,-0.0849587,0.751428,-1.56527,0.0569218,1.12929,-2.14587,3.73438,3.41016,11.1289,-1.13672,-3.1875,3.70703,-3.36328,4.30078,10.6484,0.269531,-3.1875,3.82031,805,86,100,855,1,0,0,1
6.05712,0.042873,0.862122,-1.5836,-0.0678217,0.810832,-2.02863,-0.0881682,0.830937,-1.55376,0.0364541,0.796238,-2.00756,3.73438,-0.0703125,7.86328,1.40625,2.17578,3.03906,-4.44922,1.55469,7.90234,-0.640625,0.046875,2.89062,512,94,108,534,1,0,0,1
6.0702,0.042873,0.862122,-1.5836,-0.0678217,0.810832,-2.02863,-0.0881682,0.830937,-1.55376,0.0364541,0.796238,-2.00756,3.73438,-0.0703125,7.86328,1.40625,2.17578,3.03906,-4.44922,1.55469,7.90234,-0.640625,0.046875,2.89062,512,94,108,534,1,0,0,1
6.08141,0.042873,0.862122,-1.5836,-0.0678217,0.810832,-2.02863,-0.0881682,0.830937,-1.55376,0.0364541,0.796238,-2.00756,3.73438,-0.0703125,7.86328,1.40625,2.17578,3.03906,-4.44922,1.55469,7.90234,-0.640625,0.046875,2.89062,512,94,108,534,1,0,0,1
6.09161,0.0386947,0.941873,-1.55562,-0.0644306,0.584356,-1.60826,-0.0826577,0.914321,-1.53333,0.0319731,0.573275,-1.59542,4.17969,-3.06641,7.30859,0.492188,3.16406,-13.2812,-3.28906,-3.28906,8.86719,-0.664062,3.03906,-13.0234,534,99,110,729,1,0,0,1
6.10179,0.0386947,0.941873,-1.55562,-0.0644306,0.584356,-1.60826,-0.0826577,0.914321,-1.53333,0.0319731,0.573275,-1.59542,4.17969,-3.06641,7.30859,0.492188,3.16406,-13.2812,-3.28906,-3.28906,8.86719,-0.664062,3.03906,-13.0234,534,99,110,729,1,0,0,1
6.11212,0.0386947,0.941873,-1.55562,-0.0644306,0.584356,-1.60826,-0.0826577,0.914321,-1.53333,0.0319731,0.573275,-1.59542,4.17969,-3.06641,7.30859,0.492188,3.16406,-13.2812,-3.28906,-3.28906,8.86719,-0.664062,3.03906,-13.0234,534,99,110,729,1,0,0,1
6.12234,0.0386947,0.941873,-1.55562,-0.0644306,0.584356,-1.60826,-0.0826577,0.914321,-1.53333,0.0319731,0.573275,-1.59542,4.17969,-3.06641,7.30859,0.492188,3.16406,-13.2812,-3.28906,-3.28906,8.86719,-0.664062,3.03906,-13.0234,534,99,110,729,1,0,0,1
6.13255,0.0199226,1.08091,-1.72388,-0.0758755,0.658234,-1.5647,-0.0837476,1.05663,-1.70289,0.0421463,0.632558,-1.51476,-1.33203,-1.18359,-4.93359,-4.64844,1.80469,10.5742,0.839844,-0.542969,-4.85938,4.82031,2.86719,12.9492,26,886,1010,104,0,1,1,0
6.14277,0.0199226,1.08091,-1.72388,-0.0758755,0.658234,-1.5647,-0.0837476,1.05663,-1.70289,0.0421463,0.632558,-1.51476,-1.33203,-1.18359,-4.93359,-4.64844,1.80469,10.5742,0.839844,-0.542969,-4.85938,4.82031,2.86719,12.9492,26,886,1010,104,0,1,1,0
6.15374,0.0199226,1.08091,-1.72388,-0.0758755,0.658234,-1.5647,-0.0837476,1.05663,-1.70289,0.0421463,0.632558,-1.51476,-1.33203,-1.18359,-4.93359,-4.64844,1.80469,10.5742,0.839844,-0.542969,-4.85938,4.82031,2.86719,12.9492,26,886,1010,104,0,1,1,0
6.16391,0.0199226,1.08091,-1.72388,-0.0758755,0.658234,-1.5647,-0.0837476,1.05663,-1.70289,0.0421463,0.632558,-1.51476,-1.33203,-1.18359,-4.93359,-4.64844,1.80469,10.5742,0.839844,-0.542969,-4.85938,4.82031,2.86719,12.9492,26,886,1010,104,0,1,1,0
6.17474,0.0408141,1.15678,-2.16012,-0.072545,0.769534,-1.58549,-0.0944053,1.13026,-2.1495,0.0454769,0.745675,-1.54581,1.13672,-3.28906,2.89062,-3.92969,3.26172,11.168,-0.589844,-2.07422,4.00391,4.47656,4.10547,10.8711,37,916,842,121,0,1,1,0
6.18574,0.0408141,1.15678,-2.16012,-0.072545,0.769534,-1.58549,-0.0944053,1.13026,-2.1495,0.0454769,0.745675,-1.54581,1.13672,-3.28906,2.89062,-3.92969,3.26172,11.168,-0.589844,-2.07422,4.00391,4.47656,4.10547,10.8711,37,916,842,121,0,1,1,0
6.19707,0.0408141,1.15678,-2.16012,-0.072545,0.769534,-1.58549,-0.0944053,1.13026,-2.1495,0.0454769,0.745675,-1.54581,1.13672,-3.28906,2.89062,-3.92969,3.26172,11.168,-0.589844,-2.07422,4.00391,4.47656,4.10547,10.8711,37,916,842,121,0,1,1,0
6.21122,0.0408141,1.15678,-2.16012,-0.072545,0.769534,-1.58549,-0.0944053,1.13026,-2.1495,0.0454769,0.745675,-1.54581,1.13672,-3.28906,2.89062,-3.92969,3.26172,11.168,-0.589844,-2.07422,4.00391,4.47656,4.10547,10.8711,37,916,842,121,0,1,1,0
6.22138,0.0362119,0.831421,-2.0361,-0.0754516,0.851828,-1.57459,-0.0793271,0.808228,-2.01475,0.0463246,0.826819,-1.54028,-1.08594,0.589844,3.92969,-2.94141,0.320312,7.12109,0.640625,0.0976562,3.11328,3.83203,1.33203,7.34375,45,558,455,129,0,1,1,0
6.23223,0.0362119,0.831421,-2.0361,-0.0754516,0.851828,-1.57459,-0.0793271,0.808228,-2.01475,0.0463246,0.826819,-1.54028,-1.08594,0.589844,3.92969,-2.94141,0.320312,7.12109,0.640625,0.0976562,3.11328,3.83203,1.33203,7.34375,45,558,455,129,0,1,1,0
6.24527,0.0362119,0.831421,-2.0361,-0.0754516,0.851828,-1.57459,-0.0793271,0.808228,-2.01475,0.0463246,0.826819,-1.54028,-1.08594,0.589844,3.92969,-2.94141,0.320312,7.12109,0.640625,0.0976562,3.11328,3.83203,1.33203,7.34375,45,558,455,129,0,1,1,0
6.25613,0.031307,0.593985,-1.61642,-0.0744222,0.93818,-1.54839,-0.0721211,0.592168,-1.60826,0.0429941,0.911778,-1.52692,-0.417969,3.4375,-14.543,-4.00391,-3.3125,6.82422,0.691406,3.03906,-13.3945,3.73438,-3.3125,9.125,49,639,684,131,0,1,1,0
6.26649,0.031307,0.593985,-1.61642,-0.0744222,0.93818,-1.54839,-0.0721211,0.592168,-1.60826,0.0429941,0.911778,-1.52692,-0.417969,3.4375,-14.543,-4.00391,-3.3125,6.82422,0.691406,3.03906,-13.3945,3.73438,-3.3125,9.125,49,639,684,131,0,1,1,0
6.2768,0.031307,0.593985,-1.61642,-0.0744222,0.93818,-1.54839,-0.0721211,0.592168,-1.60826,0.0429941,0.911778,-1.52692,-0.417969,3.4375,-14.543,-4.00391,-3.3125,6.82422,0.691406,3.03906,-13.3945,3.73438,-3.3125,9.125,49,639,684,131,0,1,1,0
6.2875,0.031307,0.593985,-1.61642,-0.0744222,0.93818,-1.54839,-0.0721211,0.592168,-1.60826,0.0429941,0.911778,-1.52692,-0.417969,3.4375,-14.543,-4.00391,-3.3125,6.82422,0.691406,3.03906,-13.3945,3.73438,-3.3125,9.125,49,639,684,131,0,1,1,0
6.29774,0.0467485,0.679912,-1.58073,-0.057709,1.08442,-1.71875,-0.0798116,0.651209,-1.53136,0.0447502,1.0599,-1.6951,4.15234,1.21094,9.98047,1.62891,-0.417969,-5.37891,-3.63281,2.42188,12.3555,-0.960938,0.394531,-5.41406,712,90,84,1040,1,0,0,1
6.30794,0.0467485,0.679912,-1.58073,-0.057709,1.08442,-1.71875,-0.0798116,0.651209,-1.53136,0.0447502,1.0599,-1.6951,4.15234,1.21094,9.98047,1.62891,-0.417969,-5.37891,-3.63281,2.42188,12.3555,-0.960938,0.394531,-5.41406,712,90,84,1040,1,0,0,1
6.31818,0.0467485,0.679912,-1.58073,-0.057709,1.08442,-1.71875,-0.0798116,0.651209,-1.53136,0.0447502,1.0599,-1.6951,4.15234,1.21094,9.98047,1.62891,-0.417969,-5.37891,-3.63281,2.42188,12.3555,-0.960938,0.394531,-5.41406,712,90,84,1040,1,0,0,1
6.32914,0.0467485,0.679912,-1.58073,-0.057709,1.08442,-1.71875,-0.0798116,0.651209,-1.53136,0.0447502,1.0599,-1.6951,4.15234,1.21094,9.98047,1.62891,-0.417969,-5.37891,-3.63281,2.42188,12.3555,-0.960938,0.394531,-5.41406,712,90,84,1040,1,0,0,1
6.33958,0.0419041,0.792847,-1.60067,-0.0743011,1.15981,-2.15931,-0.0838082,0.758815,-1.5538,0.0577695,1.1325,-2.1424,4.27734,3.23828,11.6133,-1.10938,-3.3125,3.70703,-3.70703,4.625,10.6094,0,-2.89062,3.96875,851,86,99,922,1,0,0,1
6.34994,0.0419041,0.792847,-1.60067,-0.0743011,1.15981,-2.15931,-0.0838082,0.758815,-1.5538,0.0577695,1.1325,-2.1424,4.27734,3.23828,11.6133,-1.10938,-3.3125,3.70703,-3.70703,4.625,10.6094,0,-2.89062,3.96875,851,86,99,922,1,0,0,1
6.36064,0.0419041,0.792847,-1.60067,-0.0743011,1.15981,-2.15931,-0.0838082,0.758815,-1.5538,0.0577695,1.1325,-2.1424,4.27734,3.23828,11.6133,-1.10938,-3.3125,3.70703,-3.70703,4.625,10.6094,0,-2.89062,3.96875,851,86,99,922,1,0,0,1
6.37478,0.0499579,0.869389,-1.58731,-0.0748461,0.813436,-2.03752,-0.0875021,0.837476,-1.54637,0.0343953,0.798055,-2.00772,3.23828,0.171875,7.67969,1.30859,2.37109,3.52344,-4.375,1.67969,7.26953,-0.320312,0.691406,3.11328,497,94,108,475,1,0,0,1
6.38518,0.0499579,0.869389,-1.58731,-0.0748461,0.813436,-2.03752,-0.0875021,0.837476,-1.54637,0.0343953,0.798055,-2.00772,3.23828,0.171875,7.67969,1.30859,2.37109,3.52344,-4.375,1.67969,7.26953,-0.320312,0.691406,3.11328,497,94,108,475,1,0,0,1
6.40446,0.0499579,0.869389,-1.58731,-0.0748461,0.813436,-2.03752,-0.0875021,0.837476,-1.54637,0.0343953,0.798055,-2.00772,3.23828,0.171875,7.67969,1.30859,2.37109,3.52344,-4.375,1.67969,7.26953,-0.320312,0.691406,3.11328,497,94,108,475,1,0,0,1
6.41841,0.0445685,0.951562,-1.55457,-0.0677006,0.585446,-1.60923,-0.079206,0.924615,-1.52764,0.0302775,0.574668,-1.59413,3.38672,-2.51953,7.04688,0.171875,2.89062,-13.6914,-2.99219,-3.60938,8.45703,-0.664062,2.89062,-12.6875,502,99,109,705,1,0,0,1
6.42899,0.0445685,0.951562,-1.55457,-0.0677006,0.585446,-1.60923,-0.079206,0.924615,-1.52764,0.0302775,0.574668,-1.59413,3.38672,-2.51953,7.04688,0.171875,2.89062,-13.6914,-2.99219,-3.60938,8.45703,-0.664062,2.89062,-12.6875,502,99,109,705,1,0,0,1
6.43935,0.0445685,0.951562,-1.55457,-0.0677006,0.585446,-1.60923,-0.079206,0.924615,-1.52764,0.0302775,0.574668,-1.59413,3.38672,-2.51953,7.04688,0.171875,2.89062,-13.6914,-2.99219,-3.60938,8.45703,-0.664062,2.89062,-12.6875,502,99,109,705,1,0,0,1
6.44964,0.0445685,0.951562,-1.55457,-0.0677006,0.585446,-1.60923,-0.079206,0.924615,-1.52764,0.0302775,0.574668,-1.59413,3.38672,-2.51953,7.04688,0.171875,2.89062,-13.6914,-2.99219,-3.60938,8.45703,-0.664062,2.89062,-12.6875,502,99,109,705,1,0,0,1
6.46158,0.026947,1.09217,-1.72408,-0.0774499,0.664168,-1.56886,-0.0823549,1.07285,-1.69804,0.0377258,0.640673,-1.52328,-1.67969,-1.18359,-5.11719,-4.35156,1.90234,11.0195,1.03516,-0.417969,-5.26562,4.55078,2.42188,12.9492,26,912,1016,107,0,1,1,0
6.47198,0.026947,1.09217,-1.72408,-0.0774499,0.664168,-1.56886,-0.0823549,1.07285,-1.69804,0.0377258,0.640673,-1.52328,-1.67969,-1.18359,-5.11719,-4.35156,1.90234,11.0195,1.03516,-0.417969,-5.26562,4.55078,2.42188,12.9492,26,912,1016,107,0,1,1,0
6.48261,0.026947,1.09217,-1.72408,-0.0774499,0.664168,-1.56886,-0.0823549,1.07285,-1.69804,0.0377258,0.640673,-1.52328,-1.67969,-1.18359,-5.11719,-4.35156,1.90234,11.0195,1.03516,-0.417969,-5.26562,4.55078,2.42188,12.9492,26,912,1016,107,0,1,1,0
6.49306,0.0499579,1.16593,-2.16731,-0.073635,0.777164,-1.58832,-0.0895609,1.14358,-2.15342,0.0414197,0.754516,-1.54872,1.13672,-3.26172,3.07812,-3.90625,3.36328,12.3906,-0.34375,-2.05078,4.22656,4.03125,3.92969,11.4258,37,980,883,119,0,1,1,0
6.50356,0.0499579,1.16593,-2.16731,-0.073635,0.777164,-1.58832,-0.0895609,1.14358,-2.15342,0.0414197,0.754516,-1.54872,1.13672,-3.26172,3.07812,-3.90625,3.36328,12.3906,-0.34375,-2.05078,4.22656,4.03125,3.92969,11.4258,37,980,883,119,0,1,1,0
6.51386,0.0499579,1.16593,-2.16731,-0.073635,0.777164,-1.58832,-0.0895609,1.14358,-2.15342,0.0414197,0.754516,-1.54872,1.13672,-3.26172,3.07812,-3.90625,3.36328,12.3906,-0.34375,-2.05078,4.22656,4.03125,3.92969,11.4258,37,980,883,119,0,1,1,0
6.52409,0.0499579,1.16593,-2.16731,-0.073635,0.777164,-1.58832,-0.0895609,1.14358,-2.15342,0.0414197,0.754516,-1.54872,1.13672,-3.26172,3.07812,-3.90625,3.36328,12.3906,-0.34375,-2.05078,4.22656,4.03125,3.92969,11.4258,37,980,883,119,0,1,1,0
6.53633,0.0491707,0.814344,-2.03808,-0.0779344,0.858671,-1.57282,-0.0662472,0.792,-2.01172,0.0431152,0.835841,-1.53854,-1.23438,1.43359,3.55859,-2.99219,-0.046875,6.86328,0.46875,1.18359,3.44922,3.83203,1.0625,6.75,45,564,429,127,0,1,1,0
6.5466,0.0491707,0.814344,-2.03808,-0.0779344,0.858671,-1.57282,-0.0662472,0.792,-2.01172,0.0431152,0.835841,-1.53854,-1.23438,1.43359,3.55859,-2.99219,-0.046875,6.86328,0.46875,1.18359,3.44922,3.83203,1.0625,6.75,45,564,429,127,0,1,1,0
6.56178,0.0491707,0.814344,-2.03808,-0.0779344,0.858671,-1.57282,-0.0662472,0.792,-2.01172,0.0431152,0.835841,-1.53854,-1.23438,1.43359,3.55859,-2.99219,-0.046875,6.86328,0.46875,1.18359,3.44922,3.83203,1.0625,6.75,45,564,429,127,0,1,1,0
6.57264,0.0466879,0.579936,-1.61218,-0.0769655,0.944962,-1.54359,-0.0523196,0.573456,-1.5951,0.0389369,0.919529,-1.5207,-0.269531,3.21484,-14.3203,-3.63281,-3.73438,6.52734,0.34375,2.89062,-13.0977,3.70703,-3.58594,8.60547,49,632,658,130,0,1,1,0
6.58291,0.0466879,0.579936,-1.61218,-0.0769655,0.944962,-1.54359,-0.0523196,0.573456,-1.5951,0.0389369,0.919529,-1.5207,-0.269531,3.21484,-14.3203,-3.63281,-3.73438,6.52734,0.34375,2.89062,-13.0977,3.70703,-3.58594,8.60547,49,632,658,130,0,1,1,0
6.59306,0.0466879,0.579936,-1.61218,-0.0769655,0.944962,-1.54359,-0.0523196,0.573456,-1.5951,0.0389369,0.919529,-1.5207,-0.269531,3.21484,-14.3203,-3.63281,-3.73438,6.52734,0.34375,2.89062,-13.0977,3.70703,-3.58594,8.60547,49,632,658,130,0,1,1,0
6.60331,0.0466879,0.579936,-1.61218,-0.0769655,0.944962,-1.54359,-0.0523196,0.573456,-1.5951,0.0389369,0.919529,-1.5207,-0.269531,3.21484,-14.3203,-3.63281,-3.73438,6.52734,0.34375,2.89062,-13.0977,3.70703,-3.58594,8.60547,49,632,658,130,0,1,1,0
6.61637,0.0617662,0.642005,-1.5576,-0.0629773,1.08763,-1.71391,-0.0624323,0.630075,-1.53148,0.0375441,1.06111,-1.68597,5.24219,3.03906,9.71875,1.77734,-0.292969,-5.67578,-4.30078,3.63281,12.3555,-0.960938,0.542969,-5.63672,747,92,84,963,1,0,0,1
6.62707,0.0617662,0.642005,-1.5576,-0.0629773,1.08763,-1.71391,-0.0624323,0.630075,-1.53148,0.0375441,1.06111,-1.68597,5.24219,3.03906,9.71875,1.77734,-0.292969,-5.67578,-4.30078,3.63281,12.3555,-0.960938,0.542969,-5.63672,747,92,84,963,1,0,0,1
6.63729,0.0617662,0.642005,-1.5576,-0.0629773,1.08763,-1.71391,-0.0624323,0.630075,-1.53148,0.0375441,1.06111,-1.68597,5.24219,3.03906,9.71875,1.77734,-0.292969,-5.67578,-4.30078,3.63281,12.3555,-0.960938,0.542969,-5.63672,747,92,84,963,1,0,0,1
6.64756,0.0617662,0.642005,-1.5576,-0.0629773,1.08763,-1.71391,-0.0624323,0.630075,-1.53148,0.0375441,1.06111,-1.68597,5.24219,3.03906,9.71875,1.77734,-0.292969,-5.67578,-4.30078,3.63281,12.3555,-0.960938,0.542969,-5.63672,747,92,84,963,1,0,0,1
6.65774,0.0524407,0.759905,-1.593,-0.0752699,1.16799,-2.15705,-0.0642489,0.736531,-1.55687,0.057709,1.1408,-2.1407,3.90625,4.67188,12.168,-0.914062,-3.28906,3.59766,-3.51172,5.51562,11.5391,0.640625,-2.74219,3.92969,890,86,100,957,1,0,0,1
6.66797,0.0524407,0.759905,-1.593,-0.0752699,1.16799,-2.15705,-0.0642489,0.736531,-1.55687,0.057709,1.1408,-2.1407,3.90625,4.67188,12.168,-0.914062,-3.28906,3.59766,-3.51172,5.51562,11.5391,0.640625,-2.74219,3.92969,890,86,100,957,1,0,0,1
6.67823,0.0524407,0.759905,-1.593,-0.0752699,1.16799,-2.15705,-0.0642489,0.736531,-1.55687,0.057709,1.1408,-2.1407,3.90625,4.67188,12.168,-0.914062,-3.28906,3.59766,-3.51172,5.51562,11.5391,0.640625,-2.74219,3.92969,890,86,100,957,1,0,0,1
6.68842,0.0524407,0.759905,-1.593,-0.0752699,1.16799,-2.15705,-0.0642489,0.736531,-1.55687,0.057709,1.1408,-2.1407,3.90625,4.67188,12.168,-0.914062,-3.28906,3.59766,-3.51172,5.51562,11.5391,0.640625,-2.74219,3.92969,890,86,100,957,1,0,0,1
6.69913,0.0603734,0.845228,-1.59143,-0.0669739,0.817433,-2.03457,-0.0683667,0.823125,-1.5599,0.0478385,0.809137,-2.01479,2.89062,0.691406,6.97266,1.48047,2.05078,3.67188,-4.15234,1.50781,7.41797,-0.171875,0.714844,2.89062,465,94,108,501,1,0,0,1
6.70974,0.0603734,0.845228,-1.59143,-0.0669739,0.817433,-2.03457,-0.0683667,0.823125,-1.5599,0.0478385,0.809137,-2.01479,2.89062,0.691406,6.97266,1.48047,2.05078,3.67188,-4.15234,1.50781,7.41797,-0.171875,0.714844,2.89062,465,94,108,501,1,0,0,1
6.72001,0.0603734,0.845228,-1.59143,-0.0669739,0.817433,-2.03457,-0.0683667,0.823125,-1.5599,0.0478385,0.809137,-2.01479,2.89062,0.691406,6.97266,1.48047,2.05078,3.67188,-4.15234,1.50781,7.41797,-0.171875,0.714844,2.89062,465,94,108,501,1,0,0,1
6.73065,0.0603734,0.845228,-1.59143,-0.0669739,0.817433,-2.03457,-0.0683667,0.823125,-1.5599,0.0478385,0.809137,-2.01479,2.89062,0.691406,6.97266,1.48047,2.05078,3.67188,-4.15234,1.50781,7.41797,-0.171875,0.714844,2.89062,465,94,108,501,1,0,0,1
6.7448,0.0564373,0.936242,-1.56773,-0.053894,0.58254,-1.59962,-0.0641884,0.918499,-1.54633,0.0460218,0.580784,-1.60592,4.42578,-2.59375,6.34375,0.269531,2.74219,-13.9141,-2.96484,-3.58594,8.75391,-0.34375,3.26172,-12.8359,488,99,109,746,1,0,0,1
6.75502,0.0564373,0.936242,-1.56773,-0.053894,0.58254,-1.59962,-0.0641884,0.918499,-1.54633,0.0460218,0.580784,-1.60592,4.42578,-2.59375,6.34375,0.269531,2.74219,-13.9141,-2.96484,-3.58594,8.75391,-0.34375,3.26172,-12.8359,488,99,109,746,1,0,0,1
6.7652,0.0564373,0.936242,-1.56773,-0.053894,0.58254,-1.59962,-0.0641884,0.918499,-1.54633,0.0460218,0.580784,-1.60592,4.42578,-2.59375,6.34375,0.269531,2.74219,-13.9141,-2.96484,-3.58594,8.75391,-0.34375,3.26172,-12.8359,488,99,109,746,1,0,0,1
6.77536,0.0343347,1.08581,-1.75174,-0.0594045,0.671192,-1.57492,-0.0664895,1.07189,-1.72921,0.051714,0.652541,-1.54359,-1.33203,-0.839844,-4.5625,-4.375,1.85156,10.832,0.269531,-0.542969,-4.52344,4.17969,2.05078,13.3203,26,897,1031,103,0,1,1,0
6.78572,0.0343347,1.08581,-1.75174,-0.0594045,0.671192,-1.57492,-0.0664895,1.07189,-1.72921,0.051714,0.652541,-1.54359,-1.33203,-0.839844,-4.5625,-4.375,1.85156,10.832,0.269531,-0.542969,-4.52344,4.17969,2.05078,13.3203,26,897,1031,103,0,1,1,0
6.7969,0.0343347,1.08581,-1.75174,-0.0594045,0.671192,-1.57492,-0.0664895,1.07189,-1.72921,0.051714,0.652541,-1.54359,-1.33203,-0.839844,-4.5625,-4.375,1.85156,10.832,0.269531,-0.542969,-4.52344,4.17969,2.05078,13.3203,26,897,1031,103,0,1,1,0
6.80718,0.0343347,1.08581,-1.75174,-0.0594045,0.671192,-1.57492,-0.0664895,1.07189,-1.72921,0.051714,0.652541,-1.54359,-1.33203,-0.839844,-4.5625,-4.375,1.85156,10.832,0.269531,-0.542969,-4.52344,4.17969,2.05078,13.3203,26,897,1031,103,0,1,1,0
6.81749,0.0524407,1.14994,-2.18588,-0.0531673,0.786913,-1.59361,-0.0795088,1.13474,-2.17372,0.0558923,0.768141,-1.56741,1.08594,-3.23828,3.03906,-3.68359,3.41016,12.5039,-0.246094,-2.37109,4.11719,3.90625,3.90625,11.6875,40,986,873,119,0,1,1,0
6.82769,0.0524407,1.14994,-2.18588,-0.0531673,0.786913,-1.59361,-0.0795088,1.13474,-2.17372,0.0558923,0.768141,-1.56741,1.08594,-3.23828,3.03906,-3.68359,3.41016,12.5039,-0.246094,-2.37109,4.11719,3.90625,3.90625,11.6875,40,986,873,119,0,1,1,0
6.83788,0.0524407,1.14994,-2.18588,-0.0531673,0.786913,-1.59361,-0.0795088,1.13474,-2.17372,0.0558923,0.768141,-1.56741,1.08594,-3.23828,3.03906,-3.68359,3.41016,12.5039,-0.246094,-2.37109,4.11719,3.90625,3.90625,11.6875,40,986,873,119,0,1,1,0
6.84815,0.0524407,1.14994,-2.18588,-0.0531673,0.786913,-1.59361,-0.0795088,1.13474,-2.17372,0.0558923,0.768141,-1.56741,1.08594,-3.23828,3.03906,-3.68359,3.41016,12.5039,-0.246094,-2.37109,4.11719,3.90625,3.90625,11.6875,40,986,873,119,0,1,1,0
6.86082,0.0437813,0.805322,-2.05112,-0.058254,0.866846,-1.57621,-0.0661867,0.7877,-2.03352,0.0595862,0.84874,-1.55501,-1.35938,0.121094,3.96875,-3.4375,0.046875,7.12109,0.542969,1.40625,3.55859,4.42578,1.45703,7.30859,47,580,430,127,0,1,1,0
6.8711,0.0437813,0.805322,-2.05112,-0.058254,0.866846,-1.57621,-0.0661867,0.7877,-2.03352,0.0595862,0.84874,-1.55501,-1.35938,0.121094,3.96875,-3.4375,0.046875,7.12109,0.542969,1.40625,3.55859,4.42578,1.45703,7.30859,47,580,430,127,0,1,1,0
6.88139,0.0437813,0.805322,-2.05112,-0.058254,0.866846,-1.57621,-0.0661867,0.7877,-2.03352,0.0595862,0.84874,-1.55501,-1.35938,0.121094,3.96875,-3.4375,0.046875,7.12109,0.542969,1.40625,3.55859,4.42578,1.45703,7.30859,47,580,430,127,0,1,1,0
6.89204,0.0376047,0.573456,-1.62001,-0.0539546,0.952047,-1.53987,-0.0580723,0.569763,-1.6104,0.0551657,0.931276,-1.53245,-0.441406,3.01562,-14.1367,-4.17969,-3.38672,6.67578,0.417969,2.79297,-13.8008,3.55859,-3.28906,8.79297,50,622,648,131,0,1,1,0
6.90231,0.0376047,0.573456,-1.62001,-0.0539546,0.952047,-1.53987,-0.0580723,0.569763,-1.6104,0.0551657,0.931276,-1.53245,-0.441406,3.01562,-14.1367,-4.17969,-3.38672,6.67578,0.417969,2.79297,-13.8008,3.55859,-3.28906,8.79297,50,622,648,131,0,1,1,0
6.9126,0.0376047,0.573456,-1.62001,-0.0539546,0.952047,-1.53987,-0.0580723,0.569763,-1.6104,0.0551657,0.931276,-1.53245,-0.441406,3.01562,-14.1367,-4.17969,-3.38672,6.67578,0.417969,2.79297,-13.8008,3.55859,-3.28906,8.79297,50,622,648,131,0,1,1,0
6.92275,0.0376047,0.573456,-1.62001,-0.0539546,0.952047,-1.53987,-0.0580723,0.569763,-1.6104,0.0551657,0.931276,-1.53245,-0.441406,3.01562,-14.1367,-4.17969,-3.38672,6.67578,0.417969,2.79297,-13.8008,3.55859,-3.28906,8.79297,50,622,648,131,0,1,1,0
6.93286,0.0561951,0.645032,-1.57096,-0.037968,1.09471,-1.70293,-0.0690933,0.630378,-1.53402,0.0559529,1.07352,-1.69207,5.66406,2.10156,9.64453,1.67969,-1.62891,-5.75,-4.55078,3.41016,12.4297,-0.988281,-0.0703125,-5.33984,791,85,84,981,1,0,0,1
6.94304,0.0561951,0.645032,-1.57096,-0.037968,1.09471,-1.70293,-0.0690933,0.630378,-1.53402,0.0559529,1.07352,-1.69207,5.66406,2.10156,9.64453,1.67969,-1.62891,-5.75,-4.55078,3.41016,12.4297,-0.988281,-0.0703125,-5.33984,791,85,84,981,1,0,0,1
6.95321,0.0561951,0.645032,-1.57096,-0.037968,1.09471,-1.70293,-0.0690933,0.630378,-1.53402,0.0559529,1.07352,-1.69207,5.66406,2.10156,9.64453,1.67969,-1.62891,-5.75,-4.55078,3.41016,12.4297,-0.988281,-0.0703125,-5.33984,791,85,84,981,1,0,0,1
6.9634,0.0561951,0.645032,-1.57096,-0.037968,1.09471,-1.70293,-0.0690933,0.630378,-1.53402,0.0559529,1.07352,-1.69207,5.66406,2.10156,9.64453,1.67969,-1.62891,-5.75,-4.55078,3.41016,12.4297,-0.988281,-0.0703125,-5.33984,791,85,84,981,1,0,0,1
6.9738,0.0546812,0.765113,-1.60192,-0.0615845,1.16841,-2.15891,-0.0733927,0.743979,-1.55683,0.0739377,1.14921,-2.14894,5.07031,3.95703,11.8711,-1.18359,-3.36328,3.67188,-4.375,5.53906,11.7227,0.914062,-2.94141,3.96875,911,86,99,942,1,0,0,1
6.98426,0.0546812,0.765113,-1.60192,-0.0615845,1.16841,-2.15891,-0.0733927,0.743979,-1.55683,0.0739377,1.14921,-2.14894,5.07031,3.95703,11.8711,-1.18359,-3.36328,3.67188,-4.375,5.53906,11.7227,0.914062,-2.94141,3.96875,911,86,99,942,1,0,0,1
6.99455,0.0546812,0.765113,-1.60192,-0.0615845,1.16841,-2.15891,-0.0733927,0.743979,-1.55683,0.0739377,1.14921,-2.14894,5.07031,3.95703,11.8711,-1.18359,-3.36328,3.67188,-4.375,5.53906,11.7227,0.914062,-2.94141,3.96875,911,86,99,942,1,0,0,1
7.00481,0.0546812,0.765113,-1.60192,-0.0615845,1.16841,-2.15891,-0.0733927,0.743979,-1.55683,0.0739377,1.14921,-2.14894,5.07031,3.95703,11.8711,-1.18359,-3.36328,3.67188,-4.375,5.53906,11.7227,0.914062,-2.94141,3.96875,911,86,99,942,1,0,0,1
7.01512,0.0754516,0.845651,-1.59926,-0.068185,0.792181,-2.04276,-0.0864121,0.84329,-1.55328,0.0693355,0.802476,-2.02763,4.40234,-0.195312,5.82422,1.35938,1.87891,3.55859,-5.83594,1.92578,7.08594,-0.246094,0.914062,3.22656,466,94,108,498,1,0,0,1
7.02539,0.0754516,0.845651,-1.59926,-0.068185,0.792181,-2.04276,-0.0864121,0.84329,-1.55328,0.0693355,0.802476,-2.02763,4.40234,-0.195312,5.82422,1.35938,1.87891,3.55859,-5.83594,1.92578,7.08594,-0.246094,0.914062,3.22656,466,94,108,498,1,0,0,1
7.03553,0.0754516,0.845651,-1.59926,-0.068185,0.792181,-2.04276,-0.0864121,0.84329,-1.55328,0.0693355,0.802476,-2.02763,4.40234,-0.195312,5.82422,1.35938,1.87891,3.55859,-5.83594,1.92578,7.08594,-0.246094,0.914062,3.22656,466,94,108,498,1,0,0,1
7.04597,0.0754516,0.845651,-1.59926,-0.068185,0.792181,-2.04276,-0.0864121,0.84329,-1.55328,0.0693355,0.802476,-2.02763,4.40234,-0.195312,5.82422,1.35938,1.87891,3.55859,-5.83594,1.92578,7.08594,-0.246094,0.914062,3.22656,466,94,108,498,1,0,0,1
7.05646,0.081386,0.937513,-1.58113,-0.0505029,0.542634,-1.58993,-0.0976148,0.946354,-1.53604,0.0701228,0.558136,-1.60463,4.84766,-3.16406,5.19141,-0.0703125,2.91797,-14.6172,-4.15234,-3.33594,8.23438,-0.589844,3.23828,-12.875,440,110,109,697,1,0,0,1
7.06665,0.081386,0.937513,-1.58113,-0.0505029,0.542634,-1.58993,-0.0976148,0.946354,-1.53604,0.0701228,0.558136,-1.60463,4.84766,-3.16406,5.19141,-0.0703125,2.91797,-14.6172,-4.15234,-3.33594,8.23438,-0.589844,3.23828,-12.875,440,110,109,697,1,0,0,1
7.07688,0.081386,0.937513,-1.58113,-0.0505029,0.542634,-1.58993,-0.0976148,0.946354,-1.53604,0.0701228,0.558136,-1.60463,4.84766,-3.16406,5.19141,-0.0703125,2.91797,-14.6172,-4.15234,-3.33594,8.23438,-0.589844,3.23828,-12.875,440,110,109,697,1,0,0,1
7.08719,0.081386,0.937513,-1.58113,-0.0505029,0.542634,-1.58993,-0.0976148,0.946354,-1.53604,0.0701228,0.558136,-1.60463,4.84766,-3.16406,5.19141,-0.0703125,2.91797,-14.6172,-4.15234,-3.33594,8.23438,-0.589844,3.23828,-12.875,440,110,109,697,1,0,0,1
7.09738,0.0532885,1.08496,-1.759,-0.0443869,0.624141,-1.55731,-0.117053,1.09835,-1.70462,0.0670345,0.614392,-1.53176,-1.43359,-1.13672,-4.5625,-5.5625,2.19922,11.3906,1.23438,-1.55469,-5.33984,4.69922,2.19922,12.3555,30,923,957,106,0,1,1,0
7.10761,0.0532885,1.08496,-1.759,-0.0443869,0.624141,-1.55731,-0.117053,1.09835,-1.70462,0.0670345,0.614392,-1.53176,-1.43359,-1.13672,-4.5625,-5.5625,2.19922,11.3906,1.23438,-1.55469,-5.33984,4.69922,2.19922,12.3555,30,923,957,106,0,1,1,0
7.11788,0.0532885,1.08496,-1.759,-0.0443869,0.624141,-1.55731,-0.117053,1.09835,-1.70462,0.0670345,0.614392,-1.53176,-1.43359,-1.13672,-4.5625,-5.5625,2.19922,11.3906,1.23438,-1.55469,-5.33984,4.69922,2.19922,12.3555,30,923,957,106,0,1,1,0
7.12847,0.0532885,1.08496,-1.759,-0.0443869,0.624141,-1.55731,-0.117053,1.09835,-1.70462,0.0670345,0.614392,-1.53176,-1.43359,-1.13672,-4.5625,-5.5625,2.19922,11.3906,1.23438,-1.55469,-5.33984,4.69922,2.19922,12.3555,30,923,957,106,0,1,1,0
7.13864,0.0535912,1.16235,-2.18345,-0.0381497,0.751488,-1.58767,-0.109241,1.15382,-2.16408,0.0562556,0.729144,-1.5647,0.046875,-2.59375,3.15234,-5.29297,3.23828,12.1328,-0.0976562,-2.57031,4.22656,6.20703,4.79688,12.168,38,1042,915,119,0,1,1,0
7.14882,0.0535912,1.16235,-2.18345,-0.0381497,0.751488,-1.58767,-0.109241,1.15382,-2.16408,0.0562556,0.729144,-1.5647,0.046875,-2.59375,3.15234,-5.29297,3.23828,12.1328,-0.0976562,-2.57031,4.22656,6.20703,4.79688,12.168,38,1042,915,119,0,1,1,0
7.15901,0.0535912,1.16235,-2.18345,-0.0381497,0.751488,-1.58767,-0.109241,1.15382,-2.16408,0.0562556,0.729144,-1.5647,0.046875,-2.59375,3.15234,-5.29297,3.23828,12.1328,-0.0976562,-2.57031,4.22656,6.20703,4.79688,12.168,38,1042,915,119,0,1,1,0
7.16921,0.0535912,1.16235,-2.18345,-0.0381497,0.751488,-1.58767,-0.109241,1.15382,-2.16408,0.0562556,0.729144,-1.5647,0.046875,-2.59375,3.15234,-5.29297,3.23828,12.1328,-0.0976562,-2.57031,4.22656,6.20703,4.79688,12.168,38,1042,915,119,0,1,1,0
7.18772,0.0207098,0.840444,-2.05088,-0.0369991,0.842684,-1.57104,-0.0371203,0.772683,-2.0122,0.0411774,0.811801,-1.55804,-1.30859,0.617188,3.33594,-3.83203,0,7.67969,0.691406,1.33203,3.82031,4.625,1.28516,7.53125,46,637,495,127,0,1,1,0
7.1985,0.0207098,0.840444,-2.05088,-0.0369991,0.842684,-1.57104,-0.0371203,0.772683,-2.0122,0.0411774,0.811801,-1.55804,-1.30859,0.617188,3.33594,-3.83203,0,7.67969,0.691406,1.33203,3.82031,4.625,1.28516,7.53125,46,637,495,127,0,1,1,0
7.20898,0.0207098,0.840444,-2.05088,-0.0369991,0.842684,-1.57104,-0.0371203,0.772683,-2.0122,0.0411774,0.811801,-1.55804,-1.30859,0.617188,3.33594,-3.83203,0,7.67969,0.691406,1.33203,3.82031,4.625,1.28516,7.53125,46,637,495,127,0,1,1,0
7.21933,0.0160471,0.603007,-1.62901,-0.0289453,0.93273,-1.53059,-0.00926492,0.542694,-1.57544,0.0256148,0.895246,-1.53943,-0.617188,3.23828,-14.3203,-4.25391,-3.53516,6.23047,0.417969,3.16406,-13.9141,4.59766,-3.11328,9.125,50,613,699,131,0,1,1,0
7.2295,0.0160471,0.603007,-1.62901,-0.0289453,0.93273,-1.53059,-0.00926492,0.542694,-1.57544,0.0256148,0.895246,-1.53943,-0.617188,3.23828,-14.3203,-4.25391,-3.53516,6.23047,0.417969,3.16406,-13.9141,4.59766,-3.11328,9.125,50,613,699,131,0,1,1,0
7.23986,0.0160471,0.603007,-1.62901,-0.0289453,0.93273,-1.53059,-0.00926492,0.542694,-1.57544,0.0256148,0.895246,-1.53943,-0.617188,3.23828,-14.3203,-4.25391,-3.53516,6.23047,0.417969,3.16406,-13.9141,4.59766,-3.11328,9.125,50,613,699,131,0,1,1,0
7.25032,0.0160471,0.603007,-1.62901,-0.0289453,0.93273,-1.53059,-0.00926492,0.542694,-1.57544,0.0256148,0.895246,-1.53943,-0.617188,3.23828,-14.3203,-4.25391,-3.53516,6.23047,0.417969,3.16406,-13.9141,4.59766,-3.11328,9.125,50,613,699,131,0,1,1,0
7.26057,0.039058,0.681063,-1.57928,-0.0083566,1.07836,-1.68799,-0.0228898,0.604945,-1.50019,0.0157443,1.03604,-1.70026,4.57422,0.640625,9.08984,1.0625,-1.35938,-5.33984,-4.10547,2.10156,12.168,-0.714844,0,-5.63672,712,85,82,1010,1,0,0,1
7.27088,0.039058,0.681063,-1.57928,-0.0083566,1.07836,-1.68799,-0.0228898,0.604945,-1.50019,0.0157443,1.03604,-1.70026,4.57422,0.640625,9.08984,1.0625,-1.35938,-5.33984,-4.10547,2.10156,12.168,-0.714844,0,-5.63672,712,85,82,1010,1,0,0,1
7.28112,0.039058,0.681063,-1.57928,-0.0083566,1.07836,-1.68799,-0.0228898,0.604945,-1.50019,0.0157443,1.03604,-1.70026,4.57422,0.640625,9.08984,1.0625,-1.35938,-5.33984,-4.10547,2.10156,12.168,-0.714844,0,-5.63672,712,85,82,1010,1,0,0,1
7.29126,0.039058,0.681063,-1.57928,-0.0083566,1.07836,-1.68799,-0.0228898,0.604945,-1.50019,0.0157443,1.03604,-1.70026,4.57422,0.640625,9.08984,1.0625,-1.35938,-5.33984,-4.10547,2.10156,12.168,-0.714844,0,-5.63672,712,85,82,1010,1,0,0,1
7.3043,0.0342136,0.795391,-1.601,-0.0312464,1.15267,-2.15205,-0.0331842,0.718607,-1.53006,0.0535912,1.1147,-2.15742,3.88281,3.51172,11.0195,-1.33203,-3.33594,3.33594,-3.21484,4.625,10.5352,0.542969,-2.71875,3.92969,796,85,100,890,1,0,0,1
7.31455,0.0342136,0.795391,-1.601,-0.0312464,1.15267,-2.15205,-0.0331842,0.718607,-1.53006,0.0535912,1.1147,-2.15742,3.88281,3.51172,11.0195,-1.33203,-3.33594,3.33594,-3.21484,4.625,10.5352,0.542969,-2.71875,3.92969,796,85,100,890,1,0,0,1
7.3248,0.0342136,0.795391,-1.601,-0.0312464,1.15267,-2.15205,-0.0331842,0.718607,-1.53006,0.0535912,1.1147,-2.15742,3.88281,3.51172,11.0195,-1.33203,-3.33594,3.33594,-3.21484,4.625,10.5352,0.542969,-2.71875,3.92969,796,85,100,890,1,0,0,1
7.33702,0.0476568,0.871145,-1.59542,-0.0505029,0.795754,-2.03279,-0.0423885,0.801507,-1.52918,0.0677611,0.799266,-2.03134,3.48438,0,6.67578,1.30859,1.48047,3.67188,-4.30078,2,6.82422,-0.617188,0.0703125,2.92969,438,93,108,469,1,0,0,1
7.34804,0.0476568,0.871145,-1.59542,-0.0505029,0.795754,-2.03279,-0.0423885,0.801507,-1.52918,0.0677611,0.799266,-2.03134,3.48438,0,6.67578,1.30859,1.48047,3.67188,-4.30078,2,6.82422,-0.617188,0.0703125,2.92969,438,93,108,469,1,0,0,1
7.35828,0.0476568,0.871145,-1.59542,-0.0505029,0.795754,-2.03279,-0.0423885,0.801507,-1.52918,0.0677611,0.799266,-2.03134,3.48438,0,6.67578,1.30859,1.48047,3.67188,-4.30078,2,6.82422,-0.617188,0.0703125,2.92969,438,93,108,469,1,0,0,1
7.36846,0.0476568,0.871145,-1.59542,-0.0505029,0.795754,-2.03279,-0.0423885,0.801507,-1.52918,0.0677611,0.799266,-2.03134,3.48438,0,6.67578,1.30859,1.48047,3.67188,-4.30078,2,6.82422,-0.617188,0.0703125,2.92969,438,93,108,469,1,0,0,1
7.37895,0.0474752,0.955135,-1.56854,-0.0531673,0.563162,-1.5997,-0.0411169,0.896942,-1.5226,0.0695172,0.583387,-1.62857,4.15234,-3.06641,6.49219,0.417969,2.14844,-14.9141,-3.60938,-3.51172,8.79297,-0.417969,3.14062,-12.5039,478,137,109,728,1,0,0,1
7.38931,0.0474752,0.955135,-1.56854,-0.0531673,0.563162,-1.5997,-0.0411169,0.896942,-1.5226,0.0695172,0.583387,-1.62857,4.15234,-3.06641,6.49219,0.417969,2.14844,-14.9141,-3.60938,-3.51172,8.79297,-0.417969,3.14062,-12.5039,478,137,109,728,1,0,0,1
7.39953,0.0474752,0.955135,-1.56854,-0.0531673,0.563162,-1.5997,-0.0411169,0.896942,-1.5226,0.0695172,0.583387,-1.62857,4.15234,-3.06641,6.49219,0.417969,2.14844,-14.9141,-3.60938,-3.51172,8.79297,-0.417969,3.14062,-12.5039,478,137,109,728,1,0,0,1
7.41002,0.0474752,0.955135,-1.56854,-0.0531673,0.563162,-1.5997,-0.0411169,0.896942,-1.5226,0.0695172,0.583387,-1.62857,4.15234,-3.06641,6.49219,0.417969,2.14844,-14.9141,-3.60938,-3.51172,8.79297,-0.417969,3.14062,-12.5039,478,137,109,728,1,0,0,1
7.42027,0.0238587,1.10216,-1.74419,-0.0584356,0.639704,-1.58057,-0.0482624,1.04887,-1.69607,0.0799327,0.639764,-1.54528,-1.16016,-2.07422,-4.63672,-4.79688,2.94141,11.7227,0.714844,-1.67969,-5.26562,5.88672,4.12891,12.8359,34,891,974,104,0,1,1,0
7.43048,0.0238587,1.10216,-1.74419,-0.0584356,0.639704,-1.58057,-0.0482624,1.04887,-1.69607,0.0799327,0.639764,-1.54528,-1.16016,-2.07422,-4.63672,-4.79688,2.94141,11.7227,0.714844,-1.67969,-5.26562,5.88672,4.12891,12.8359,34,891,974,104,0,1,1,0
7.44134,0.0238587,1.10216,-1.74419,-0.0584356,0.639704,-1.58057,-0.0482624,1.04887,-1.69607,0.0799327,0.639764,-1.54528,-1.16016,-2.07422,-4.63672,-4.79688,2.94141,11.7227,0.714844,-1.67969,-5.26562,5.88672,4.12891,12.8359,34,891,974,104,0,1,1,0
7.45163,0.0238587,1.10216,-1.74419,-0.0584356,0.639704,-1.58057,-0.0482624,1.04887,-1.69607,0.0799327,0.639764,-1.54528,-1.16016,-2.07422,-4.63672,-4.79688,2.94141,11.7227,0.714844,-1.67969,-5.26562,5.88672,4.12891,12.8359,34,891,974,104,0,1,1,0
7.46214,0.0444474,1.17295,-2.18353,-0.0518351,0.764447,-1.60338,-0.0528646,1.12215,-2.14874,0.0723633,0.762933,-1.58452,0.0703125,-2.57031,3.07812,-3.3125,4.52344,12.875,-0.367188,-2.76953,4.04297,4.30078,4.44922,12.9492,39,989,965,117,0,1,1,0
7.47263,0.0444474,1.17295,-2.18353,-0.0518351,0.764447,-1.60338,-0.0528646,1.12215,-2.14874,0.0723633,0.762933,-1.58452,0.0703125,-2.57031,3.07812,-3.3125,4.52344,12.875,-0.367188,-2.76953,4.04297,4.30078,4.44922,12.9492,39,989,965,117,0,1,1,0
7.48308,0.0444474,1.17295,-2.18353,-0.0518351,0.764447,-1.60338,-0.0528646,1.12215,-2.14874,0.0723633,0.762933,-1.58452,0.0703125,-2.57031,3.07812,-3.3125,4.52344,12.875,-0.367188,-2.76953,4.04297,4.30078,4.44922,12.9492,39,989,965,117,0,1,1,0
7.49427,0.0396636,0.829544,-2.05584,-0.0540757,0.85092,-1.58901,-0.0451741,0.789154,-2.01426,0.0779344,0.85098,-1.57677,-1.10938,1.03516,3.44922,-4.22656,-0.0234375,7.49219,0.492188,0.714844,3.44922,4.52344,1.60547,8.19922,47,609,518,126,0,1,1,0
7.50454,0.0396636,0.829544,-2.05584,-0.0540757,0.85092,-1.58901,-0.0451741,0.789154,-2.01426,0.0779344,0.85098,-1.57677,-1.10938,1.03516,3.44922,-4.22656,-0.0234375,7.49219,0.492188,0.714844,3.44922,4.52344,1.60547,8.19922,47,609,518,126,0,1,1,0
7.52206,0.0396636,0.829544,-2.05584,-0.0540757,0.85092,-1.58901,-0.0451741,0.789154,-2.01426,0.0779344,0.85098,-1.57677,-1.10938,1.03516,3.44922,-4.22656,-0.0234375,7.49219,0.492188,0.714844,3.44922,4.52344,1.60547,8.19922,47,609,518,126,0,1,1,0
7.53828,0.0396636,0.829544,-2.05584,-0.0540757,0.85092,-1.58901,-0.0451741,0.789154,-2.01426,0.0779344,0.85098,-1.57677,-1.10938,1.03516,3.44922,-4.22656,-0.0234375,7.49219,0.492188,0.714844,3.44922,4.52344,1.60547,8.19922,47,609,518,126,0,1,1,0
7.54842,0.0419041,0.592168,-1.62251,-0.0495946,0.941692,-1.54775,-0.0411169,0.571519,-1.58198,0.0710311,0.941207,-1.55627,-0.46875,2.91797,-13.9141,-4.32812,-3.63281,6.30469,0.566406,2.94141,-13.5781,3.95703,-3.28906,9.3125,50,624,687,131,0,1,1,0
7.55859,0.0419041,0.592168,-1.62251,-0.0495946,0.941692,-1.54775,-0.0411169,0.571519,-1.58198,0.0710311,0.941207,-1.55627,-0.46875,2.91797,-13.9141,-4.32812,-3.63281,6.30469,0.566406,2.94141,-13.5781,3.95703,-3.28906,9.3125,50,624,687,131,0,1,1,0
7.56876,0.0419041,0.592168,-1.62251,-0.0495946,0.941692,-1.54775,-0.0411169,0.571519,-1.58198,0.0710311,0.941207,-1.55627,-0.46875,2.91797,-13.9141,-4.32812,-3.63281,6.30469,0.566406,2.94141,-13.5781,3.95703,-3.28906,9.3125,50,624,687,131,0,1,1,0
7.57889,0.0581934,0.657931,-1.55925,-0.0413591,1.0777,-1.70717,-0.0506846,0.638856,-1.53378,0.0674583,1.07921,-1.71456,5.21875,1.58203,9.71875,1.62891,-0.441406,-5.52734,-4.625,3.21484,12.6523,-1.28516,0,-5.41406,766,86,80,913,1,0,0,1
7.58908,0.0581934,0.657931,-1.55925,-0.0413591,1.0777,-1.70717,-0.0506846,0.638856,-1.53378,0.0674583,1.07921,-1.71456,5.21875,1.58203,9.71875,1.62891,-0.441406,-5.52734,-4.625,3.21484,12.6523,-1.28516,0,-5.41406,766,86,80,913,1,0,0,1
7.59925,0.0581934,0.657931,-1.55925,-0.0413591,1.0777,-1.70717,-0.0506846,0.638856,-1.53378,0.0674583,1.07921,-1.71456,5.21875,1.58203,9.71875,1.62891,-0.441406,-5.52734,-4.625,3.21484,12.6523,-1.28516,0,-5.41406,766,86,80,913,1,0,0,1
7.60969,0.0581934,0.657931,-1.55925,-0.0413591,1.0777,-1.70717,-0.0506846,0.638856,-1.53378,0.0674583,1.07921,-1.71456,5.21875,1.58203,9.71875,1.62891,-0.441406,-5.52734,-4.625,3.21484,12.6523,-1.28516,0,-5.41406,766,86,80,913,1,0,0,1
7.62048,0.0571034,0.767172,-1.58194,-0.0572851,1.15412,-2.15245,-0.0543179,0.735441,-1.54694,0.0821732,1.14479,-2.15709,4.94531,3.23828,11.5742,-1.23438,-3.01562,3.63281,-4.67188,5.48828,11.0195,0.664062,-3.1875,3.67188,852,87,97,840,1,0,0,1
0.154384,0,0,0,0,0,0,0,0,0,0,0,0,0,0,0,0,0,0,0,0,0,0,0,0,0,0,0,0,0,0,0,0
0.171707,0,0,0,0,0,0,0,0,0,0,0,0,0,0,0,0,0,0,0,0,0,0,0,0,0,0,0,0,0,0,0,0
0.187897,0.0659445,0.832874,-1.57677,-0.0421463,0.82591,-1.57338,-0.0410563,0.829907,-1.58146,0.0575879,0.826395,-1.5775,1.33203,0.195312,4.04297,-1.13672,0.320312,4.375,-1.28516,0.269531,4.41406,1.23438,0.144531,3.92969,426,441,377,414,1,1,1,1
0.198294,0.0659445,0.832874,-1.57677,-0.0421463,0.82591,-1.57338,-0.0410563,0.829907,-1.58146,0.0575879,0.826395,-1.5775,1.33203,0.195312,4.04297,-1.13672,0.320312,4.375,-1.28516,0.269531,4.41406,1.23438,0.144531,3.92969,426,441,377,414,1,1,1,1
0.208735,0.0659445,0.832874,-1.57677,-0.0421463,0.82591,-1.57338,-0.0410563,0.829907,-1.58146,0.0575879,0.826395,-1.5775,1.33203,0.195312,4.04297,-1.13672,0.320312,4.375,-1.28516,0.269531,4.41406,1.23438,0.144531,3.92969,426,441,377,414,1,1,1,1
0.218901,0.0658839,0.832874,-1.57677,-0.0422069,0.82591,-1.57338,-0.0410563,0.829847,-1.58142,0.0576484,0.826395,-1.57754,1.38281,0.171875,3.96875,-1.08594,0.320312,4.375,-1.35938,0.21875,4.41406,1.33203,0.21875,4.00391,427,442,377,414,1,1,1,1
0.2292,0.0658839,0.832874,-1.57677,-0.0422069,0.82591,-1.57338,-0.0410563,0.829847,-1.58142,0.0576484,0.826395,-1.57754,1.38281,0.171875,3.96875,-1.08594,0.320312,4.375,-1.35938,0.21875,4.41406,1.33203,0.21875,4.00391,427,442,377,414,1,1,1,1
0.239512,0.0658839,0.832874,-1.57677,-0.0422069,0.82591,-1.57338,-0.0410563,0.829847,-1.58142,0.0576484,0.826395,-1.57754,1.38281,0.171875,3.96875,-1.08594,0.320312,4.375,-1.35938,0.21875,4.41406,1.33203,0.21875,4.00391,427,442,377,414,1,1,1,1
0.249685,0.0658839,0.832874,-1.57677,-0.0422069,0.82591,-1.57338,-0.0410563,0.829847,-1.58142,0.0576484,0.826395,-1.57754,1.38281,0.171875,3.96875,-1.08594,0.320312,4.375,-1.35938,0.21875,4.41406,1.33203,0.21875,4.00391,427,442,377,414,1,1,1,1
0.259918,0.0659445,0.832874,-1.57677,-0.0421463,0.82591,-1.57338,-0.0410563,0.829907,-1.58146,0.0575879,0.826334,-1.57754,1.30859,0.121094,3.89453,-1.08594,0.21875,4.41406,-1.30859,0.21875,4.33984,1.13672,0.144531,3.92969,427,441,377,414,1,1,1,1
0.270075,0.0659445,0.832874,-1.57677,-0.0421463,0.82591,-1.57338,-0.0410563,0.829907,-1.58146,0.0575879,0.826334,-1.57754,1.30859,0.121094,3.89453,-1.08594,0.21875,4.41406,-1.30859,0.21875,4.33984,1.13672,0.144531,3.92969,427,441,377,414,1,1,1,1
0.280442,0.0659445,0.832874,-1.57677,-0.0421463,0.82591,-1.57338,-0.0410563,0.829907,-1.58146,0.0575879,0.826334,-1.57754,1.30859,0.121094,3.89453,-1.08594,0.21875,4.41406,-1.30859,0.21875,4.33984,1.13672,0.144531,3.92969,427,441,377,414,1,1,1,1
0.294939,0.0659445,0.832874,-1.57677,-0.0421463,0.82591,-1.57338,-0.0410563,0.829907,-1.58146,0.0575879,0.826334,-1.57754,1.30859,0.121094,3.89453,-1.08594,0.21875,4.41406,-1.30859,0.21875,4.33984,1.13672,0.144531,3.92969,427,441,377,414,1,1,1,1
0.306478,0.0658839,0.832935,-1.57677,-0.0422069,0.82591,-1.57338,-0.0409958,0.829847,-1.58142,0.0575879,0.826395,-1.57754,1.38281,0.0703125,4.07812,-1.10938,0.269531,4.41406,-1.35938,0.292969,4.33984,1.18359,0.144531,4.04297,427,441,377,414,1,1,1,1
0.31748,0.0658839,0.832935,-1.57677,-0.0422069,0.82591,-1.57338,-0.0409958,0.829847,-1.58142,0.0575879,0.826395,-1.57754,1.38281,0.0703125,4.07812,-1.10938,0.269531,4.41406,-1.35938,0.292969,4.33984,1.18359,0.144531,4.04297,427,441,377,414,1,1,1,1
0.330666,0.0658839,0.832935,-1.57677,-0.0422069,0.82591,-1.57338,-0.0409958,0.829847,-1.58142,0.0575879,0.826395,-1.57754,1.38281,0.0703125,4.07812,-1.10938,0.269531,4.41406,-1.35938,0.292969,4.33984,1.18359,0.144531,4.04297,427,441,377,414,1,1,1,1
0.347343,0.0659445,0.832935,-1.57677,-0.0421463,0.82591,-1.57338,-0.0410563,0.829907,-1.58146,0.0576484,0.826395,-1.57754,1.35938,0.195312,4.11719,-1.03516,0.171875,4.375,-1.38281,0.21875,4.52344,1.21094,0.21875,4.00391,427,442,377,414,1,1,1,1
0.357662,0.0659445,0.832935,-1.57677,-0.0421463,0.82591,-1.57338,-0.0410563,0.829907,-1.58146,0.0576484,0.826395,-1.57754,1.35938,0.195312,4.11719,-1.03516,0.171875,4.375,-1.38281,0.21875,4.52344,1.21094,0.21875,4.00391,427,442,377,414,1,1,1,1
0.36799,0.0659445,0.832935,-1.57677,-0.0421463,0.82591,-1.57338,-0.0410563,0.829907,-1.58146,0.0576484,0.826395,-1.57754,1.35938,0.195312,4.11719,-1.03516,0.171875,4.375,-1.38281,0.21875,4.52344,1.21094,0.21875,4.00391,427,442,377,414,1,1,1,1
0.378363,0.0659445,0.832874,-1.57677,-0.0420858,0.82585,-1.57338,-0.0409958,0.829907,-1.58142,0.0575879,0.826334,-1.57754,1.33203,0.171875,3.85547,-1.01172,0.246094,4.375,-1.28516,0.269531,4.41406,1.21094,0.195312,3.92969,427,442,377,414,1,1,1,1
0.388632,0.0659445,0.832874,-1.57677,-0.0420858,0.82585,-1.57338,-0.0409958,0.829907,-1.58142,0.0575879,0.826334,-1.57754,1.33203,0.171875,3.85547,-1.01172,0.246094,4.375,-1.28516,0.269531,4.41406,1.21094,0.195312,3.92969,427,442,377,414,1,1,1,1
0.398869,0.0659445,0.832874,-1.57677,-0.0420858,0.82585,-1.57338,-0.0409958,0.829907,-1.58142,0.0575879,0.826334,-1.57754,1.33203,0.171875,3.85547,-1.01172,0.246094,4.375,-1.28516,0.269531,4.41406,1.21094,0.195312,3.92969,427,442,377,414,1,1,1,1
0.409086,0.0659445,0.832874,-1.57677,-0.0420858,0.82585,-1.57338,-0.0409958,0.829907,-1.58142,0.0575879,0.826334,-1.57754,1.33203,0.171875,3.85547,-1.01172,0.246094,4.375,-1.28516,0.269531,4.41406,1.21094,0.195312,3.92969,427,442,377,414,1,1,1,1
0.419359,0.0659445,0.832874,-1.57677,-0.0422069,0.82585,-1.57338,-0.0409958,0.829847,-1.58142,0.0575879,0.826395,-1.57754,1.33203,0.144531,3.85547,-1.18359,0.21875,4.33984,-1.23438,0.195312,4.375,1.25781,0.195312,4.04297,426,442,377,414,1,1,1,1
0.42962,0.0659445,0.832874,-1.57677,-0.0422069,0.82585,-1.57338,-0.0409958,0.829847,-1.58142,0.0575879,0.826395,-1.57754,1.33203,0.144531,3.85547,-1.18359,0.21875,4.33984,-1.23438,0.195312,4.375,1.25781,0.195312,4.04297,426,442,377,414,1,1,1,1
0.440228,0.0659445,0.832874,-1.57677,-0.0422069,0.82585,-1.57338,-0.0409958,0.829847,-1.58142,0.0575879,0.826395,-1.57754,1.33203,0.144531,3.85547,-1.18359,0.21875,4.33984,-1.23438,0.195312,4.375,1.25781,0.195312,4.04297,426,442,377,414,1,1,1,1
0.450395,0.0659445,0.832874,-1.57677,-0.0422069,0.82585,-1.57338,-0.0409958,0.829847,-1.58142,0.0575879,0.826395,-1.57754,1.33203,0.144531,3.85547,-1.18359,0.21875,4.33984,-1.23438,0.195312,4.375,1.25781,0.195312,4.04297,426,442,377,414,1,1,1,1
0.46062,0.0659445,0.832935,-1.57677,-0.0422069,0.82591,-1.57338,-0.0409958,0.829907,-1.58146,0.0575879,0.826334,-1.57754,1.40625,0.0976562,4.00391,-1.08594,0.21875,4.375,-1.30859,0.21875,4.375,1.16016,0.195312,3.92969,427,442,376,414,1,1,1,1
0.471936,0.0659445,0.832935,-1.57677,-0.0422069,0.82591,-1.57338,-0.0409958,0.829907,-1.58146,0.0575879,0.826334,-1.57754,1.40625,0.0976562,4.00391,-1.08594,0.21875,4.375,-1.30859,0.21875,4.375,1.16016,0.195312,3.92969,427,442,376,414,1,1,1,1
0.482275,0.0659445,0.832935,-1.57677,-0.0422069,0.82591,-1.57338,-0.0409958,0.829907,-1.58146,0.0575879,0.826334,-1.57754,1.40625,0.0976562,4.00391,-1.08594,0.21875,4.375,-1.30859,0.21875,4.375,1.16016,0.195312,3.92969,427,442,376,414,1,1,1,1
0.492436,0.0658839,0.832935,-1.57677,-0.0422069,0.82591,-1.57338,-0.0409958,0.829907,-1.58142,0.0575879,0.826334,-1.57754,1.40625,0.144531,3.85547,-1.16016,0.21875,4.375,-1.43359,0.269531,4.375,1.18359,0.320312,3.89453,427,442,377,414,1,1,1,1
0.502821,0.0658839,0.832935,-1.57677,-0.0422069,0.82591,-1.57338,-0.0409958,0.829907,-1.58142,0.0575879,0.826334,-1.57754,1.40625,0.144531,3.85547,-1.16016,0.21875,4.375,-1.43359,0.269531,4.375,1.18359,0.320312,3.89453,427,442,377,414,1,1,1,1
0.513017,0.0658839,0.832935,-1.57677,-0.0422069,0.82591,-1.57338,-0.0409958,0.829907,-1.58142,0.0575879,0.826334,-1.57754,1.40625,0.144531,3.85547,-1.16016,0.21875,4.375,-1.43359,0.269531,4.375,1.18359,0.320312,3.89453,427,442,377,414,1,1,1,1
0.52537,0.0658839,0.832935,-1.57677,-0.0422069,0.82591,-1.57338,-0.0409958,0.829907,-1.58142,0.0575879,0.826334,-1.57754,1.40625,0.144531,3.85547,-1.16016,0.21875,4.375,-1.43359,0.269531,4.375,1.18359,0.320312,3.89453,427,442,377,414,1,1,1,1
0.535998,0.0659445,0.832874,-1.57677,-0.0422069,0.82591,-1.57338,-0.0410563,0.829907,-1.58142,0.0575879,0.826395,-1.57754,1.13672,0.246094,3.82031,-1.13672,0.269531,4.375,-1.30859,0.246094,4.375,1.13672,0.171875,4.00391,427,441,377,414,1,1,1,1
0.546186,0.0659445,0.832874,-1.57677,-0.0422069,0.82591,-1.57338,-0.0410563,0.829907,-1.58142,0.0575879,0.826395,-1.57754,1.13672,0.246094,3.82031,-1.13672,0.269531,4.375,-1.30859,0.246094,4.375,1.13672,0.171875,4.00391,427,441,377,414,1,1,1,1
0.556485,0.0659445,0.832874,-1.57677,-0.0422069,0.82591,-1.57338,-0.0410563,0.829907,-1.58142,0.0575879,0.826395,-1.57754,1.13672,0.246094,3.82031,-1.13672,0.269531,4.375,-1.30859,0.246094,4.375,1.13672,0.171875,4.00391,427,441,377,414,1,1,1,1
0.566674,0.0659445,0.832874,-1.57677,-0.0422069,0.82591,-1.57338,-0.0410563,0.829907,-1.58142,0.0575879,0.826395,-1.57754,1.13672,0.246094,3.82031,-1.13672,0.269531,4.375,-1.30859,0.246094,4.375,1.13672,0.171875,4.00391,427,441,377,414,1,1,1,1
0.577698,0.0659445,0.832874,-1.57677,-0.0422069,0.82585,-1.57334,-0.0409958,0.829847,-1.58142,0.0576484,0.826395,-1.57754,1.40625,0.121094,3.96875,-1.10938,0.21875,4.33984,-1.25781,0.21875,4.41406,1.18359,0.21875,4.04297,427,442,377,414,1,1,1,1
0.589649,0.0659445,0.832874,-1.57677,-0.0422069,0.82585,-1.57334,-0.0409958,0.829847,-1.58142,0.0576484,0.826395,-1.57754,1.40625,0.121094,3.96875,-1.10938,0.21875,4.33984,-1.25781,0.21875,4.41406,1.18359,0.21875,4.04297,427,442,377,414,1,1,1,1
0.60013,0.0659445,0.832874,-1.57677,-0.0422069,0.82585,-1.57334,-0.0409958,0.829847,-1.58142,0.0576484,0.826395,-1.57754,1.40625,0.121094,3.96875,-1.10938,0.21875,4.33984,-1.25781,0.21875,4.41406,1.18359,0.21875,4.04297,427,442,377,414,1,1,1,1
0.611001,0.0659445,0.832935,-1.57677,-0.0422069,0.82585,-1.57338,-0.0410563,0.829907,-1.58146,0.0576484,0.826395,-1.57754,1.30859,0.0976562,3.82031,-1.0625,0.195312,4.44922,-1.30859,0.21875,4.44922,1.21094,0.171875,4.11719,427,441,377,414,1,1,1,1
0.627799,0.0659445,0.832935,-1.57677,-0.0422069,0.82585,-1.57338,-0.0410563,0.829907,-1.58146,0.0576484,0.826395,-1.57754,1.30859,0.0976562,3.82031,-1.0625,0.195312,4.44922,-1.30859,0.21875,4.44922,1.21094,0.171875,4.11719,427,441,377,414,1,1,1,1
0.638086,0.0659445,0.832935,-1.57677,-0.0422069,0.82585,-1.57338,-0.0410563,0.829907,-1.58146,0.0576484,0.826395,-1.57754,1.30859,0.0976562,3.82031,-1.0625,0.195312,4.44922,-1.30859,0.21875,4.44922,1.21094,0.171875,4.11719,427,441,377,414,1,1,1,1
0.648411,0.0659445,0.832935,-1.57677,-0.0422069,0.82585,-1.57338,-0.0410563,0.829907,-1.58146,0.0576484,0.826395,-1.57754,1.30859,0.0976562,3.82031,-1.0625,0.195312,4.44922,-1.30859,0.21875,4.44922,1.21094,0.171875,4.11719,427,441,377,414,1,1,1,1
0.658669,0.0659445,0.832874,-1.57677,-0.0421463,0.82591,-1.57338,-0.0409958,0.829907,-1.58142,0.0575879,0.826395,-1.5775,1.30859,0.0976562,3.92969,-1.10938,0.246094,4.44922,-1.33203,0.292969,4.375,1.16016,0.246094,4.04297,427,442,377,414,1,1,1,1
0.668876,0.0659445,0.832874,-1.57677,-0.0421463,0.82591,-1.57338,-0.0409958,0.829907,-1.58142,0.0575879,0.826395,-1.5775,1.30859,0.0976562,3.92969,-1.10938,0.246094,4.44922,-1.33203,0.292969,4.375,1.16016,0.246094,4.04297,427,442,377,414,1,1,1,1
0.679306,0.0659445,0.832874,-1.57677,-0.0421463,0.82591,-1.57338,-0.0409958,0.829907,-1.58142,0.0575879,0.826395,-1.5775,1.30859,0.0976562,3.92969,-1.10938,0.246094,4.44922,-1.33203,0.292969,4.375,1.16016,0.246094,4.04297,427,442,377,414,1,1,1,1
0.689495,0.0659445,0.832874,-1.57677,-0.0421463,0.82591,-1.57338,-0.0409958,0.829907,-1.58142,0.0575879,0.826395,-1.5775,1.30859,0.0976562,3.92969,-1.10938,0.246094,4.44922,-1.33203,0.292969,4.375,1.16016,0.246094,4.04297,427,442,377,414,1,1,1,1
0.699704,0.0659445,0.832874,-1.57677,-0.0422069,0.82591,-1.57338,-0.0409958,0.829907,-1.58142,0.0575879,0.826395,-1.57754,1.35938,0.144531,3.89453,-1.08594,0.246094,4.41406,-1.28516,0.269531,4.41406,1.13672,0.269531,4.07812,427,442,377,414,1,1,1,1
0.709997,0.0659445,0.832874,-1.57677,-0.0422069,0.82591,-1.57338,-0.0409958,0.829907,-1.58142,0.0575879,0.826395,-1.57754,1.35938,0.144531,3.89453,-1.08594,0.246094,4.41406,-1.28516,0.269531,4.41406,1.13672,0.269531,4.07812,427,442,377,414,1,1,1,1
0.720211,0.0659445,0.832874,-1.57677,-0.0422069,0.82591,-1.57338,-0.0409958,0.829907,-1.58142,0.0575879,0.826395,-1.57754,1.35938,0.144531,3.89453,-1.08594,0.246094,4.41406,-1.28516,0.269531,4.41406,1.13672,0.269531,4.07812,427,442,377,414,1,1,1,1
0.730367,0.0659445,0.832874,-1.57677,-0.0422069,0.82591,-1.57338,-0.0409958,0.829907,-1.58142,0.0575879,0.826395,-1.57754,1.35938,0.144531,3.89453,-1.08594,0.246094,4.41406,-1.28516,0.269531,4.41406,1.13672,0.269531,4.07812,427,442,377,414,1,1,1,1
0.740739,0.0659445,0.832874,-1.57677,-0.0422069,0.82591,-1.57338,-0.0410563,0.829907,-1.58142,0.0575879,0.826395,-1.57754,1.25781,0.21875,3.96875,-1.13672,0.269531,4.33984,-1.30859,0.246094,4.48828,1.18359,0.171875,3.92969,427,442,377,414,1,1,1,1
0.75095,0.0659445,0.832874,-1.57677,-0.0422069,0.82591,-1.57338,-0.0410563,0.829907,-1.58142,0.0575879,0.826395,-1.57754,1.25781,0.21875,3.96875,-1.13672,0.269531,4.33984,-1.30859,0.246094,4.48828,1.18359,0.171875,3.92969,427,442,377,414,1,1,1,1
0.761178,0.0659445,0.832874,-1.57677,-0.0422069,0.82591,-1.57338,-0.0410563,0.829907,-1.58142,0.0575879,0.826395,-1.57754,1.25781,0.21875,3.96875,-1.13672,0.269531,4.33984,-1.30859,0.246094,4.48828,1.18359,0.171875,3.92969,427,442,377,414,1,1,1,1
0.771491,0.0659445,0.832874,-1.57677,-0.0422069,0.82591,-1.57338,-0.0410563,0.829907,-1.58142,0.0575879,0.826395,-1.57754,1.25781,0.21875,3.96875,-1.13672,0.269531,4.33984,-1.30859,0.246094,4.48828,1.18359,0.171875,3.92969,427,442,377,414,1,1,1,1
0.782169,0.0659445,0.832935,-1.57677,-0.0422674,0.82585,-1.57338,-0.0409958,0.829847,-1.58142,0.0576484,0.826395,-1.5775,1.25781,0.0703125,4.00391,-1.13672,0.171875,4.375,-1.28516,0.21875,4.48828,1.21094,0.144531,3.89453,427,441,377,414,1,1,1,1
0.792792,0.0659445,0.832935,-1.57677,-0.0422674,0.82585,-1.57338,-0.0409958,0.829847,-1.58142,0.0576484,0.826395,-1.5775,1.25781,0.0703125,4.00391,-1.13672,0.171875,4.375,-1.28516,0.21875,4.48828,1.21094,0.144531,3.89453,427,441,377,414,1,1,1,1
0.803591,0.0659445,0.832935,-1.57677,-0.0422674,0.82585,-1.57338,-0.0409958,0.829847,-1.58142,0.0576484,0.826395,-1.5775,1.25781,0.0703125,4.00391,-1.13672,0.171875,4.375,-1.28516,0.21875,4.48828,1.21094,0.144531,3.89453,427,441,377,414,1,1,1,1
0.8138,0.0659445,0.832874,-1.57677,-0.0422069,0.82585,-1.57342,-0.0409958,0.829907,-1.58146,0.0575879,0.826395,-1.57754,1.33203,0.121094,3.70703,-1.16016,0.195312,4.33984,-1.43359,0.269531,4.48828,1.21094,0.171875,4.00391,427,442,377,414,1,1,1,1
0.824482,0.0659445,0.832874,-1.57677,-0.0422069,0.82585,-1.57342,-0.0409958,0.829907,-1.58146,0.0575879,0.826395,-1.57754,1.33203,0.121094,3.70703,-1.16016,0.195312,4.33984,-1.43359,0.269531,4.48828,1.21094,0.171875,4.00391,427,442,377,414,1,1,1,1
0.834692,0.0659445,0.832874,-1.57677,-0.0422069,0.82585,-1.57342,-0.0409958,0.829907,-1.58146,0.0575879,0.826395,-1.57754,1.33203,0.121094,3.70703,-1.16016,0.195312,4.33984,-1.43359,0.269531,4.48828,1.21094,0.171875,4.00391,427,442,377,414,1,1,1,1
0.844851,0.0659445,0.832874,-1.57677,-0.0422069,0.82585,-1.57342,-0.0409958,0.829907,-1.58146,0.0575879,0.826395,-1.57754,1.33203,0.121094,3.70703,-1.16016,0.195312,4.33984,-1.43359,0.269531,4.48828,1.21094,0.171875,4.00391,427,442,377,414,1,1,1,1
0.855002,0.0659445,0.832874,-1.57677,-0.0422069,0.82591,-1.57338,-0.0409958,0.829907,-1.58142,0.057709,0.826395,-1.5775,1.43359,0.121094,3.89453,-1.18359,0.195312,4.375,-1.38281,0.292969,4.41406,1.21094,0.171875,3.96875,427,442,377,414,1,1,1,1
0.865491,0.0659445,0.832874,-1.57677,-0.0422069,0.82591,-1.57338,-0.0409958,0.829907,-1.58142,0.057709,0.826395,-1.5775,1.43359,0.121094,3.89453,-1.18359,0.195312,4.375,-1.38281,0.292969,4.41406,1.21094,0.171875,3.96875,427,442,377,414,1,1,1,1
0.875927,0.0659445,0.832874,-1.57677,-0.0422069,0.82591,-1.57338,-0.0409958,0.829907,-1.58142,0.057709,0.826395,-1.5775,1.43359,0.121094,3.89453,-1.18359,0.195312,4.375,-1.38281,0.292969,4.41406,1.21094,0.171875,3.96875,427,442,377,414,1,1,1,1
0.886234,0.0659445,0.832874,-1.57677,-0.0422069,0.82591,-1.57338,-0.0409958,0.829907,-1.58142,0.057709,0.826395,-1.5775,1.43359,0.121094,3.89453,-1.18359,0.195312,4.375,-1.38281,0.292969,4.41406,1.21094,0.171875,3.96875,427,442,377,414,1,1,1,1
0.896734,0.0659445,0.832874,-1.57677,-0.0421463,0.82591,-1.57334,-0.0409958,0.829907,-1.58142,0.0576484,0.826334,-1.5775,1.35938,0.195312,3.92969,-1.0625,0.367188,4.41406,-1.25781,0.292969,4.48828,1.18359,0.171875,3.92969,427,442,377,414,1,1,1,1
0.906875,0.0659445,0.832874,-1.57677,-0.0421463,0.82591,-1.57334,-0.0409958,0.829907,-1.58142,0.0576484,0.826334,-1.5775,1.35938,0.195312,3.92969,-1.0625,0.367188,4.41406,-1.25781,0.292969,4.48828,1.18359,0.171875,3.92969,427,442,377,414,1,1,1,1
0.917091,0.0659445,0.832874,-1.57677,-0.0421463,0.82591,-1.57334,-0.0409958,0.829907,-1.58142,0.0576484,0.826334,-1.5775,1.35938,0.195312,3.92969,-1.0625,0.367188,4.41406,-1.25781,0.292969,4.48828,1.18359,0.171875,3.92969,427,442,377,414,1,1,1,1
0.927758,0.0659445,0.832874,-1.57677,-0.0421463,0.82591,-1.57334,-0.0409958,0.829907,-1.58142,0.0576484,0.826334,-1.5775,1.35938,0.195312,3.92969,-1.0625,0.367188,4.41406,-1.25781,0.292969,4.48828,1.18359,0.171875,3.92969,427,442,377,414,1,1,1,1
0.937939,0.0659445,0.832935,-1.57673,-0.0422069,0.82591,-1.57338,-0.0409352,0.829968,-1.58142,0.057709,0.826334,-1.57754,1.38281,0.0976562,3.96875,-1.18359,0.269531,4.41406,-1.35938,0.144531,4.375,1.23438,0.195312,3.96875,427,442,377,414,1,1,1,1
0.948108,0.0659445,0.832935,-1.57673,-0.0422069,0.82591,-1.57338,-0.0409352,0.829968,-1.58142,0.057709,0.826334,-1.57754,1.38281,0.0976562,3.96875,-1.18359,0.269531,4.41406,-1.35938,0.144531,4.375,1.23438,0.195312,3.96875,427,442,377,414,1,1,1,1
0.96118,0.0659445,0.832935,-1.57673,-0.0422069,0.82591,-1.57338,-0.0409352,0.829968,-1.58142,0.057709,0.826334,-1.57754,1.38281,0.0976562,3.96875,-1.18359,0.269531,4.41406,-1.35938,0.144531,4.375,1.23438,0.195312,3.96875,427,442,377,414,1,1,1,1
0.971385,0.0659445,0.832935,-1.57673,-0.0422069,0.82591,-1.57338,-0.0409352,0.829968,-1.58142,0.057709,0.826334,-1.57754,1.38281,0.0976562,3.96875,-1.18359,0.269531,4.41406,-1.35938,0.144531,4.375,1.23438,0.195312,3.96875,427,442,377,414,1,1,1,1
0.98204,0.0659445,0.832874,-1.57677,-0.0421463,0.82585,-1.57338,-0.0409958,0.829907,-1.58142,0.0576484,0.826395,-1.5775,1.38281,0.144531,3.92969,-1.03516,0.195312,4.41406,-1.30859,0.269531,4.48828,1.16016,0.195312,3.96875,427,442,377,414,1,1,1,1
0.993091,0.0659445,0.832874,-1.57677,-0.0421463,0.82585,-1.57338,-0.0409958,0.829907,-1.58142,0.0576484,0.826395,-1.5775,1.38281,0.144531,3.92969,-1.03516,0.195312,4.41406,-1.30859,0.269531,4.48828,1.16016,0.195312,3.96875,427,442,377,414,1,1,1,1
1.00366,0.0659445,0.832874,-1.57677,-0.0421463,0.82585,-1.57338,-0.0409958,0.829907,-1.58142,0.0576484,0.826395,-1.5775,1.38281,0.144531,3.92969,-1.03516,0.195312,4.41406,-1.30859,0.269531,4.48828,1.16016,0.195312,3.96875,427,442,377,414,1,1,1,1
1.01434,0.0659445,0.832874,-1.57677,-0.0422069,0.82591,-1.57338,-0.0409958,0.829907,-1.58142,0.0575879,0.826395,-1.57754,1.18359,0.171875,3.85547,-1.03516,0.269531,4.44922,-1.38281,0.195312,4.52344,1.21094,0.144531,3.78125,427,441,377,414,1,1,1,1
1.02455,0.0659445,0.832874,-1.57677,-0.0422069,0.82591,-1.57338,-0.0409958,0.829907,-1.58142,0.0575879,0.826395,-1.57754,1.18359,0.171875,3.85547,-1.03516,0.269531,4.44922,-1.38281,0.195312,4.52344,1.21094,0.144531,3.78125,427,441,377,414,1,1,1,1
1.03468,0.0659445,0.832874,-1.57677,-0.0422069,0.82591,-1.57338,-0.0409958,0.829907,-1.58142,0.0575879,0.826395,-1.57754,1.18359,0.171875,3.85547,-1.03516,0.269531,4.44922,-1.38281,0.195312,4.52344,1.21094,0.144531,3.78125,427,441,377,414,1,1,1,1
1.04746,0.0659445,0.832874,-1.57677,-0.0422069,0.82591,-1.57338,-0.0409958,0.829907,-1.58142,0.0575879,0.826395,-1.57754,1.18359,0.171875,3.85547,-1.03516,0.269531,4.44922,-1.38281,0.195312,4.52344,1.21094,0.144531,3.78125,427,441,377,414,1,1,1,1
1.05787,0.0659445,0.832874,-1.57677,-0.0422069,0.82585,-1.57338,-0.0409958,0.829847,-1.58142,0.0576484,0.826395,-1.57754,1.30859,0.0976562,3.96875,-1.13672,0.269531,4.44922,-1.28516,0.246094,4.52344,1.25781,0.171875,3.89453,426,441,377,414,1,1,1,1
1.06861,0.0659445,0.832874,-1.57677,-0.0422069,0.82585,-1.57338,-0.0409958,0.829847,-1.58142,0.0576484,0.826395,-1.57754,1.30859,0.0976562,3.96875,-1.13672,0.269531,4.44922,-1.28516,0.246094,4.52344,1.25781,0.171875,3.89453,426,441,377,414,1,1,1,1
1.07929,0.0659445,0.832874,-1.57677,-0.0422069,0.82585,-1.57338,-0.0409958,0.829847,-1.58142,0.0576484,0.826395,-1.57754,1.30859,0.0976562,3.96875,-1.13672,0.269531,4.44922,-1.28516,0.246094,4.52344,1.25781,0.171875,3.89453,426,441,377,414,1,1,1,1
1.09002,0.0659445,0.832874,-1.57677,-0.0422069,0.82585,-1.57338,-0.0409958,0.829847,-1.58142,0.0576484,0.826395,-1.57754,1.30859,0.0976562,3.96875,-1.13672,0.269531,4.44922,-1.28516,0.246094,4.52344,1.25781,0.171875,3.89453,426,441,377,414,1,1,1,1
1.10018,0.0659445,0.832874,-1.57677,-0.0421463,0.82585,-1.57338,-0.0409958,0.829847,-1.58142,0.0576484,0.826395,-1.57754,1.43359,0.0976562,3.85547,-1.10938,0.21875,4.375,-1.30859,0.195312,4.44922,1.10938,0.246094,3.92969,427,442,377,414,1,1,1,1
1.11033,0.0659445,0.832874,-1.57677,-0.0421463,0.82585,-1.57338,-0.0409958,0.829847,-1.58142,0.0576484,0.826395,-1.57754,1.43359,0.0976562,3.85547,-1.10938,0.21875,4.375,-1.30859,0.195312,4.44922,1.10938,0.246094,3.92969,427,442,377,414,1,1,1,1
1.12188,0.0659445,0.832874,-1.57677,-0.0421463,0.82585,-1.57338,-0.0409958,0.829847,-1.58142,0.0576484,0.826395,-1.57754,1.43359,0.0976562,3.85547,-1.10938,0.21875,4.375,-1.30859,0.195312,4.44922,1.10938,0.246094,3.92969,427,442,377,414,1,1,1,1
1.13257,0.066005,0.832874,-1.57677,-0.0422069,0.82585,-1.57334,-0.0409958,0.829847,-1.58142,0.057709,0.826395,-1.57754,1.33203,0.0976562,4.07812,-1.21094,0.21875,4.41406,-1.30859,0.246094,4.52344,1.16016,0.121094,3.92969,426,441,377,414,1,1,1,1
1.14286,0.066005,0.832874,-1.57677,-0.0422069,0.82585,-1.57334,-0.0409958,0.829847,-1.58142,0.057709,0.826395,-1.57754,1.33203,0.0976562,4.07812,-1.21094,0.21875,4.41406,-1.30859,0.246094,4.52344,1.16016,0.121094,3.92969,426,441,377,414,1,1,1,1
1.15309,0.066005,0.832874,-1.57677,-0.0422069,0.82585,-1.57334,-0.0409958,0.829847,-1.58142,0.057709,0.826395,-1.57754,1.33203,0.0976562,4.07812,-1.21094,0.21875,4.41406,-1.30859,0.246094,4.52344,1.16016,0.121094,3.92969,426,441,377,414,1,1,1,1
1.16372,0.066005,0.832874,-1.57677,-0.0422069,0.82585,-1.57334,-0.0409958,0.829847,-1.58142,0.057709,0.826395,-1.57754,1.33203,0.0976562,4.07812,-1.21094,0.21875,4.41406,-1.30859,0.246094,4.52344,1.16016,0.121094,3.92969,426,441,377,414,1,1,1,1
1.1817,0.066005,0.832874,-1.57677,-0.0422069,0.82585,-1.57334,-0.0409958,0.829847,-1.58142,0.057709,0.826395,-1.57754,1.33203,0.0976562,4.07812,-1.21094,0.21875,4.41406,-1.30859,0.246094,4.52344,1.16016,0.121094,3.92969,426,441,377,414,1,1,1,1
1.19559,0.06655,0.832814,-1.57617,-0.0429941,0.825729,-1.57278,-0.0411775,0.829665,-1.58101,0.0581934,0.826395,-1.57718,1.55469,0.121094,4.85938,-1.48047,0.0976562,5.37891,-1.48047,0.144531,5.33984,1.45703,0.046875,4.85938,428,445,379,414,1,1,1,1
1.21384,0.06655,0.832814,-1.57617,-0.0429941,0.825729,-1.57278,-0.0411775,0.829665,-1.58101,0.0581934,0.826395,-1.57718,1.55469,0.121094,4.85938,-1.48047,0.0976562,5.37891,-1.48047,0.144531,5.33984,1.45703,0.046875,4.85938,428,445,379,414,1,1,1,1
1.22927,0.0734533,0.828575,-1.56761,-0.0389369,0.856127,-1.6425,-0.0458402,0.821187,-1.56975,0.0539546,0.862183,-1.64544,3.14062,-0.960938,8.05078,1.33203,4.25391,-5.5625,-3.3125,-0.46875,8.42188,-1.01172,3.90625,-5.41406,485,251,160,505,1,1,0,1
1.23966,0.0734533,0.828575,-1.56761,-0.0389369,0.856127,-1.6425,-0.0458402,0.821187,-1.56975,0.0539546,0.862183,-1.64544,3.14062,-0.960938,8.05078,1.33203,4.25391,-5.5625,-3.3125,-0.46875,8.42188,-1.01172,3.90625,-5.41406,485,251,160,505,1,1,0,1
1.24992,0.0734533,0.828575,-1.56761,-0.0389369,0.856127,-1.6425,-0.0458402,0.821187,-1.56975,0.0539546,0.862183,-1.64544,3.14062,-0.960938,8.05078,1.33203,4.25391,-5.5625,-3.3125,-0.46875,8.42188,-1.01172,3.90625,-5.41406,485,251,160,505,1,1,0,1
1.26019,0.0618267,0.848376,-1.56668,-0.0546812,1.04724,-2.0472,-0.0459613,0.838324,-1.57136,0.0710916,1.05166,-2.05411,3.92969,0.367188,9.19922,-0.246094,-1.48047,3.41016,-3.08984,0.839844,9.05078,-0.34375,-1.43359,4.00391,813,88,92,796,1,0,0,1
1.2704,0.0618267,0.848376,-1.56668,-0.0546812,1.04724,-2.0472,-0.0459613,0.838324,-1.57136,0.0710916,1.05166,-2.05411,3.92969,0.367188,9.19922,-0.246094,-1.48047,3.41016,-3.08984,0.839844,9.05078,-0.34375,-1.43359,4.00391,813,88,92,796,1,0,0,1
1.2806,0.0618267,0.848376,-1.56668,-0.0546812,1.04724,-2.0472,-0.0459613,0.838324,-1.57136,0.0710916,1.05166,-2.05411,3.92969,0.367188,9.19922,-0.246094,-1.48047,3.41016,-3.08984,0.839844,9.05078,-0.34375,-1.43359,4.00391,813,88,92,796,1,0,0,1
1.29086,0.0618267,0.848376,-1.56668,-0.0546812,1.04724,-2.0472,-0.0459613,0.838324,-1.57136,0.0710916,1.05166,-2.05411,3.92969,0.367188,9.19922,-0.246094,-1.48047,3.41016,-3.08984,0.839844,9.05078,-0.34375,-1.43359,4.00391,813,88,92,796,1,0,0,1
1.30136,0.0672161,0.846681,-1.56712,-0.0441446,0.961069,-1.92291,-0.0459008,0.834025,-1.57043,0.0542573,0.960222,-1.92505,2.42188,1.65625,9.08984,0.738281,-0.394531,2.03906,-4.03125,2.91797,9.125,0.0703125,-0.714844,1.62891,659,94,97,535,1,0,0,1
1.3117,0.0672161,0.846681,-1.56712,-0.0441446,0.961069,-1.92291,-0.0459008,0.834025,-1.57043,0.0542573,0.960222,-1.92505,2.42188,1.65625,9.08984,0.738281,-0.394531,2.03906,-4.03125,2.91797,9.125,0.0703125,-0.714844,1.62891,659,94,97,535,1,0,0,1
1.32201,0.0672161,0.846681,-1.56712,-0.0441446,0.961069,-1.92291,-0.0459008,0.834025,-1.57043,0.0542573,0.960222,-1.92505,2.42188,1.65625,9.08984,0.738281,-0.394531,2.03906,-4.03125,2.91797,9.125,0.0703125,-0.714844,1.62891,659,94,97,535,1,0,0,1
1.33224,0.0681244,0.854371,-1.56551,-0.0500185,0.816767,-1.63055,-0.0412986,0.846318,-1.57068,0.0441446,0.820339,-1.63022,3.73438,0.589844,7.67969,1.60547,-0.566406,1.77734,-3.68359,0.664062,9.42188,-0.0703125,-0.589844,1.70312,560,168,225,723,1,0,1,1
1.34265,0.0681244,0.854371,-1.56551,-0.0500185,0.816767,-1.63055,-0.0412986,0.846318,-1.57068,0.0441446,0.820339,-1.63022,3.73438,0.589844,7.67969,1.60547,-0.566406,1.77734,-3.68359,0.664062,9.42188,-0.0703125,-0.589844,1.70312,560,168,225,723,1,0,1,1
1.35296,0.0681244,0.854371,-1.56551,-0.0500185,0.816767,-1.63055,-0.0412986,0.846318,-1.57068,0.0441446,0.820339,-1.63022,3.73438,0.589844,7.67969,1.60547,-0.566406,1.77734,-3.68359,0.664062,9.42188,-0.0703125,-0.589844,1.70312,560,168,225,723,1,0,1,1
1.36357,0.0681244,0.854371,-1.56551,-0.0500185,0.816767,-1.63055,-0.0412986,0.846318,-1.57068,0.0441446,0.820339,-1.63022,3.73438,0.589844,7.67969,1.60547,-0.566406,1.77734,-3.68359,0.664062,9.42188,-0.0703125,-0.589844,1.70312,560,168,225,723,1,0,1,1
1.37468,0.0650361,1.00606,-1.88641,-0.0538334,0.815132,-1.56769,-0.0440841,0.996676,-1.90107,0.048989,0.823791,-1.58747,-1.25781,-0.046875,0.703125,-4.32812,-0.394531,8.90234,1.77734,0.171875,0.777344,2.96484,0.394531,11.4258,49,922,948,71,0,1,1,0
1.38529,0.0650361,1.00606,-1.88641,-0.0538334,0.815132,-1.56769,-0.0440841,0.996676,-1.90107,0.048989,0.823791,-1.58747,-1.25781,-0.046875,0.703125,-4.32812,-0.394531,8.90234,1.77734,0.171875,0.777344,2.96484,0.394531,11.4258,49,922,948,71,0,1,1,0
1.39545,0.0650361,1.00606,-1.88641,-0.0538334,0.815132,-1.56769,-0.0440841,0.996676,-1.90107,0.048989,0.823791,-1.58747,-1.25781,-0.046875,0.703125,-4.32812,-0.394531,8.90234,1.77734,0.171875,0.777344,2.96484,0.394531,11.4258,49,922,948,71,0,1,1,0
1.40563,0.0650361,1.00606,-1.88641,-0.0538334,0.815132,-1.56769,-0.0440841,0.996676,-1.90107,0.048989,0.823791,-1.58747,-1.25781,-0.046875,0.703125,-4.32812,-0.394531,8.90234,1.77734,0.171875,0.777344,2.96484,0.394531,11.4258,49,922,948,71,0,1,1,0
1.42114,0.075936,1.10634,-2.1512,-0.0565584,0.836387,-1.56934,-0.050079,1.09072,-2.15822,0.0573456,0.839535,-1.5888,0.691406,-3.66016,6.75,-3.98047,3.08984,9.49609,0.0976562,-2.89062,6.9375,3.38672,4.55078,10.6836,73,795,697,91,0,1,1,0
1.43141,0.075936,1.10634,-2.1512,-0.0565584,0.836387,-1.56934,-0.050079,1.09072,-2.15822,0.0573456,0.839535,-1.5888,0.691406,-3.66016,6.75,-3.98047,3.08984,9.49609,0.0976562,-2.89062,6.9375,3.38672,4.55078,10.6836,73,795,697,91,0,1,1,0
1.4419,0.075936,1.10634,-2.1512,-0.0565584,0.836387,-1.56934,-0.050079,1.09072,-2.15822,0.0573456,0.839535,-1.5888,0.691406,-3.66016,6.75,-3.98047,3.08984,9.49609,0.0976562,-2.89062,6.9375,3.38672,4.55078,10.6836,73,795,697,91,0,1,1,0
1.45288,0.0712733,0.947687,-1.89166,-0.0638856,0.84553,-1.56196,-0.0297931,0.936423,-1.87733,0.0541968,0.850435,-1.58481,-1.21094,0.121094,1.29688,-3.38672,2.125,8.23438,0.441406,0.0234375,0.664062,3.88281,2.34766,10.3125,73,540,563,94,0,1,1,0
1.46353,0.0712733,0.947687,-1.89166,-0.0638856,0.84553,-1.56196,-0.0297931,0.936423,-1.87733,0.0541968,0.850435,-1.58481,-1.21094,0.121094,1.29688,-3.38672,2.125,8.23438,0.441406,0.0234375,0.664062,3.88281,2.34766,10.3125,73,540,563,94,0,1,1,0
1.47428,0.0712733,0.947687,-1.89166,-0.0638856,0.84553,-1.56196,-0.0297931,0.936423,-1.87733,0.0541968,0.850435,-1.58481,-1.21094,0.121094,1.29688,-3.38672,2.125,8.23438,0.441406,0.0234375,0.664062,3.88281,2.34766,10.3125,73,540,563,94,0,1,1,0
1.4846,0.0712733,0.947687,-1.89166,-0.0638856,0.84553,-1.56196,-0.0297931,0.936423,-1.87733,0.0541968,0.850435,-1.58481,-1.21094,0.121094,1.29688,-3.38672,2.125,8.23438,0.441406,0.0234375,0.664062,3.88281,2.34766,10.3125,73,540,563,94,0,1,1,0
1.49471,0.07309,0.823609,-1.61303,-0.0648545,0.870297,-1.55962,-0.0214365,0.826637,-1.62397,0.0489285,0.875081,-1.58485,-0.34375,-0.441406,2.59375,-3.38672,1.50781,8.57031,0.121094,-1.75391,4.44922,2.94141,0.886719,10.9805,190,674,831,497,0,1,1,1
1.50495,0.07309,0.823609,-1.61303,-0.0648545,0.870297,-1.55962,-0.0214365,0.826637,-1.62397,0.0489285,0.875081,-1.58485,-0.34375,-0.441406,2.59375,-3.38672,1.50781,8.57031,0.121094,-1.75391,4.44922,2.94141,0.886719,10.9805,190,674,831,497,0,1,1,1
1.51516,0.07309,0.823609,-1.61303,-0.0648545,0.870297,-1.55962,-0.0214365,0.826637,-1.62397,0.0489285,0.875081,-1.58485,-0.34375,-0.441406,2.59375,-3.38672,1.50781,8.57031,0.121094,-1.75391,4.44922,2.94141,0.886719,10.9805,190,674,831,497,0,1,1,1
1.52558,0.07309,0.823609,-1.61303,-0.0648545,0.870297,-1.55962,-0.0214365,0.826637,-1.62397,0.0489285,0.875081,-1.58485,-0.34375,-0.441406,2.59375,-3.38672,1.50781,8.57031,0.121094,-1.75391,4.44922,2.94141,0.886719,10.9805,190,674,831,497,0,1,1,1
1.53595,0.0821732,0.841715,-1.57734,-0.0627956,1.01345,-1.87931,-0.0308225,0.847408,-1.58557,0.0550446,1.02441,-1.90716,4.47656,1.33203,8.30859,1.16016,-0.46875,0.8125,-2.99219,2.14844,11.6133,-1.16016,-0.21875,0.367188,668,58,50,918,1,0,0,1
1.54609,0.0821732,0.841715,-1.57734,-0.0627956,1.01345,-1.87931,-0.0308225,0.847408,-1.58557,0.0550446,1.02441,-1.90716,4.47656,1.33203,8.30859,1.16016,-0.46875,0.8125,-2.99219,2.14844,11.6133,-1.16016,-0.21875,0.367188,668,58,50,918,1,0,0,1
1.55627,0.0821732,0.841715,-1.57734,-0.0627956,1.01345,-1.87931,-0.0308225,0.847408,-1.58557,0.0550446,1.02441,-1.90716,4.47656,1.33203,8.30859,1.16016,-0.46875,0.8125,-2.99219,2.14844,11.6133,-1.16016,-0.21875,0.367188,668,58,50,918,1,0,0,1
1.56649,0.0821732,0.841715,-1.57734,-0.0627956,1.01345,-1.87931,-0.0308225,0.847408,-1.58557,0.0550446,1.02441,-1.90716,4.47656,1.33203,8.30859,1.16016,-0.46875,0.8125,-2.99219,2.14844,11.6133,-1.16016,-0.21875,0.367188,668,58,50,918,1,0,0,1
1.57669,0.083021,0.874052,-1.57722,-0.0498368,1.08854,-2.14958,-0.0365753,0.876958,-1.58469,0.0789638,1.09871,-2.18212,3.85547,4.07812,10.3125,-0.765625,-2.59375,7.67969,-3.70703,4.99609,11.5391,0.8125,-3.46094,7.86328,643,83,79,714,1,0,0,1
1.59738,0.083021,0.874052,-1.57722,-0.0498368,1.08854,-2.14958,-0.0365753,0.876958,-1.58469,0.0789638,1.09871,-2.18212,3.85547,4.07812,10.3125,-0.765625,-2.59375,7.67969,-3.70703,4.99609,11.5391,0.8125,-3.46094,7.86328,643,83,79,714,1,0,0,1
1.60788,0.083021,0.874052,-1.57722,-0.0498368,1.08854,-2.14958,-0.0365753,0.876958,-1.58469,0.0789638,1.09871,-2.18212,3.85547,4.07812,10.3125,-0.765625,-2.59375,7.67969,-3.70703,4.99609,11.5391,0.8125,-3.46094,7.86328,643,83,79,714,1,0,0,1
1.61842,0.0877443,0.90336,-1.57189,-0.0271287,0.892884,-1.86538,-0.0311859,0.907236,-1.58129,0.0721211,0.912323,-1.90268,3.08984,2.10156,8.71875,0.714844,0.914062,0.628906,-3.1875,1.67969,10.5352,-0.46875,0.195312,0.925781,445,82,82,592,1,0,0,1
1.62864,0.0877443,0.90336,-1.57189,-0.0271287,0.892884,-1.86538,-0.0311859,0.907236,-1.58129,0.0721211,0.912323,-1.90268,3.08984,2.10156,8.71875,0.714844,0.914062,0.628906,-3.1875,1.67969,10.5352,-0.46875,0.195312,0.925781,445,82,82,592,1,0,0,1
1.63889,0.0877443,0.90336,-1.57189,-0.0271287,0.892884,-1.86538,-0.0311859,0.907236,-1.58129,0.0721211,0.912323,-1.90268,3.08984,2.10156,8.71875,0.714844,0.914062,0.628906,-3.1875,1.67969,10.5352,-0.46875,0.195312,0.925781,445,82,82,592,1,0,0,1
1.64907,0.0877443,0.90336,-1.57189,-0.0271287,0.892884,-1.86538,-0.0311859,0.907236,-1.58129,0.0721211,0.912323,-1.90268,3.08984,2.10156,8.71875,0.714844,0.914062,0.628906,-3.1875,1.67969,10.5352,-0.46875,0.195312,0.925781,445,82,82,592,1,0,0,1
1.65932,0.0869571,0.950351,-1.56902,-0.0223448,0.781766,-1.59211,-0.0277948,0.951804,-1.58029,0.0664895,0.801749,-1.64052,3.68359,0.8125,9.90625,0.046875,-0.269531,3.26172,-2.29688,-0.171875,11.8711,-0.492188,-0.714844,4.00391,610,326,488,856,1,1,1,1
1.66954,0.0869571,0.950351,-1.56902,-0.0223448,0.781766,-1.59211,-0.0277948,0.951804,-1.58029,0.0664895,0.801749,-1.64052,3.68359,0.8125,9.90625,0.046875,-0.269531,3.26172,-2.29688,-0.171875,11.8711,-0.492188,-0.714844,4.00391,610,326,488,856,1,1,1,1
1.68065,0.0869571,0.950351,-1.56902,-0.0223448,0.781766,-1.59211,-0.0277948,0.951804,-1.58029,0.0664895,0.801749,-1.64052,3.68359,0.8125,9.90625,0.046875,-0.269531,3.26172,-2.29688,-0.171875,11.8711,-0.492188,-0.714844,4.00391,610,326,488,856,1,1,1,1
1.69093,0.0869571,0.950351,-1.56902,-0.0223448,0.781766,-1.59211,-0.0277948,0.951804,-1.58029,0.0664895,0.801749,-1.64052,3.68359,0.8125,9.90625,0.046875,-0.269531,3.26172,-2.29688,-0.171875,11.8711,-0.492188,-0.714844,4.00391,610,326,488,856,1,1,1,1
1.70113,0.0877443,1.10113,-1.89792,-0.0264626,0.834207,-1.56656,-0.031307,1.10804,-1.90272,0.0782977,0.849466,-1.59982,-1.0625,-1.03516,0.515625,-4.25391,1.35938,9.27344,1.30859,-0.886719,0.332031,2.81641,2,11.4648,50,787,954,57,0,1,1,0
1.7124,0.0877443,1.10113,-1.89792,-0.0264626,0.834207,-1.56656,-0.031307,1.10804,-1.90272,0.0782977,0.849466,-1.59982,-1.0625,-1.03516,0.515625,-4.25391,1.35938,9.27344,1.30859,-0.886719,0.332031,2.81641,2,11.4648,50,787,954,57,0,1,1,0
1.72341,0.0877443,1.10113,-1.89792,-0.0264626,0.834207,-1.56656,-0.031307,1.10804,-1.90272,0.0782977,0.849466,-1.59982,-1.0625,-1.03516,0.515625,-4.25391,1.35938,9.27344,1.30859,-0.886719,0.332031,2.81641,2,11.4648,50,787,954,57,0,1,1,0
1.73393,0.0836871,1.12953,-2.18047,-0.0272498,0.884225,-1.56285,-0.0453557,1.12978,-2.18729,0.0874415,0.903239,-1.59934,0.542969,-3.98047,7.78906,-3.11328,4.64844,10.8711,-0.9375,-4.59766,7.30859,3.1875,5.26562,11.0547,73,579,560,83,0,1,1,0
1.74427,0.0836871,1.12953,-2.18047,-0.0272498,0.884225,-1.56285,-0.0453557,1.12978,-2.18729,0.0874415,0.903239,-1.59934,0.542969,-3.98047,7.78906,-3.11328,4.64844,10.8711,-0.9375,-4.59766,7.30859,3.1875,5.26562,11.0547,73,579,560,83,0,1,1,0
1.75453,0.0836871,1.12953,-2.18047,-0.0272498,0.884225,-1.56285,-0.0453557,1.12978,-2.18729,0.0874415,0.903239,-1.59934,0.542969,-3.98047,7.78906,-3.11328,4.64844,10.8711,-0.9375,-4.59766,7.30859,3.1875,5.26562,11.0547,73,579,560,83,0,1,1,0
1.76503,0.0836871,1.12953,-2.18047,-0.0272498,0.884225,-1.56285,-0.0453557,1.12978,-2.18729,0.0874415,0.903239,-1.59934,0.542969,-3.98047,7.78906,-3.11328,4.64844,10.8711,-0.9375,-4.59766,7.30859,3.1875,5.26562,11.0547,73,579,560,83,0,1,1,0
1.77525,0.0836871,1.12953,-2.18047,-0.0272498,0.884225,-1.56285,-0.0453557,1.12978,-2.18729,0.0874415,0.903239,-1.59934,0.542969,-3.98047,7.78906,-3.11328,4.64844,10.8711,-0.9375,-4.59766,7.30859,3.1875,5.26562,11.0547,73,579,560,83,0,1,1,0
1.79318,0.0634011,0.854432,-1.9087,-0.0293086,0.925584,-1.53556,-0.0458402,0.859519,-1.91205,0.0832632,0.950048,-1.584,-1.87891,3.46094,1.18359,-2.76953,1.16016,9.19922,0.738281,1.92578,0.8125,3.88281,0.515625,10.3867,70,574,569,86,0,1,1,0
1.80342,0.0634011,0.854432,-1.9087,-0.0293086,0.925584,-1.53556,-0.0458402,0.859519,-1.91205,0.0832632,0.950048,-1.584,-1.87891,3.46094,1.18359,-2.76953,1.16016,9.19922,0.738281,1.92578,0.8125,3.88281,0.515625,10.3867,70,574,569,86,0,1,1,0
1.81368,0.0597073,0.728417,-1.61835,-0.026402,0.979418,-1.5169,-0.0483229,0.744888,-1.63818,0.0859276,1.01066,-1.5777,-0.292969,0.417969,3.26172,-3.48438,0.121094,9.86719,0.566406,0.441406,4.19141,2.84375,-0.664062,11.9844,240,659,785,376,1,1,1,1
1.82421,0.0597073,0.728417,-1.61835,-0.026402,0.979418,-1.5169,-0.0483229,0.744888,-1.63818,0.0859276,1.01066,-1.5777,-0.292969,0.417969,3.26172,-3.48438,0.121094,9.86719,0.566406,0.441406,4.19141,2.84375,-0.664062,11.9844,240,659,785,376,1,1,1,1
1.83487,0.0597073,0.728417,-1.61835,-0.026402,0.979418,-1.5169,-0.0483229,0.744888,-1.63818,0.0859276,1.01066,-1.5777,-0.292969,0.417969,3.26172,-3.48438,0.121094,9.86719,0.566406,0.441406,4.19141,2.84375,-0.664062,11.9844,240,659,785,376,1,1,1,1
1.84595,0.0597073,0.728417,-1.61835,-0.026402,0.979418,-1.5169,-0.0483229,0.744888,-1.63818,0.0859276,1.01066,-1.5777,-0.292969,0.417969,3.26172,-3.48438,0.121094,9.86719,0.566406,0.441406,4.19141,2.84375,-0.664062,11.9844,240,659,785,376,1,1,1,1
1.85605,0.0681244,0.803384,-1.59171,-0.0237981,1.14734,-1.84196,-0.0497763,0.813194,-1.5945,0.0917409,1.17404,-1.89893,3.80859,1.73047,10.5,1.0625,-0.292969,-0.0351562,-2.29688,2,11.2422,-1.33203,-0.914062,0,793,58,49,940,1,0,0,1
1.86854,0.0681244,0.803384,-1.59171,-0.0237981,1.14734,-1.84196,-0.0497763,0.813194,-1.5945,0.0917409,1.17404,-1.89893,3.80859,1.73047,10.5,1.0625,-0.292969,-0.0351562,-2.29688,2,11.2422,-1.33203,-0.914062,0,793,58,49,940,1,0,0,1
1.87973,0.0681244,0.803384,-1.59171,-0.0237981,1.14734,-1.84196,-0.0497763,0.813194,-1.5945,0.0917409,1.17404,-1.89893,3.80859,1.73047,10.5,1.0625,-0.292969,-0.0351562,-2.29688,2,11.2422,-1.33203,-0.914062,0,793,58,49,940,1,0,0,1
1.88991,0.0681244,0.803384,-1.59171,-0.0237981,1.14734,-1.84196,-0.0497763,0.813194,-1.5945,0.0917409,1.17404,-1.89893,3.80859,1.73047,10.5,1.0625,-0.292969,-0.0351562,-2.29688,2,11.2422,-1.33203,-0.914062,0,793,58,49,940,1,0,0,1
1.9004,0.0757544,0.885073,-1.59207,-0.0376652,1.13559,-2.17312,-0.0523801,0.893793,-1.59522,0.0832632,1.14661,-2.21123,3.38672,3.73438,10.7578,-1.45703,-4.12891,7.04688,-3.41016,4.99609,10.2773,0.269531,-5.09375,7.04688,647,79,77,619,1,0,0,1
1.91206,0.0757544,0.885073,-1.59207,-0.0376652,1.13559,-2.17312,-0.0523801,0.893793,-1.59522,0.0832632,1.14661,-2.21123,3.38672,3.73438,10.7578,-1.45703,-4.12891,7.04688,-3.41016,4.99609,10.2773,0.269531,-5.09375,7.04688,647,79,77,619,1,0,0,1
1.92657,0.0757544,0.885073,-1.59207,-0.0376652,1.13559,-2.17312,-0.0523801,0.893793,-1.59522,0.0832632,1.14661,-2.21123,3.38672,3.73438,10.7578,-1.45703,-4.12891,7.04688,-3.41016,4.99609,10.2773,0.269531,-5.09375,7.04688,647,79,77,619,1,0,0,1
1.93685,0.0833238,0.946839,-1.575,-0.056619,0.793332,-1.89776,-0.0465063,0.956164,-1.57471,0.0417224,0.796844,-1.90805,2.89062,-0.0976562,8.05078,1.75391,2.81641,0.925781,-3.60938,-0.292969,9.01562,-0.566406,3.85547,0.589844,473,80,80,562,1,0,0,1
1.94717,0.0833238,0.946839,-1.575,-0.056619,0.793332,-1.89776,-0.0465063,0.956164,-1.57471,0.0417224,0.796844,-1.90805,2.89062,-0.0976562,8.05078,1.75391,2.81641,0.925781,-3.60938,-0.292969,9.01562,-0.566406,3.85547,0.589844,473,80,80,562,1,0,0,1
1.95744,0.0833238,0.946839,-1.575,-0.056619,0.793332,-1.89776,-0.0465063,0.956164,-1.57471,0.0417224,0.796844,-1.90805,2.89062,-0.0976562,8.05078,1.75391,2.81641,0.925781,-3.60938,-0.292969,9.01562,-0.566406,3.85547,0.589844,473,80,80,562,1,0,0,1
1.96765,0.0833238,0.946839,-1.575,-0.056619,0.793332,-1.89776,-0.0465063,0.956164,-1.57471,0.0417224,0.796844,-1.90805,2.89062,-0.0976562,8.05078,1.75391,2.81641,0.925781,-3.60938,-0.292969,9.01562,-0.566406,3.85547,0.589844,473,80,80,562,1,0,0,1
1.97792,0.0824154,1.02653,-1.56147,-0.060434,0.679731,-1.61161,-0.0425097,1.02835,-1.55421,0.0356669,0.678943,-1.62566,3.58594,-0.664062,9.90625,0.492188,0.617188,3.30078,-2.62109,-1.62891,10.6836,-0.46875,1.40625,4.11719,608,304,387,833,1,1,1,1
1.98814,0.0824154,1.02653,-1.56147,-0.060434,0.679731,-1.61161,-0.0425097,1.02835,-1.55421,0.0356669,0.678943,-1.62566,3.58594,-0.664062,9.90625,0.492188,0.617188,3.30078,-2.62109,-1.62891,10.6836,-0.46875,1.40625,4.11719,608,304,387,833,1,1,1,1
1.99831,0.0824154,1.02653,-1.56147,-0.060434,0.679731,-1.61161,-0.0425097,1.02835,-1.55421,0.0356669,0.678943,-1.62566,3.58594,-0.664062,9.90625,0.492188,0.617188,3.30078,-2.62109,-1.62891,10.6836,-0.46875,1.40625,4.11719,608,304,387,833,1,1,1,1
2.01046,0.0825971,1.19596,-1.89743,-0.0580117,0.772198,-1.59292,-0.0467485,1.19542,-1.88128,0.0429335,0.775165,-1.60015,-1.38281,-0.8125,-0.0351562,-4.5,2.66797,10.7969,0.914062,-0.738281,0.332031,2.91797,3.16406,12.5039,43,930,1026,56,0,1,1,0
2.02289,0.0825971,1.19596,-1.89743,-0.0580117,0.772198,-1.59292,-0.0467485,1.19542,-1.88128,0.0429335,0.775165,-1.60015,-1.38281,-0.8125,-0.0351562,-4.5,2.66797,10.7969,0.914062,-0.738281,0.332031,2.91797,3.16406,12.5039,43,930,1026,56,0,1,1,0
2.03305,0.0825971,1.19596,-1.89743,-0.0580117,0.772198,-1.59292,-0.0467485,1.19542,-1.88128,0.0429335,0.775165,-1.60015,-1.38281,-0.8125,-0.0351562,-4.5,2.66797,10.7969,0.914062,-0.738281,0.332031,2.91797,3.16406,12.5039,43,930,1026,56,0,1,1,0
2.04354,0.0825971,1.19596,-1.89743,-0.0580117,0.772198,-1.59292,-0.0467485,1.19542,-1.88128,0.0429335,0.775165,-1.60015,-1.38281,-0.8125,-0.0351562,-4.5,2.66797,10.7969,0.914062,-0.738281,0.332031,2.91797,3.16406,12.5039,43,930,1026,56,0,1,1,0
2.05396,0.0728477,1.15509,-2.21769,-0.0560134,0.86624,-1.59337,-0.0669739,1.15569,-2.21833,0.052259,0.876474,-1.60883,0.589844,-6.23047,8.125,-2.62109,5.24219,10.832,-1.10938,-5.8125,7.71484,3.28906,5.98438,10.5,64,669,660,80,0,1,1,0
2.06416,0.0728477,1.15509,-2.21769,-0.0560134,0.86624,-1.59337,-0.0669739,1.15569,-2.21833,0.052259,0.876474,-1.60883,0.589844,-6.23047,8.125,-2.62109,5.24219,10.832,-1.10938,-5.8125,7.71484,3.28906,5.98438,10.5,64,669,660,80,0,1,1,0
2.07477,0.0728477,1.15509,-2.21769,-0.0560134,0.86624,-1.59337,-0.0669739,1.15569,-2.21833,0.052259,0.876474,-1.60883,0.589844,-6.23047,8.125,-2.62109,5.24219,10.832,-1.10938,-5.8125,7.71484,3.28906,5.98438,10.5,64,669,660,80,0,1,1,0
2.0901,0.0728477,1.15509,-2.21769,-0.0560134,0.86624,-1.59337,-0.0669739,1.15569,-2.21833,0.052259,0.876474,-1.60883,0.589844,-6.23047,8.125,-2.62109,5.24219,10.832,-1.10938,-5.8125,7.71484,3.28906,5.98438,10.5,64,669,660,80,0,1,1,0
2.10472,0.0368175,0.755909,-1.92936,-0.0565584,0.941147,-1.56414,-0.0773288,0.761662,-1.94172,0.0572851,0.956709,-1.59038,-1.75391,4.67188,1.29688,-3.11328,-0.21875,7.04688,0.988281,3.36328,0.886719,3.38672,-0.171875,8.38281,64,484,488,82,0,1,1,0
2.11492,0.0368175,0.755909,-1.92936,-0.0565584,0.941147,-1.56414,-0.0773288,0.761662,-1.94172,0.0572851,0.956709,-1.59038,-1.75391,4.67188,1.29688,-3.11328,-0.21875,7.04688,0.988281,3.36328,0.886719,3.38672,-0.171875,8.38281,64,484,488,82,0,1,1,0
2.12572,0.0368175,0.755909,-1.92936,-0.0565584,0.941147,-1.56414,-0.0773288,0.761662,-1.94172,0.0572851,0.956709,-1.59038,-1.75391,4.67188,1.29688,-3.11328,-0.21875,7.04688,0.988281,3.36328,0.886719,3.38672,-0.171875,8.38281,64,484,488,82,0,1,1,0
2.13636,0.0276131,0.623899,-1.61484,-0.0472329,1.03204,-1.527,-0.0816282,0.642913,-1.64342,0.0607367,1.05142,-1.57108,0,-2.29688,0.144531,-4.12891,-2.07422,8.16016,0.960938,1.35938,3.78125,2.54688,-3.75781,10.4258,307,638,772,268,1,1,1,1
2.14654,0.0276131,0.623899,-1.61484,-0.0472329,1.03204,-1.527,-0.0816282,0.642913,-1.64342,0.0607367,1.05142,-1.57108,0,-2.29688,0.144531,-4.12891,-2.07422,8.16016,0.960938,1.35938,3.78125,2.54688,-3.75781,10.4258,307,638,772,268,1,1,1,1
2.15675,0.0276131,0.623899,-1.61484,-0.0472329,1.03204,-1.527,-0.0816282,0.642913,-1.64342,0.0607367,1.05142,-1.57108,0,-2.29688,0.144531,-4.12891,-2.07422,8.16016,0.960938,1.35938,3.78125,2.54688,-3.75781,10.4258,307,638,772,268,1,1,1,1
2.16718,0.0276131,0.623899,-1.61484,-0.0472329,1.03204,-1.527,-0.0816282,0.642913,-1.64342,0.0607367,1.05142,-1.57108,0,-2.29688,0.144531,-4.12891,-2.07422,8.16016,0.960938,1.35938,3.78125,2.54688,-3.75781,10.4258,307,638,772,268,1,1,1,1
2.18071,0.0369386,0.741981,-1.61985,-0.0406324,1.20983,-1.86643,-0.0777527,0.747371,-1.61044,0.070365,1.22418,-1.9007,3.92969,2.44531,11.4648,0.914062,-0.441406,-0.367188,-2.76953,3.08984,12.5391,-0.914062,-0.589844,-0.332031,842,54,50,979,1,0,0,1
2.19093,0.0369386,0.741981,-1.61985,-0.0406324,1.20983,-1.86643,-0.0777527,0.747371,-1.61044,0.070365,1.22418,-1.9007,3.92969,2.44531,11.4648,0.914062,-0.441406,-0.367188,-2.76953,3.08984,12.5391,-0.914062,-0.589844,-0.332031,842,54,50,979,1,0,0,1
2.20115,0.0369386,0.741981,-1.61985,-0.0406324,1.20983,-1.86643,-0.0777527,0.747371,-1.61044,0.070365,1.22418,-1.9007,3.92969,2.44531,11.4648,0.914062,-0.441406,-0.367188,-2.76953,3.08984,12.5391,-0.914062,-0.589844,-0.332031,842,54,50,979,1,0,0,1
2.21151,0.0369386,0.741981,-1.61985,-0.0406324,1.20983,-1.86643,-0.0777527,0.747371,-1.61044,0.070365,1.22418,-1.9007,3.92969,2.44531,11.4648,0.914062,-0.441406,-0.367188,-2.76953,3.08984,12.5391,-0.914062,-0.589844,-0.332031,842,54,50,979,1,0,0,1
2.22235,0.0432363,0.865937,-1.62776,-0.0541362,1.14873,-2.22576,-0.0809621,0.861032,-1.61581,0.069275,1.15206,-2.25083,3.33594,4.87109,11.9844,-1.87891,-6.28125,8.60547,-3.26172,5.09375,10.1289,0.738281,-6.20703,8.45703,730,76,75,690,1,0,0,1
2.23258,0.0432363,0.865937,-1.62776,-0.0541362,1.14873,-2.22576,-0.0809621,0.861032,-1.61581,0.069275,1.15206,-2.25083,3.33594,4.87109,11.9844,-1.87891,-6.28125,8.60547,-3.26172,5.09375,10.1289,0.738281,-6.20703,8.45703,730,76,75,690,1,0,0,1
2.24274,0.0432363,0.865937,-1.62776,-0.0541362,1.14873,-2.22576,-0.0809621,0.861032,-1.61581,0.069275,1.15206,-2.25083,3.33594,4.87109,11.9844,-1.87891,-6.28125,8.60547,-3.26172,5.09375,10.1289,0.738281,-6.20703,8.45703,730,76,75,690,1,0,0,1
2.25733,0.0432363,0.865937,-1.62776,-0.0541362,1.14873,-2.22576,-0.0809621,0.861032,-1.61581,0.069275,1.15206,-2.25083,3.33594,4.87109,11.9844,-1.87891,-6.28125,8.60547,-3.26172,5.09375,10.1289,0.738281,-6.20703,8.45703,730,76,75,690,1,0,0,1
2.27085,0.0552262,0.950412,-1.60592,-0.0645517,0.698503,-1.93611,-0.0793271,0.950896,-1.58993,0.0402691,0.70153,-1.94325,3.38672,-0.988281,7.19531,2.05078,4.74609,1.03516,-3.95703,-1.23438,7.67969,-0.789062,5.14453,0.960938,429,76,78,469,1,0,0,1
2.28116,0.0552262,0.950412,-1.60592,-0.0645517,0.698503,-1.93611,-0.0793271,0.950896,-1.58993,0.0402691,0.70153,-1.94325,3.38672,-0.988281,7.19531,2.05078,4.74609,1.03516,-3.95703,-1.23438,7.67969,-0.789062,5.14453,0.960938,429,76,78,469,1,0,0,1
2.2914,0.0552262,0.950412,-1.60592,-0.0645517,0.698503,-1.93611,-0.0793271,0.950896,-1.58993,0.0402691,0.70153,-1.94325,3.38672,-0.988281,7.19531,2.05078,4.74609,1.03516,-3.95703,-1.23438,7.67969,-0.789062,5.14453,0.960938,429,76,78,469,1,0,0,1
2.30192,0.0513507,1.0565,-1.57157,-0.0644306,0.579633,-1.61597,-0.076481,1.05148,-1.55041,0.0362725,0.576726,-1.6255,4.92188,-4.69922,7.34375,0.0234375,-2.74219,0.183594,-2.94141,-6.37891,8.75391,-0.144531,-1.10938,2.03906,581,309,274,795,1,1,1,1
2.31246,0.0513507,1.0565,-1.57157,-0.0644306,0.579633,-1.61597,-0.076481,1.05148,-1.55041,0.0362725,0.576726,-1.6255,4.92188,-4.69922,7.34375,0.0234375,-2.74219,0.183594,-2.94141,-6.37891,8.75391,-0.144531,-1.10938,2.03906,581,309,274,795,1,1,1,1
2.32275,0.0513507,1.0565,-1.57157,-0.0644306,0.579633,-1.61597,-0.076481,1.05148,-1.55041,0.0362725,0.576726,-1.6255,4.92188,-4.69922,7.34375,0.0234375,-2.74219,0.183594,-2.94141,-6.37891,8.75391,-0.144531,-1.10938,2.03906,581,309,274,795,1,1,1,1
2.33296,0.0466879,1.23072,-1.90393,-0.0643095,0.690267,-1.6125,-0.0776316,1.22182,-1.87131,0.0466274,0.685241,-1.60414,-1.75391,-0.886719,-0.441406,-3.41016,3.06641,12.5391,1.10938,-0.789062,-0.777344,2.91797,3.01562,12.6875,39,1050,986,52,0,1,1,0
2.34319,0.0466879,1.23072,-1.90393,-0.0643095,0.690267,-1.6125,-0.0776316,1.22182,-1.87131,0.0466274,0.685241,-1.60414,-1.75391,-0.886719,-0.441406,-3.41016,3.06641,12.5391,1.10938,-0.789062,-0.777344,2.91797,3.01562,12.6875,39,1050,986,52,0,1,1,0
2.35562,0.0466879,1.23072,-1.90393,-0.0643095,0.690267,-1.6125,-0.0776316,1.22182,-1.87131,0.0466274,0.685241,-1.60414,-1.75391,-0.886719,-0.441406,-3.41016,3.06641,12.5391,1.10938,-0.789062,-0.777344,2.91797,3.01562,12.6875,39,1050,986,52,0,1,1,0
2.36595,0.0466879,1.23072,-1.90393,-0.0643095,0.690267,-1.6125,-0.0776316,1.22182,-1.87131,0.0466274,0.685241,-1.60414,-1.75391,-0.886719,-0.441406,-3.41016,3.06641,12.5391,1.10938,-0.789062,-0.777344,2.91797,3.01562,12.6875,39,1050,986,52,0,1,1,0
2.37619,0.0443263,1.15073,-2.25519,-0.0626139,0.821853,-1.61686,-0.0899243,1.13607,-2.24615,0.0545601,0.825789,-1.62348,1.38281,-6.82422,8.19922,-2.54688,5.07031,10.9453,-1.50781,-5.51562,7.49219,3.03906,6.03516,9.68359,63,773,687,77,0,1,1,0
2.3864,0.0443263,1.15073,-2.25519,-0.0626139,0.821853,-1.61686,-0.0899243,1.13607,-2.24615,0.0545601,0.825789,-1.62348,1.38281,-6.82422,8.19922,-2.54688,5.07031,10.9453,-1.50781,-5.51562,7.49219,3.03906,6.03516,9.68359,63,773,687,77,0,1,1,0
2.3966,0.0443263,1.15073,-2.25519,-0.0626139,0.821853,-1.61686,-0.0899243,1.13607,-2.24615,0.0545601,0.825789,-1.62348,1.38281,-6.82422,8.19922,-2.54688,5.07031,10.9453,-1.50781,-5.51562,7.49219,3.03906,6.03516,9.68359,63,773,687,77,0,1,1,0
2.40681,0.0443263,1.15073,-2.25519,-0.0626139,0.821853,-1.61686,-0.0899243,1.13607,-2.24615,0.0545601,0.825789,-1.62348,1.38281,-6.82422,8.19922,-2.54688,5.07031,10.9453,-1.50781,-5.51562,7.49219,3.03906,6.03516,9.68359,63,773,687,77,0,1,1,0
2.41703,0.0189537,0.661867,-1.94055,-0.0639461,0.913836,-1.58642,-0.0919226,0.659505,-1.94224,0.0651572,0.931216,-1.60515,-2.10156,4.82031,1.66797,-3.06641,-2.14844,5.75,0.988281,4.84766,0.703125,4.03125,-0.839844,7.08594,63,450,431,80,0,1,1,0
2.42725,0.0189537,0.661867,-1.94055,-0.0639461,0.913836,-1.58642,-0.0919226,0.659505,-1.94224,0.0651572,0.931216,-1.60515,-2.10156,4.82031,1.66797,-3.06641,-2.14844,5.75,0.988281,4.84766,0.703125,4.03125,-0.839844,7.08594,63,450,431,80,0,1,1,0
2.44082,0.0189537,0.661867,-1.94055,-0.0639461,0.913836,-1.58642,-0.0919226,0.659505,-1.94224,0.0651572,0.931216,-1.60515,-2.10156,4.82031,1.66797,-3.06641,-2.14844,5.75,0.988281,4.84766,0.703125,4.03125,-0.839844,7.08594,63,450,431,80,0,1,1,0
2.45155,0.0189537,0.661867,-1.94055,-0.0639461,0.913836,-1.58642,-0.0919226,0.659505,-1.94224,0.0651572,0.931216,-1.60515,-2.10156,4.82031,1.66797,-3.06641,-2.14844,5.75,0.988281,4.84766,0.703125,4.03125,-0.839844,7.08594,63,450,431,80,0,1,1,0
2.4618,0.00793271,0.531734,-1.60354,-0.0534701,1.0272,-1.53769,-0.0951926,0.535791,-1.62199,0.0707283,1.05087,-1.57633,0,-1.73047,1,-5.61328,-5.11719,5.82422,0.664062,-1.97656,-1.29688,2.125,-6.23047,9.3125,283,620,753,257,1,1,1,1
2.47197,0.00793271,0.531734,-1.60354,-0.0534701,1.0272,-1.53769,-0.0951926,0.535791,-1.62199,0.0707283,1.05087,-1.57633,0,-1.73047,1,-5.61328,-5.11719,5.82422,0.664062,-1.97656,-1.29688,2.125,-6.23047,9.3125,283,620,753,257,1,1,1,1
2.48549,0.00793271,0.531734,-1.60354,-0.0534701,1.0272,-1.53769,-0.0951926,0.535791,-1.62199,0.0707283,1.05087,-1.57633,0,-1.73047,1,-5.61328,-5.11719,5.82422,0.664062,-1.97656,-1.29688,2.125,-6.23047,9.3125,283,620,753,257,1,1,1,1
2.49635,0.0195593,0.673191,-1.62271,-0.0439024,1.21025,-1.87059,-0.0902876,0.665258,-1.60237,0.0756333,1.23072,-1.89558,3.46094,2.86719,11.3906,1.13672,-0.269531,-1.18359,-1.90234,3.80859,13.1719,-0.914062,-0.765625,-1.29688,910,52,52,998,1,0,0,1
2.50724,0.0195593,0.673191,-1.62271,-0.0439024,1.21025,-1.87059,-0.0902876,0.665258,-1.60237,0.0756333,1.23072,-1.89558,3.46094,2.86719,11.3906,1.13672,-0.269531,-1.18359,-1.90234,3.80859,13.1719,-0.914062,-0.765625,-1.29688,910,52,52,998,1,0,0,1
2.51743,0.0195593,0.673191,-1.62271,-0.0439024,1.21025,-1.87059,-0.0902876,0.665258,-1.60237,0.0756333,1.23072,-1.89558,3.46094,2.86719,11.3906,1.13672,-0.269531,-1.18359,-1.90234,3.80859,13.1719,-0.914062,-0.765625,-1.29688,910,52,52,998,1,0,0,1
2.52827,0.0195593,0.673191,-1.62271,-0.0439024,1.21025,-1.87059,-0.0902876,0.665258,-1.60237,0.0756333,1.23072,-1.89558,3.46094,2.86719,11.3906,1.13672,-0.269531,-1.18359,-1.90234,3.80859,13.1719,-0.914062,-0.765625,-1.29688,910,52,52,998,1,0,0,1
2.54266,0.0279159,0.83463,-1.64137,-0.0595862,1.12747,-2.23182,-0.0933759,0.820945,-1.62756,0.0683667,1.13674,-2.25374,4.55078,5.11719,11.6484,-1.70312,-5.76172,8.82812,-4.10547,7.19531,11.9453,0.320312,-6.40625,8.38281,836,76,73,824,1,0,0,1
2.55354,0.0279159,0.83463,-1.64137,-0.0595862,1.12747,-2.23182,-0.0933759,0.820945,-1.62756,0.0683667,1.13674,-2.25374,4.55078,5.11719,11.6484,-1.70312,-5.76172,8.82812,-4.10547,7.19531,11.9453,0.320312,-6.40625,8.38281,836,76,73,824,1,0,0,1
2.56384,0.0279159,0.83463,-1.64137,-0.0595862,1.12747,-2.23182,-0.0933759,0.820945,-1.62756,0.0683667,1.13674,-2.25374,4.55078,5.11719,11.6484,-1.70312,-5.76172,8.82812,-4.10547,7.19531,11.9453,0.320312,-6.40625,8.38281,836,76,73,824,1,0,0,1
2.57419,0.0412985,0.950351,-1.62138,-0.0804777,0.669739,-1.93013,-0.0895004,0.948837,-1.61678,0.022042,0.667014,-1.9284,4.30078,-0.988281,6.52734,2.10156,4.79688,0.554688,-4.59766,-0.144531,9.83203,-0.664062,5.48828,0.777344,415,76,76,592,1,0,0,1
2.58455,0.0412985,0.950351,-1.62138,-0.0804777,0.669739,-1.93013,-0.0895004,0.948837,-1.61678,0.022042,0.667014,-1.9284,4.30078,-0.988281,6.52734,2.10156,4.79688,0.554688,-4.59766,-0.144531,9.83203,-0.664062,5.48828,0.777344,415,76,76,592,1,0,0,1
2.59484,0.0412985,0.950351,-1.62138,-0.0804777,0.669739,-1.93013,-0.0895004,0.948837,-1.61678,0.022042,0.667014,-1.9284,4.30078,-0.988281,6.52734,2.10156,4.79688,0.554688,-4.59766,-0.144531,9.83203,-0.664062,5.48828,0.777344,415,76,76,592,1,0,0,1
2.60523,0.0412985,0.950351,-1.62138,-0.0804777,0.669739,-1.93013,-0.0895004,0.948837,-1.61678,0.022042,0.667014,-1.9284,4.30078,-0.988281,6.52734,2.10156,4.79688,0.554688,-4.59766,-0.144531,9.83203,-0.664062,5.48828,0.777344,415,76,76,592,1,0,0,1
2.61548,0.0402691,1.07485,-1.56571,-0.0839899,0.576908,-1.61464,-0.0822338,1.07618,-1.5773,0.00775105,0.572064,-1.62582,4.89453,-3.85547,6.97266,0.0234375,-2.125,-1.55469,-3.21484,-5.26562,11.3906,-0.121094,-3.38672,2.41016,539,157,484,898,1,0,1,1
2.63077,0.0402691,1.07485,-1.56571,-0.0839899,0.576908,-1.61464,-0.0822338,1.07618,-1.5773,0.00775105,0.572064,-1.62582,4.89453,-3.85547,6.97266,0.0234375,-2.125,-1.55469,-3.21484,-5.26562,11.3906,-0.121094,-3.38672,2.41016,539,157,484,898,1,0,1,1
2.64261,0.0402691,1.07485,-1.56571,-0.0839899,0.576908,-1.61464,-0.0822338,1.07618,-1.5773,0.00775105,0.572064,-1.62582,4.89453,-3.85547,6.97266,0.0234375,-2.125,-1.55469,-3.21484,-5.26562,11.3906,-0.121094,-3.38672,2.41016,539,157,484,898,1,0,1,1
2.65309,0.0406324,1.27038,-1.97987,-0.0821732,0.718244,-1.61621,-0.0859882,1.26493,-1.96372,0.0227081,0.715882,-1.61303,-0.492188,-3.36328,1.03516,-5.44141,4.96875,11.3164,1.0625,-2.19922,1.18359,3.21484,6.60156,14.0234,42,955,981,44,0,1,1,0
2.66444,0.0406324,1.27038,-1.97987,-0.0821732,0.718244,-1.61621,-0.0859882,1.26493,-1.96372,0.0227081,0.715882,-1.61303,-0.492188,-3.36328,1.03516,-5.44141,4.96875,11.3164,1.0625,-2.19922,1.18359,3.21484,6.60156,14.0234,42,955,981,44,0,1,1,0
2.67609,0.0406324,1.27038,-1.97987,-0.0821732,0.718244,-1.61621,-0.0859882,1.26493,-1.96372,0.0227081,0.715882,-1.61303,-0.492188,-3.36328,1.03516,-5.44141,4.96875,11.3164,1.0625,-2.19922,1.18359,3.21484,6.60156,14.0234,42,955,981,44,0,1,1,0
2.69539,0.0284609,1.06528,-2.2558,-0.0821732,0.880894,-1.61767,-0.0924675,1.05396,-2.25249,0.0337897,0.883862,-1.63511,0.246094,-6.45312,8.60547,-2.44531,6.08203,11.3164,-0.441406,-4.72266,7.82812,3.16406,7.24609,11.9453,62,643,585,73,0,1,1,0
2.71129,0.0284609,1.06528,-2.2558,-0.0821732,0.880894,-1.61767,-0.0924675,1.05396,-2.25249,0.0337897,0.883862,-1.63511,0.246094,-6.45312,8.60547,-2.44531,6.08203,11.3164,-0.441406,-4.72266,7.82812,3.16406,7.24609,11.9453,62,643,585,73,0,1,1,0
2.72198,0.0284609,1.06528,-2.2558,-0.0821732,0.880894,-1.61767,-0.0924675,1.05396,-2.25249,0.0337897,0.883862,-1.63511,0.246094,-6.45312,8.60547,-2.44531,6.08203,11.3164,-0.441406,-4.72266,7.82812,3.16406,7.24609,11.9453,62,643,585,73,0,1,1,0
2.73229,0.011566,0.59132,-1.78851,-0.0816888,1.00988,-1.56054,-0.0957981,0.602644,-1.80603,0.0353036,1.01969,-1.60128,-2.27344,7.86328,-5.45312,-3.73438,-2.22266,6.49219,1.25781,7.12109,-4.63672,3.63281,-4.99609,11.0195,62,445,697,75,0,1,1,0
2.74253,0.011566,0.59132,-1.78851,-0.0816888,1.00988,-1.56054,-0.0957981,0.602644,-1.80603,0.0353036,1.01969,-1.60128,-2.27344,7.86328,-5.45312,-3.73438,-2.22266,6.49219,1.25781,7.12109,-4.63672,3.63281,-4.99609,11.0195,62,445,697,75,0,1,1,0
2.75269,0.011566,0.59132,-1.78851,-0.0816888,1.00988,-1.56054,-0.0957981,0.602644,-1.80603,0.0353036,1.01969,-1.60128,-2.27344,7.86328,-5.45312,-3.73438,-2.22266,6.49219,1.25781,7.12109,-4.63672,3.63281,-4.99609,11.0195,62,445,697,75,0,1,1,0
2.76281,0.011566,0.59132,-1.78851,-0.0816888,1.00988,-1.56054,-0.0957981,0.602644,-1.80603,0.0353036,1.01969,-1.60128,-2.27344,7.86328,-5.45312,-3.73438,-2.22266,6.49219,1.25781,7.12109,-4.63672,3.63281,-4.99609,11.0195,62,445,697,75,0,1,1,0
2.77295,0.0302775,0.657325,-1.61787,-0.0505635,1.16805,-1.60491,-0.11239,0.66435,-1.62962,0.0439024,1.19239,-1.66107,1.08594,3.08984,7.34375,-0.0976562,0.714844,-11.5391,-0.988281,5.07031,10.7578,-0.9375,0.144531,-10.5,353,233,149,444,1,1,0,1
2.7832,0.0302775,0.657325,-1.61787,-0.0505635,1.16805,-1.60491,-0.11239,0.66435,-1.62962,0.0439024,1.19239,-1.66107,1.08594,3.08984,7.34375,-0.0976562,0.714844,-11.5391,-0.988281,5.07031,10.7578,-0.9375,0.144531,-10.5,353,233,149,444,1,1,0,1
2.7935,0.0302775,0.657325,-1.61787,-0.0505635,1.16805,-1.60491,-0.11239,0.66435,-1.62962,0.0439024,1.19239,-1.66107,1.08594,3.08984,7.34375,-0.0976562,0.714844,-11.5391,-0.988281,5.07031,10.7578,-0.9375,0.144531,-10.5,353,233,149,444,1,1,0,1
2.80377,0.0302775,0.657325,-1.61787,-0.0505635,1.16805,-1.60491,-0.11239,0.66435,-1.62962,0.0439024,1.19239,-1.66107,1.08594,3.08984,7.34375,-0.0976562,0.714844,-11.5391,-0.988281,5.07031,10.7578,-0.9375,0.144531,-10.5,353,233,149,444,1,1,0,1
2.81399,0.0356669,0.866967,-1.6557,-0.0718789,1.26506,-2.17574,-0.110755,0.863031,-1.66692,0.0612212,1.27075,-2.22604,3.46094,5.39062,12.6523,-2.22266,-5.29297,4.93359,-2.86719,6.40625,12.7266,1.55469,-4.42578,5.78516,852,69,61,855,1,0,0,1
2.82416,0.0356669,0.866967,-1.6557,-0.0718789,1.26506,-2.17574,-0.110755,0.863031,-1.66692,0.0612212,1.27075,-2.22604,3.46094,5.39062,12.6523,-2.22266,-5.29297,4.93359,-2.86719,6.40625,12.7266,1.55469,-4.42578,5.78516,852,69,61,855,1,0,0,1
2.83437,0.0356669,0.866967,-1.6557,-0.0718789,1.26506,-2.17574,-0.110755,0.863031,-1.66692,0.0612212,1.27075,-2.22604,3.46094,5.39062,12.6523,-2.22266,-5.29297,4.93359,-2.86719,6.40625,12.7266,1.55469,-4.42578,5.78516,852,69,61,855,1,0,0,1
2.84458,0.0356669,0.866967,-1.6557,-0.0718789,1.26506,-2.17574,-0.110755,0.863031,-1.66692,0.0612212,1.27075,-2.22604,3.46094,5.39062,12.6523,-2.22266,-5.29297,4.93359,-2.86719,6.40625,12.7266,1.55469,-4.42578,5.78516,852,69,61,855,1,0,0,1
2.85473,0.0537123,0.995889,-1.63688,-0.073635,0.692629,-2.04377,-0.106274,0.997463,-1.63115,0.0307014,0.698018,-2.06364,3.51172,-1.95312,9.05078,2.89062,7.96484,3.41016,-5.19141,-0.886719,8.64453,-1.73047,8.08594,2.92969,570,76,72,445,1,0,0,1
2.86497,0.0537123,0.995889,-1.63688,-0.073635,0.692629,-2.04377,-0.106274,0.997463,-1.63115,0.0307014,0.698018,-2.06364,3.51172,-1.95312,9.05078,2.89062,7.96484,3.41016,-5.19141,-0.886719,8.64453,-1.73047,8.08594,2.92969,570,76,72,445,1,0,0,1
2.87514,0.0537123,0.995889,-1.63688,-0.073635,0.692629,-2.04377,-0.106274,0.997463,-1.63115,0.0307014,0.698018,-2.06364,3.51172,-1.95312,9.05078,2.89062,7.96484,3.41016,-5.19141,-0.886719,8.64453,-1.73047,8.08594,2.92969,570,76,72,445,1,0,0,1
2.88539,0.0537123,0.995889,-1.63688,-0.073635,0.692629,-2.04377,-0.106274,0.997463,-1.63115,0.0307014,0.698018,-2.06364,3.51172,-1.95312,9.05078,2.89062,7.96484,3.41016,-5.19141,-0.886719,8.64453,-1.73047,8.08594,2.92969,570,76,72,445,1,0,0,1
2.8957,0.0574062,1.12196,-1.56042,-0.0761177,0.492676,-1.62526,-0.103852,1.11052,-1.54646,0.0294298,0.485167,-1.63539,5.83594,-5.98438,7.45703,1.30859,3.08984,2.66797,-4.82031,-3.58594,8.01172,-1.25781,4.59766,1.18359,647,278,69,743,1,1,0,1
2.9062,0.0574062,1.12196,-1.56042,-0.0761177,0.492676,-1.62526,-0.103852,1.11052,-1.54646,0.0294298,0.485167,-1.63539,5.83594,-5.98438,7.45703,1.30859,3.08984,2.66797,-4.82031,-3.58594,8.01172,-1.25781,4.59766,1.18359,647,278,69,743,1,1,0,1
2.91635,0.0574062,1.12196,-1.56042,-0.0761177,0.492676,-1.62526,-0.103852,1.11052,-1.54646,0.0294298,0.485167,-1.63539,5.83594,-5.98438,7.45703,1.30859,3.08984,2.66797,-4.82031,-3.58594,8.01172,-1.25781,4.59766,1.18359,647,278,69,743,1,1,0,1
2.92652,0.0574062,1.12196,-1.56042,-0.0761177,0.492676,-1.62526,-0.103852,1.11052,-1.54646,0.0294298,0.485167,-1.63539,5.83594,-5.98438,7.45703,1.30859,3.08984,2.66797,-4.82031,-3.58594,8.01172,-1.25781,4.59766,1.18359,647,278,69,743,1,1,0,1
2.93693,0.0488679,1.31798,-1.96602,-0.0657628,0.683606,-1.63378,-0.105487,1.30187,-1.92755,0.0322153,0.65563,-1.6217,-1.77734,-1.55469,-1.10938,-1.60547,1.25781,14.0625,1.01172,-2.14844,-4.5625,1.55469,0,11.5391,31,1131,900,51,0,1,1,0
2.94713,0.0488679,1.31798,-1.96602,-0.0657628,0.683606,-1.63378,-0.105487,1.30187,-1.92755,0.0322153,0.65563,-1.6217,-1.77734,-1.55469,-1.10938,-1.60547,1.25781,14.0625,1.01172,-2.14844,-4.5625,1.55469,0,11.5391,31,1131,900,51,0,1,1,0
2.95731,0.0488679,1.31798,-1.96602,-0.0657628,0.683606,-1.63378,-0.105487,1.30187,-1.92755,0.0322153,0.65563,-1.6217,-1.77734,-1.55469,-1.10938,-1.60547,1.25781,14.0625,1.01172,-2.14844,-4.5625,1.55469,0,11.5391,31,1131,900,51,0,1,1,0
2.96767,0.0488679,1.31798,-1.96602,-0.0657628,0.683606,-1.63378,-0.105487,1.30187,-1.92755,0.0322153,0.65563,-1.6217,-1.77734,-1.55469,-1.10938,-1.60547,1.25781,14.0625,1.01172,-2.14844,-4.5625,1.55469,0,11.5391,31,1131,900,51,0,1,1,0
2.97795,0.0296114,1.06208,-2.2981,-0.0652784,0.860669,-1.6404,-0.0771471,1.01817,-2.27477,0.0414802,0.825608,-1.63559,1.16016,-8.13672,8.60547,-2.59375,2.125,12.6523,-0.566406,-7.81641,8.53125,3.4375,3.66016,8.45703,55,948,467,75,0,1,1,0
2.98822,0.0296114,1.06208,-2.2981,-0.0652784,0.860669,-1.6404,-0.0771471,1.01817,-2.27477,0.0414802,0.825608,-1.63559,1.16016,-8.13672,8.60547,-2.59375,2.125,12.6523,-0.566406,-7.81641,8.53125,3.4375,3.66016,8.45703,55,948,467,75,0,1,1,0
2.99961,0.0296114,1.06208,-2.2981,-0.0652784,0.860669,-1.6404,-0.0771471,1.01817,-2.27477,0.0414802,0.825608,-1.63559,1.16016,-8.13672,8.60547,-2.59375,2.125,12.6523,-0.566406,-7.81641,8.53125,3.4375,3.66016,8.45703,55,948,467,75,0,1,1,0
3.0098,0.0296114,1.06208,-2.2981,-0.0652784,0.860669,-1.6404,-0.0771471,1.01817,-2.27477,0.0414802,0.825608,-1.63559,1.16016,-8.13672,8.60547,-2.59375,2.125,12.6523,-0.566406,-7.81641,8.53125,3.4375,3.66016,8.45703,55,948,467,75,0,1,1,0
3.02027,0.025312,0.480626,-1.81157,-0.069275,0.963249,-1.58186,-0.0334264,0.432363,-1.75985,0.0359091,0.916501,-1.57964,-2.07422,10.1641,-2.26172,-3.80859,-8.65625,4.33984,0.320312,9.05078,-2.85547,6.28125,-6.42969,5.52734,56,700,571,76,0,1,1,0
3.03084,0.025312,0.480626,-1.81157,-0.069275,0.963249,-1.58186,-0.0334264,0.432363,-1.75985,0.0359091,0.916501,-1.57964,-2.07422,10.1641,-2.26172,-3.80859,-8.65625,4.33984,0.320312,9.05078,-2.85547,6.28125,-6.42969,5.52734,56,700,571,76,0,1,1,0
3.04114,0.025312,0.480626,-1.81157,-0.069275,0.963249,-1.58186,-0.0334264,0.432363,-1.75985,0.0359091,0.916501,-1.57964,-2.07422,10.1641,-2.26172,-3.80859,-8.65625,4.33984,0.320312,9.05078,-2.85547,6.28125,-6.42969,5.52734,56,700,571,76,0,1,1,0
3.05129,0.025312,0.480626,-1.81157,-0.069275,0.963249,-1.58186,-0.0334264,0.432363,-1.75985,0.0359091,0.916501,-1.57964,-2.07422,10.1641,-2.26172,-3.80859,-8.65625,4.33984,0.320312,9.05078,-2.85547,6.28125,-6.42969,5.52734,56,700,571,76,0,1,1,0
3.06177,0.0380891,0.512962,-1.60519,-0.0462035,1.11621,-1.61795,-0.0469908,0.467909,-1.54666,0.0247065,1.06353,-1.63091,-1.62891,-2.96484,3.63281,-0.738281,-2.34766,-10.9805,1.16016,-2.02734,0.0703125,-0.121094,-0.960938,-11.1289,583,275,106,90,1,1,0,0
3.07222,0.0380891,0.512962,-1.60519,-0.0462035,1.11621,-1.61795,-0.0469908,0.467909,-1.54666,0.0247065,1.06353,-1.63091,-1.62891,-2.96484,3.63281,-0.738281,-2.34766,-10.9805,1.16016,-2.02734,0.0703125,-0.121094,-0.960938,-11.1289,583,275,106,90,1,1,0,0
3.08273,0.0380891,0.512962,-1.60519,-0.0462035,1.11621,-1.61795,-0.0469908,0.467909,-1.54666,0.0247065,1.06353,-1.63091,-1.62891,-2.96484,3.63281,-0.738281,-2.34766,-10.9805,1.16016,-2.02734,0.0703125,-0.121094,-0.960938,-11.1289,583,275,106,90,1,1,0,0
3.09312,0.0540151,0.689359,-1.65876,-0.0772683,1.19947,-2.18285,-0.0457796,0.620144,-1.54864,0.051714,1.1345,-2.18216,2.84375,-0.738281,14.543,-1.75391,-4.84766,5.33984,-4.10547,0.0976562,7.82812,0.0976562,-4.07812,5.5625,1208,56,68,727,1,0,0,1
3.10428,0.0540151,0.689359,-1.65876,-0.0772683,1.19947,-2.18285,-0.0457796,0.620144,-1.54864,0.051714,1.1345,-2.18216,2.84375,-0.738281,14.543,-1.75391,-4.84766,5.33984,-4.10547,0.0976562,7.82812,0.0976562,-4.07812,5.5625,1208,56,68,727,1,0,0,1
3.11501,0.0540151,0.689359,-1.65876,-0.0772683,1.19947,-2.18285,-0.0457796,0.620144,-1.54864,0.051714,1.1345,-2.18216,2.84375,-0.738281,14.543,-1.75391,-4.84766,5.33984,-4.10547,0.0976562,7.82812,0.0976562,-4.07812,5.5625,1208,56,68,727,1,0,0,1
3.1252,0.0540151,0.689359,-1.65876,-0.0772683,1.19947,-2.18285,-0.0457796,0.620144,-1.54864,0.051714,1.1345,-2.18216,2.84375,-0.738281,14.543,-1.75391,-4.84766,5.33984,-4.10547,0.0976562,7.82812,0.0976562,-4.07812,5.5625,1208,56,68,727,1,0,0,1
3.1354,0.0701833,0.79533,-1.66728,-0.080296,0.631892,-2.02536,-0.0475963,0.712612,-1.53455,0.0540151,0.628319,-1.99852,2.125,-4.69922,8.34766,2.57031,5.83594,4.19141,-5.29297,-1.48047,3.55859,-1.0625,6.70312,2.74219,936,67,77,331,1,0,0,1
3.14564,0.0701833,0.79533,-1.66728,-0.080296,0.631892,-2.02536,-0.0475963,0.712612,-1.53455,0.0540151,0.628319,-1.99852,2.125,-4.69922,8.34766,2.57031,5.83594,4.19141,-5.29297,-1.48047,3.55859,-1.0625,6.70312,2.74219,936,67,77,331,1,0,0,1
3.15634,0.0701833,0.79533,-1.66728,-0.080296,0.631892,-2.02536,-0.0475963,0.712612,-1.53455,0.0540151,0.628319,-1.99852,2.125,-4.69922,8.34766,2.57031,5.83594,4.19141,-5.29297,-1.48047,3.55859,-1.0625,6.70312,2.74219,936,67,77,331,1,0,0,1
3.1665,0.0701833,0.79533,-1.66728,-0.080296,0.631892,-2.02536,-0.0475963,0.712612,-1.53455,0.0540151,0.628319,-1.99852,2.125,-4.69922,8.34766,2.57031,5.83594,4.19141,-5.29297,-1.48047,3.55859,-1.0625,6.70312,2.74219,936,67,77,331,1,0,0,1
3.17672,0.0784794,0.908689,-1.63822,-0.0628562,0.396212,-1.57677,-0.0612212,0.808894,-1.51868,0.0612817,0.385857,-1.56866,3.28906,-6.20703,6.60156,0.566406,2.79297,4.19141,-3.98047,-3.75781,4.26562,-0.789062,4.12891,2.1875,774,314,73,614,1,1,0,1
3.18689,0.0784794,0.908689,-1.63822,-0.0628562,0.396212,-1.57677,-0.0612212,0.808894,-1.51868,0.0612817,0.385857,-1.56866,3.28906,-6.20703,6.60156,0.566406,2.79297,4.19141,-3.98047,-3.75781,4.26562,-0.789062,4.12891,2.1875,774,314,73,614,1,1,0,1
3.19713,0.0784794,0.908689,-1.63822,-0.0628562,0.396212,-1.57677,-0.0612212,0.808894,-1.51868,0.0612817,0.385857,-1.56866,3.28906,-6.20703,6.60156,0.566406,2.79297,4.19141,-3.98047,-3.75781,4.26562,-0.789062,4.12891,2.1875,774,314,73,614,1,1,0,1
3.20772,0.0784794,0.908689,-1.63822,-0.0628562,0.396212,-1.57677,-0.0612212,0.808894,-1.51868,0.0612817,0.385857,-1.56866,3.28906,-6.20703,6.60156,0.566406,2.79297,4.19141,-3.98047,-3.75781,4.26562,-0.789062,4.12891,2.1875,774,314,73,614,1,1,0,1
3.21796,0.068185,1.06698,-1.93607,-0.0815677,0.516171,-1.57157,-0.0565584,0.973059,-1.83712,0.054439,0.464578,-1.46648,-1.87891,-0.246094,0,0,-4.64844,10.6836,-0.269531,-0.640625,0.367188,1.45703,-5.53906,5.00781,24,1062,1149,63,0,1,1,0
3.22873,0.068185,1.06698,-1.93607,-0.0815677,0.516171,-1.57157,-0.0565584,0.973059,-1.83712,0.054439,0.464578,-1.46648,-1.87891,-0.246094,0,0,-4.64844,10.6836,-0.269531,-0.640625,0.367188,1.45703,-5.53906,5.00781,24,1062,1149,63,0,1,1,0
3.24028,0.068185,1.06698,-1.93607,-0.0815677,0.516171,-1.57157,-0.0565584,0.973059,-1.83712,0.054439,0.464578,-1.46648,-1.87891,-0.246094,0,0,-4.64844,10.6836,-0.269531,-0.640625,0.367188,1.45703,-5.53906,5.00781,24,1062,1149,63,0,1,1,0
3.25048,0.068185,1.06698,-1.93607,-0.0815677,0.516171,-1.57157,-0.0565584,0.973059,-1.83712,0.054439,0.464578,-1.46648,-1.87891,-0.246094,0,0,-4.64844,10.6836,-0.269531,-0.640625,0.367188,1.45703,-5.53906,5.00781,24,1062,1149,63,0,1,1,0
3.26094,0.0970698,0.999582,-2.22431,-0.0861093,0.624444,-1.58561,-0.0409958,0.913594,-2.13174,0.0452952,0.562435,-1.49547,0.394531,-5.29297,8.64453,-3.21484,-3.36328,10.2383,0.0703125,-3.21484,8.34766,4.92188,-0.441406,6.75,54,1183,758,82,0,1,1,0
3.27179,0.0970698,0.999582,-2.22431,-0.0861093,0.624444,-1.58561,-0.0409958,0.913594,-2.13174,0.0452952,0.562435,-1.49547,0.394531,-5.29297,8.64453,-3.21484,-3.36328,10.2383,0.0703125,-3.21484,8.34766,4.92188,-0.441406,6.75,54,1183,758,82,0,1,1,0
3.28386,0.0970698,0.999582,-2.22431,-0.0861093,0.624444,-1.58561,-0.0409958,0.913594,-2.13174,0.0452952,0.562435,-1.49547,0.394531,-5.29297,8.64453,-3.21484,-3.36328,10.2383,0.0703125,-3.21484,8.34766,4.92188,-0.441406,6.75,54,1183,758,82,0,1,1,0
3.29415,0.0769655,0.64582,-1.89808,-0.0878654,0.688511,-1.57798,-0.0182876,0.589201,-1.79925,0.0412985,0.607307,-1.47528,-1.21094,4.07812,1.48047,-3.21484,-5.36719,6.19531,0.589844,2.07422,0.554688,5.01953,-2.57031,3.85547,59,779,399,83,0,1,1,0
3.30575,0.0769655,0.64582,-1.89808,-0.0878654,0.688511,-1.57798,-0.0182876,0.589201,-1.79925,0.0412985,0.607307,-1.47528,-1.21094,4.07812,1.48047,-3.21484,-5.36719,6.19531,0.589844,2.07422,0.554688,5.01953,-2.57031,3.85547,59,779,399,83,0,1,1,0
3.31626,0.0769655,0.64582,-1.89808,-0.0878654,0.688511,-1.57798,-0.0182876,0.589201,-1.79925,0.0412985,0.607307,-1.47528,-1.21094,4.07812,1.48047,-3.21484,-5.36719,6.19531,0.589844,2.07422,0.554688,5.01953,-2.57031,3.85547,59,779,399,83,0,1,1,0
3.32662,0.0769655,0.64582,-1.89808,-0.0878654,0.688511,-1.57798,-0.0182876,0.589201,-1.79925,0.0412985,0.607307,-1.47528,-1.21094,4.07812,1.48047,-3.21484,-5.36719,6.19531,0.589844,2.07422,0.554688,5.01953,-2.57031,3.85547,59,779,399,83,0,1,1,0
3.33756,0.0584962,0.494372,-1.55857,-0.0842926,0.749429,-1.56789,-0.0198621,0.444959,-1.46293,0.0409352,0.657204,-1.45187,-0.171875,1.03516,3.96875,-3.70703,-4.00391,7.64062,0.417969,1.10938,0.257812,2.84375,-2.07422,5.00781,243,868,525,85,1,1,1,0
3.34779,0.0584962,0.494372,-1.55857,-0.0842926,0.749429,-1.56789,-0.0198621,0.444959,-1.46293,0.0409352,0.657204,-1.45187,-0.171875,1.03516,3.96875,-3.70703,-4.00391,7.64062,0.417969,1.10938,0.257812,2.84375,-2.07422,5.00781,243,868,525,85,1,1,1,0
3.35841,0.0584962,0.494372,-1.55857,-0.0842926,0.749429,-1.56789,-0.0198621,0.444959,-1.46293,0.0409352,0.657204,-1.45187,-0.171875,1.03516,3.96875,-3.70703,-4.00391,7.64062,0.417969,1.10938,0.257812,2.84375,-2.07422,5.00781,243,868,525,85,1,1,1,0
3.3794,0.0584962,0.494372,-1.55857,-0.0842926,0.749429,-1.56789,-0.0198621,0.444959,-1.46293,0.0409352,0.657204,-1.45187,-0.171875,1.03516,3.96875,-3.70703,-4.00391,7.64062,0.417969,1.10938,0.257812,2.84375,-2.07422,5.00781,243,868,525,85,1,1,1,0
3.38961,0.0632195,0.546086,-1.53475,-0.0825365,0.897729,-1.86655,-0.0308225,0.479475,-1.39547,0.0427519,0.816282,-1.77398,2.69531,-0.839844,10.6484,1.38281,0.0976562,0.554688,-2.54688,-1.13672,7.30859,-1.62891,0.417969,0.960938,958,35,62,805,1,0,0,1
3.39982,0.0632195,0.546086,-1.53475,-0.0825365,0.897729,-1.86655,-0.0308225,0.479475,-1.39547,0.0427519,0.816282,-1.77398,2.69531,-0.839844,10.6484,1.38281,0.0976562,0.554688,-2.54688,-1.13672,7.30859,-1.62891,0.417969,0.960938,958,35,62,805,1,0,0,1
3.41059,0.0632195,0.546086,-1.53475,-0.0825365,0.897729,-1.86655,-0.0308225,0.479475,-1.39547,0.0427519,0.816282,-1.77398,2.69531,-0.839844,10.6484,1.38281,0.0976562,0.554688,-2.54688,-1.13672,7.30859,-1.62891,0.417969,0.960938,958,35,62,805,1,0,0,1
3.42074,0.0433574,0.612091,-1.53923,-0.0832632,0.947687,-2.13214,-0.0270076,0.528282,-1.39753,0.0371808,0.869328,-2.06848,1.45703,2.07422,11.0195,-0.394531,-3.53516,7.53125,-1.45703,0.9375,6.64062,-0.34375,-3.01562,7.90234,844,71,82,649,1,0,0,1
3.43095,0.0433574,0.612091,-1.53923,-0.0832632,0.947687,-2.13214,-0.0270076,0.528282,-1.39753,0.0371808,0.869328,-2.06848,1.45703,2.07422,11.0195,-0.394531,-3.53516,7.53125,-1.45703,0.9375,6.64062,-0.34375,-3.01562,7.90234,844,71,82,649,1,0,0,1
3.44115,0.0433574,0.612091,-1.53923,-0.0832632,0.947687,-2.13214,-0.0270076,0.528282,-1.39753,0.0371808,0.869328,-2.06848,1.45703,2.07422,11.0195,-0.394531,-3.53516,7.53125,-1.45703,0.9375,6.64062,-0.34375,-3.01562,7.90234,844,71,82,649,1,0,0,1
3.45133,0.0433574,0.612091,-1.53923,-0.0832632,0.947687,-2.13214,-0.0270076,0.528282,-1.39753,0.0371808,0.869328,-2.06848,1.45703,2.07422,11.0195,-0.394531,-3.53516,7.53125,-1.45703,0.9375,6.64062,-0.34375,-3.01562,7.90234,844,71,82,649,1,0,0,1
3.46319,0.0168949,0.655387,-1.53091,-0.0581934,0.749429,-1.82808,-0.00775105,0.544269,-1.38667,0.00284609,0.683182,-1.77019,-0.195312,1.35938,9.3125,0.640625,0.144531,0.8125,-0.714844,-0.8125,6.04688,-0.34375,0.0234375,0.554688,567,76,83,538,1,0,0,1
3.47473,0.0168949,0.655387,-1.53091,-0.0581934,0.749429,-1.82808,-0.00775105,0.544269,-1.38667,0.00284609,0.683182,-1.77019,-0.195312,1.35938,9.3125,0.640625,0.144531,0.8125,-0.714844,-0.8125,6.04688,-0.34375,0.0234375,0.554688,567,76,83,538,1,0,0,1
3.48499,0.0168949,0.655387,-1.53091,-0.0581934,0.749429,-1.82808,-0.00775105,0.544269,-1.38667,0.00284609,0.683182,-1.77019,-0.195312,1.35938,9.3125,0.640625,0.144531,0.8125,-0.714844,-0.8125,6.04688,-0.34375,0.0234375,0.554688,567,76,83,538,1,0,0,1
3.49523,-0.0161076,0.708979,-1.51977,-0.0621295,0.613786,-1.53967,0.0115055,0.566069,-1.38207,0.00230109,0.558015,-1.47238,0.0234375,0.664062,10.3125,1.95312,-0.046875,3.96875,0.492188,-2.05078,7.34375,-0.171875,-0.269531,1.59375,693,535,121,744,1,1,0,1
3.50617,-0.0161076,0.708979,-1.51977,-0.0621295,0.613786,-1.53967,0.0115055,0.566069,-1.38207,0.00230109,0.558015,-1.47238,0.0234375,0.664062,10.3125,1.95312,-0.046875,3.96875,0.492188,-2.05078,7.34375,-0.171875,-0.269531,1.59375,693,535,121,744,1,1,0,1
3.51628,-0.0161076,0.708979,-1.51977,-0.0621295,0.613786,-1.53967,0.0115055,0.566069,-1.38207,0.00230109,0.558015,-1.47238,0.0234375,0.664062,10.3125,1.95312,-0.046875,3.96875,0.492188,-2.05078,7.34375,-0.171875,-0.269531,1.59375,693,535,121,744,1,1,0,1
3.52644,-0.0161076,0.708979,-1.51977,-0.0621295,0.613786,-1.53967,0.0115055,0.566069,-1.38207,0.00230109,0.558015,-1.47238,0.0234375,0.664062,10.3125,1.95312,-0.046875,3.96875,0.492188,-2.05078,7.34375,-0.171875,-0.269531,1.59375,693,535,121,744,1,1,0,1
3.53672,-0.00950714,0.864605,-1.84176,-0.119899,0.623051,-1.52296,-0.0160471,0.726358,-1.74762,0.0468696,0.606156,-1.45348,-0.292969,0.144531,0.628906,-5.33984,-1.58203,7.78906,0.320312,0.738281,0.480469,4.42578,-0.0703125,7.97656,35,1027,806,60,0,1,1,0
3.54694,-0.00950714,0.864605,-1.84176,-0.119899,0.623051,-1.52296,-0.0160471,0.726358,-1.74762,0.0468696,0.606156,-1.45348,-0.292969,0.144531,0.628906,-5.33984,-1.58203,7.78906,0.320312,0.738281,0.480469,4.42578,-0.0703125,7.97656,35,1027,806,60,0,1,1,0
3.55854,-0.00950714,0.864605,-1.84176,-0.119899,0.623051,-1.52296,-0.0160471,0.726358,-1.74762,0.0468696,0.606156,-1.45348,-0.292969,0.144531,0.628906,-5.33984,-1.58203,7.78906,0.320312,0.738281,0.480469,4.42578,-0.0703125,7.97656,35,1027,806,60,0,1,1,0
3.56893,-0.00950714,0.864605,-1.84176,-0.119899,0.623051,-1.52296,-0.0160471,0.726358,-1.74762,0.0468696,0.606156,-1.45348,-0.292969,0.144531,0.628906,-5.33984,-1.58203,7.78906,0.320312,0.738281,0.480469,4.42578,-0.0703125,7.97656,35,1027,806,60,0,1,1,0
3.57946,0.0620084,0.941934,-2.12544,-0.150055,0.637887,-1.52292,-0.141517,0.876716,-2.08733,0.0779949,0.667559,-1.4687,0.738281,-3.33594,7.23438,-3.68359,1.55469,8.60547,0.0703125,-1.82812,7.12109,2.57031,1.43359,6.37891,64,847,610,82,0,1,1,0
3.59011,0.0620084,0.941934,-2.12544,-0.150055,0.637887,-1.52292,-0.141517,0.876716,-2.08733,0.0779949,0.667559,-1.4687,0.738281,-3.33594,7.23438,-3.68359,1.55469,8.60547,0.0703125,-1.82812,7.12109,2.57031,1.43359,6.37891,64,847,610,82,0,1,1,0
3.60032,0.0620084,0.941934,-2.12544,-0.150055,0.637887,-1.52292,-0.141517,0.876716,-2.08733,0.0779949,0.667559,-1.4687,0.738281,-3.33594,7.23438,-3.68359,1.55469,8.60547,0.0703125,-1.82812,7.12109,2.57031,1.43359,6.37891,64,847,610,82,0,1,1,0
3.61087,0.0620084,0.941934,-2.12544,-0.150055,0.637887,-1.52292,-0.141517,0.876716,-2.08733,0.0779949,0.667559,-1.4687,0.738281,-3.33594,7.23438,-3.68359,1.55469,8.60547,0.0703125,-1.82812,7.12109,2.57031,1.43359,6.37891,64,847,610,82,0,1,1,0
3.62131,0.111542,0.773046,-1.85638,-0.174277,0.636434,-1.52046,-0.215213,0.827303,-1.84075,0.0990681,0.690328,-1.46943,-1.62891,-0.292969,1.29688,-0.914062,1.80469,8.34766,1.50781,-0.714844,1.22266,0.394531,-0.367188,5.5625,67,605,516,87,0,1,1,0
3.63209,0.111542,0.773046,-1.85638,-0.174277,0.636434,-1.52046,-0.215213,0.827303,-1.84075,0.0990681,0.690328,-1.46943,-1.62891,-0.292969,1.29688,-0.914062,1.80469,8.34766,1.50781,-0.714844,1.22266,0.394531,-0.367188,5.5625,67,605,516,87,0,1,1,0
3.64224,0.111542,0.773046,-1.85638,-0.174277,0.636434,-1.52046,-0.215213,0.827303,-1.84075,0.0990681,0.690328,-1.46943,-1.62891,-0.292969,1.29688,-0.914062,1.80469,8.34766,1.50781,-0.714844,1.22266,0.394531,-0.367188,5.5625,67,605,516,87,0,1,1,0
3.65247,0.0944659,0.640733,-1.56898,-0.189113,0.642974,-1.52005,-0.199226,0.718244,-1.54617,0.114691,0.726661,-1.48093,-0.246094,-0.0976562,3.74609,0.691406,2.42188,9.53516,0.542969,-1.01172,1.96484,-2.14844,-2.02734,6.82422,336,859,765,142,1,1,1,0
3.66263,0.0944659,0.640733,-1.56898,-0.189113,0.642974,-1.52005,-0.199226,0.718244,-1.54617,0.114691,0.726661,-1.48093,-0.246094,-0.0976562,3.74609,0.691406,2.42188,9.53516,0.542969,-1.01172,1.96484,-2.14844,-2.02734,6.82422,336,859,765,142,1,1,1,0
3.67289,0.0944659,0.640733,-1.56898,-0.189113,0.642974,-1.52005,-0.199226,0.718244,-1.54617,0.114691,0.726661,-1.48093,-0.246094,-0.0976562,3.74609,0.691406,2.42188,9.53516,0.542969,-1.01172,1.96484,-2.14844,-2.02734,6.82422,336,859,765,142,1,1,1,0
3.68338,0.0944659,0.640733,-1.56898,-0.189113,0.642974,-1.52005,-0.199226,0.718244,-1.54617,0.114691,0.726661,-1.48093,-0.246094,-0.0976562,3.74609,0.691406,2.42188,9.53516,0.542969,-1.01172,1.96484,-2.14844,-2.02734,6.82422,336,859,765,142,1,1,1,0
3.69447,0.0847165,0.663683,-1.53148,-0.211216,0.793029,-1.85189,-0.189113,0.716548,-1.49591,0.139095,0.887071,-1.82497,2.57031,-0.34375,8.08594,1.0625,0.589844,0.925781,-2.05078,-0.292969,8.08594,-1.90234,0.195312,1.22266,775,44,48,762,1,0,0,1
3.70461,0.0847165,0.663683,-1.53148,-0.211216,0.793029,-1.85189,-0.189113,0.716548,-1.49591,0.139095,0.887071,-1.82497,2.57031,-0.34375,8.08594,1.0625,0.589844,0.925781,-2.05078,-0.292969,8.08594,-1.90234,0.195312,1.22266,775,44,48,762,1,0,0,1
3.71483,0.0847165,0.663683,-1.53148,-0.211216,0.793029,-1.85189,-0.189113,0.716548,-1.49591,0.139095,0.887071,-1.82497,2.57031,-0.34375,8.08594,1.0625,0.589844,0.925781,-2.05078,-0.292969,8.08594,-1.90234,0.195312,1.22266,775,44,48,762,1,0,0,1
3.725,0.0847165,0.663683,-1.53148,-0.211216,0.793029,-1.85189,-0.189113,0.716548,-1.49591,0.139095,0.887071,-1.82497,2.57031,-0.34375,8.08594,1.0625,0.589844,0.925781,-2.05078,-0.292969,8.08594,-1.90234,0.195312,1.22266,775,44,48,762,1,0,0,1
3.73535,0.0649756,0.697655,-1.53051,-0.168464,0.96113,-2.11854,-0.178335,0.734048,-1.50092,0.0878654,0.970334,-2.10356,2.94141,1.58203,9.19922,0.367188,-2.37109,7.71484,-2.62109,2.19922,8.27344,-0.664062,-2.37109,7.86328,761,73,73,722,1,0,0,1
3.74631,0.0649756,0.697655,-1.53051,-0.168464,0.96113,-2.11854,-0.178335,0.734048,-1.50092,0.0878654,0.970334,-2.10356,2.94141,1.58203,9.19922,0.367188,-2.37109,7.71484,-2.62109,2.19922,8.27344,-0.664062,-2.37109,7.86328,761,73,73,722,1,0,0,1
3.75648,0.0649756,0.697655,-1.53051,-0.168464,0.96113,-2.11854,-0.178335,0.734048,-1.50092,0.0878654,0.970334,-2.10356,2.94141,1.58203,9.19922,0.367188,-2.37109,7.71484,-2.62109,2.19922,8.27344,-0.664062,-2.37109,7.86328,761,73,73,722,1,0,0,1
3.76757,0.0649756,0.697655,-1.53051,-0.168464,0.96113,-2.11854,-0.178335,0.734048,-1.50092,0.0878654,0.970334,-2.10356,2.94141,1.58203,9.19922,0.367188,-2.37109,7.71484,-2.62109,2.19922,8.27344,-0.664062,-2.37109,7.86328,761,73,73,722,1,0,0,1
3.78084,0.0672767,0.708797,-1.53107,-0.0800538,0.88477,-1.82311,-0.172764,0.737924,-1.50144,-0.0155021,0.817372,-1.78569,4.44922,0.171875,7.90234,-0.144531,-0.886719,0.777344,-4.87109,2.69531,8.19922,0.617188,-0.441406,0.589844,730,76,77,647,1,0,0,1
3.79739,0.0672767,0.708797,-1.53107,-0.0800538,0.88477,-1.82311,-0.172764,0.737924,-1.50144,-0.0155021,0.817372,-1.78569,4.44922,0.171875,7.90234,-0.144531,-0.886719,0.777344,-4.87109,2.69531,8.19922,0.617188,-0.441406,0.589844,730,76,77,647,1,0,0,1
3.81035,0.0672767,0.708797,-1.53107,-0.0800538,0.88477,-1.82311,-0.172764,0.737924,-1.50144,-0.0155021,0.817372,-1.78569,4.44922,0.171875,7.90234,-0.144531,-0.886719,0.777344,-4.87109,2.69531,8.19922,0.617188,-0.441406,0.589844,730,76,77,647,1,0,0,1
3.82261,0.0718183,0.716669,-1.53132,-0.0597073,0.753063,-1.51573,-0.169009,0.749127,-1.50257,-0.0402086,0.680457,-1.48885,5.44141,-0.738281,7.04688,-0.046875,-1.67969,1.51953,-5.85938,2.49609,9.01562,0.367188,0.171875,3.03906,715,208,360,775,1,1,1,1
3.83281,0.0718183,0.716669,-1.53132,-0.0597073,0.753063,-1.51573,-0.169009,0.749127,-1.50257,-0.0402086,0.680457,-1.48885,5.44141,-0.738281,7.04688,-0.046875,-1.67969,1.51953,-5.85938,2.49609,9.01562,0.367188,0.171875,3.03906,715,208,360,775,1,1,1,1
3.84295,0.0718183,0.716669,-1.53132,-0.0597073,0.753063,-1.51573,-0.169009,0.749127,-1.50257,-0.0402086,0.680457,-1.48885,5.44141,-0.738281,7.04688,-0.046875,-1.67969,1.51953,-5.85938,2.49609,9.01562,0.367188,0.171875,3.03906,715,208,360,775,1,1,1,1
3.85313,0.0619478,0.868662,-1.84988,-0.0492313,0.757059,-1.47706,-0.156777,0.896942,-1.84338,-0.0426308,0.669678,-1.46014,-1.58203,0.0703125,0.886719,-2.94141,-0.417969,6.75,1.62891,-0.34375,0.851562,1.65625,-0.0976562,8.94141,34,661,787,56,0,1,1,0
3.86332,0.0619478,0.868662,-1.84988,-0.0492313,0.757059,-1.47706,-0.156777,0.896942,-1.84338,-0.0426308,0.669678,-1.46014,-1.58203,0.0703125,0.886719,-2.94141,-0.417969,6.75,1.62891,-0.34375,0.851562,1.65625,-0.0976562,8.94141,34,661,787,56,0,1,1,0
3.87508,0.0619478,0.868662,-1.84988,-0.0492313,0.757059,-1.47706,-0.156777,0.896942,-1.84338,-0.0426308,0.669678,-1.46014,-1.58203,0.0703125,0.886719,-2.94141,-0.417969,6.75,1.62891,-0.34375,0.851562,1.65625,-0.0976562,8.94141,34,661,787,56,0,1,1,0
3.88559,0.0619478,0.868662,-1.84988,-0.0492313,0.757059,-1.47706,-0.156777,0.896942,-1.84338,-0.0426308,0.669678,-1.46014,-1.58203,0.0703125,0.886719,-2.94141,-0.417969,6.75,1.62891,-0.34375,0.851562,1.65625,-0.0976562,8.94141,34,661,787,56,0,1,1,0
3.89668,0.0512296,1.01823,-2.10833,-0.0548023,0.766688,-1.48768,-0.135704,1.01515,-2.10982,-0.0275526,0.683424,-1.46164,0.34375,-2.91797,7.01172,-5.53906,0.121094,8.19922,0.542969,-2.27344,6.67578,4.30078,4.89453,9.64453,61,808,674,81,0,1,1,0
3.90689,0.0512296,1.01823,-2.10833,-0.0548023,0.766688,-1.48768,-0.135704,1.01515,-2.10982,-0.0275526,0.683424,-1.46164,0.34375,-2.91797,7.01172,-5.53906,0.121094,8.19922,0.542969,-2.27344,6.67578,4.30078,4.89453,9.64453,61,808,674,81,0,1,1,0
3.91757,0.0512296,1.01823,-2.10833,-0.0548023,0.766688,-1.48768,-0.135704,1.01515,-2.10982,-0.0275526,0.683424,-1.46164,0.34375,-2.91797,7.01172,-5.53906,0.121094,8.19922,0.542969,-2.27344,6.67578,4.30078,4.89453,9.64453,61,808,674,81,0,1,1,0
3.92846,0.0512296,1.01823,-2.10833,-0.0548023,0.766688,-1.48768,-0.135704,1.01515,-2.10982,-0.0275526,0.683424,-1.46164,0.34375,-2.91797,7.01172,-5.53906,0.121094,8.19922,0.542969,-2.27344,6.67578,4.30078,4.89453,9.64453,61,808,674,81,0,1,1,0
3.93894,0.0154415,0.906691,-1.81637,-0.0564373,0.768807,-1.48743,-0.0577695,0.869631,-1.80414,-0.0297325,0.679549,-1.46119,-0.617188,-0.664062,1,-5.09375,-0.417969,7.53125,-0.46875,0.046875,0.515625,5.61328,3.1875,9.42188,64,680,601,85,0,1,1,0
3.94918,0.0154415,0.906691,-1.81637,-0.0564373,0.768807,-1.48743,-0.0577695,0.869631,-1.80414,-0.0297325,0.679549,-1.46119,-0.617188,-0.664062,1,-5.09375,-0.417969,7.53125,-0.46875,0.046875,0.515625,5.61328,3.1875,9.42188,64,680,601,85,0,1,1,0
3.95933,0.0154415,0.906691,-1.81637,-0.0564373,0.768807,-1.48743,-0.0577695,0.869631,-1.80414,-0.0297325,0.679549,-1.46119,-0.617188,-0.664062,1,-5.09375,-0.417969,7.53125,-0.46875,0.046875,0.515625,5.61328,3.1875,9.42188,64,680,601,85,0,1,1,0
3.96955,0.0154415,0.906691,-1.81637,-0.0564373,0.768807,-1.48743,-0.0577695,0.869631,-1.80414,-0.0297325,0.679549,-1.46119,-0.617188,-0.664062,1,-5.09375,-0.417969,7.53125,-0.46875,0.046875,0.515625,5.61328,3.1875,9.42188,64,680,601,85,0,1,1,0
3.9797,0.00787216,0.767657,-1.53757,-0.0469907,0.77789,-1.48529,-0.0396636,0.728053,-1.50621,-0.0348192,0.683909,-1.46136,-0.171875,-1.33203,3.78125,-4.82031,-0.441406,7.64062,-1.38281,-0.886719,2.59375,3.53516,1.25781,9.19922,481,712,699,215,1,1,1,1
3.98994,0.00787216,0.767657,-1.53757,-0.0469907,0.77789,-1.48529,-0.0396636,0.728053,-1.50621,-0.0348192,0.683909,-1.46136,-0.171875,-1.33203,3.78125,-4.82031,-0.441406,7.64062,-1.38281,-0.886719,2.59375,3.53516,1.25781,9.19922,481,712,699,215,1,1,1,1
4.0002,0.00787216,0.767657,-1.53757,-0.0469907,0.77789,-1.48529,-0.0396636,0.728053,-1.50621,-0.0348192,0.683909,-1.46136,-0.171875,-1.33203,3.78125,-4.82031,-0.441406,7.64062,-1.38281,-0.886719,2.59375,3.53516,1.25781,9.19922,481,712,699,215,1,1,1,1
4.01067,0.00787216,0.767657,-1.53757,-0.0469907,0.77789,-1.48529,-0.0396636,0.728053,-1.50621,-0.0348192,0.683909,-1.46136,-0.171875,-1.33203,3.78125,-4.82031,-0.441406,7.64062,-1.38281,-0.886719,2.59375,3.53516,1.25781,9.19922,481,712,699,215,1,1,1,1
4.02131,0.0218604,0.773409,-1.51545,-0.0440235,0.931276,-1.80769,-0.0525618,0.731081,-1.4836,-0.0345769,0.834328,-1.79962,4.59766,-1.45703,7.82812,0.8125,-0.46875,0.515625,-3.33594,0.8125,9.71875,-1.62891,-0.246094,0.8125,710,50,50,761,1,0,0,1
4.03158,0.0218604,0.773409,-1.51545,-0.0440235,0.931276,-1.80769,-0.0525618,0.731081,-1.4836,-0.0345769,0.834328,-1.79962,4.59766,-1.45703,7.82812,0.8125,-0.46875,0.515625,-3.33594,0.8125,9.71875,-1.62891,-0.246094,0.8125,710,50,50,761,1,0,0,1
4.04172,0.0218604,0.773409,-1.51545,-0.0440235,0.931276,-1.80769,-0.0525618,0.731081,-1.4836,-0.0345769,0.834328,-1.79962,4.59766,-1.45703,7.82812,0.8125,-0.46875,0.515625,-3.33594,0.8125,9.71875,-1.62891,-0.246094,0.8125,710,50,50,761,1,0,0,1
4.05212,0.0229504,0.786307,-1.51436,-0.0540757,1.0522,-2.09153,-0.0623717,0.742466,-1.48324,0.00357275,0.982021,-2.09484,5.21875,0.863281,9.125,-1.08594,-3.03906,7.12109,-4.32812,3.85547,9.46094,0.046875,-2.51953,7.64062,732,79,76,716,1,0,0,1
4.06255,0.0229504,0.786307,-1.51436,-0.0540757,1.0522,-2.09153,-0.0623717,0.742466,-1.48324,0.00357275,0.982021,-2.09484,5.21875,0.863281,9.125,-1.08594,-3.03906,7.12109,-4.32812,3.85547,9.46094,0.046875,-2.51953,7.64062,732,79,76,716,1,0,0,1
4.07271,0.0229504,0.786307,-1.51436,-0.0540757,1.0522,-2.09153,-0.0623717,0.742466,-1.48324,0.00357275,0.982021,-2.09484,5.21875,0.863281,9.125,-1.08594,-3.03906,7.12109,-4.32812,3.85547,9.46094,0.046875,-2.51953,7.64062,732,79,76,716,1,0,0,1
4.08286,0.0229504,0.786307,-1.51436,-0.0540757,1.0522,-2.09153,-0.0623717,0.742466,-1.48324,0.00357275,0.982021,-2.09484,5.21875,0.863281,9.125,-1.08594,-3.03906,7.12109,-4.32812,3.85547,9.46094,0.046875,-2.51953,7.64062,732,79,76,716,1,0,0,1
4.09303,0.0264626,0.783401,-1.51016,-0.058799,0.906267,-1.82267,-0.0575879,0.740528,-1.48138,0.0243431,0.897487,-1.82884,2.86719,1.58203,8.23438,0.640625,-0.269531,0.851562,-3.66016,2.17578,8.19922,-0.046875,-0.886719,1.18359,510,82,81,553,1,0,0,1
4.1038,0.0264626,0.783401,-1.51016,-0.058799,0.906267,-1.82267,-0.0575879,0.740528,-1.48138,0.0243431,0.897487,-1.82884,2.86719,1.58203,8.23438,0.640625,-0.269531,0.851562,-3.66016,2.17578,8.19922,-0.046875,-0.886719,1.18359,510,82,81,553,1,0,0,1
4.11408,0.0264626,0.783401,-1.51016,-0.058799,0.906267,-1.82267,-0.0575879,0.740528,-1.48138,0.0243431,0.897487,-1.82884,2.86719,1.58203,8.23438,0.640625,-0.269531,0.851562,-3.66016,2.17578,8.19922,-0.046875,-0.886719,1.18359,510,82,81,553,1,0,0,1
4.12462,0.0264626,0.783401,-1.51016,-0.058799,0.906267,-1.82267,-0.0575879,0.740528,-1.48138,0.0243431,0.897487,-1.82884,2.86719,1.58203,8.23438,0.640625,-0.269531,0.851562,-3.66016,2.17578,8.19922,-0.046875,-0.886719,1.18359,510,82,81,553,1,0,0,1
4.13482,0.0251909,0.791031,-1.50931,-0.0624323,0.771835,-1.54109,-0.051714,0.749551,-1.48501,0.028037,0.774075,-1.55372,2.39844,1.55469,8.97656,0.21875,-0.417969,3.30078,-2.49609,0.320312,9.125,-0.46875,-0.988281,3.26172,723,176,326,835,1,0,1,1
4.14506,0.0251909,0.791031,-1.50931,-0.0624323,0.771835,-1.54109,-0.051714,0.749551,-1.48501,0.028037,0.774075,-1.55372,2.39844,1.55469,8.97656,0.21875,-0.417969,3.30078,-2.49609,0.320312,9.125,-0.46875,-0.988281,3.26172,723,176,326,835,1,0,1,1
4.15551,0.0251909,0.791031,-1.50931,-0.0624323,0.771835,-1.54109,-0.051714,0.749551,-1.48501,0.028037,0.774075,-1.55372,2.39844,1.55469,8.97656,0.21875,-0.417969,3.30078,-2.49609,0.320312,9.125,-0.46875,-0.988281,3.26172,723,176,326,835,1,0,1,1
4.16571,0.0251909,0.791031,-1.50931,-0.0624323,0.771835,-1.54109,-0.051714,0.749551,-1.48501,0.028037,0.774075,-1.55372,2.39844,1.55469,8.97656,0.21875,-0.417969,3.30078,-2.49609,0.320312,9.125,-0.46875,-0.988281,3.26172,723,176,326,835,1,0,1,1
4.1762,0.0286425,0.937453,-1.85076,-0.0675794,0.773167,-1.50443,-0.0547418,0.907963,-1.83728,0.0391186,0.782795,-1.52437,-0.839844,-0.171875,1.07422,-4.22656,0.121094,7.16016,1.16016,-0.34375,1.37109,2.57031,0.34375,8.86719,35,814,828,53,0,1,1,0
4.18653,0.0286425,0.937453,-1.85076,-0.0675794,0.773167,-1.50443,-0.0547418,0.907963,-1.83728,0.0391186,0.782795,-1.52437,-0.839844,-0.171875,1.07422,-4.22656,0.121094,7.16016,1.16016,-0.34375,1.37109,2.57031,0.34375,8.86719,35,814,828,53,0,1,1,0
4.19736,0.0286425,0.937453,-1.85076,-0.0675794,0.773167,-1.50443,-0.0547418,0.907963,-1.83728,0.0391186,0.782795,-1.52437,-0.839844,-0.171875,1.07422,-4.22656,0.121094,7.16016,1.16016,-0.34375,1.37109,2.57031,0.34375,8.86719,35,814,828,53,0,1,1,0
4.20754,0.0286425,0.937453,-1.85076,-0.0675794,0.773167,-1.50443,-0.0547418,0.907963,-1.83728,0.0391186,0.782795,-1.52437,-0.839844,-0.171875,1.07422,-4.22656,0.121094,7.16016,1.16016,-0.34375,1.37109,2.57031,0.34375,8.86719,35,814,828,53,0,1,1,0
4.21986,0.0397241,1.05384,-2.11349,-0.0678822,0.788306,-1.50746,-0.0613423,1.02477,-2.10861,0.0408747,0.800962,-1.52756,0.542969,-3.73438,6.9375,-3.38672,3.21484,8.94141,-0.320312,-2.62109,7.41797,2.99219,3.68359,9.46094,61,744,699,81,0,1,1,0
4.23034,0.0397241,1.05384,-2.11349,-0.0678822,0.788306,-1.50746,-0.0613423,1.02477,-2.10861,0.0408747,0.800962,-1.52756,0.542969,-3.73438,6.9375,-3.38672,3.21484,8.94141,-0.320312,-2.62109,7.41797,2.99219,3.68359,9.46094,61,744,699,81,0,1,1,0
4.24061,0.0397241,1.05384,-2.11349,-0.0678822,0.788306,-1.50746,-0.0613423,1.02477,-2.10861,0.0408747,0.800962,-1.52756,0.542969,-3.73438,6.9375,-3.38672,3.21484,8.94141,-0.320312,-2.62109,7.41797,2.99219,3.68359,9.46094,61,744,699,81,0,1,1,0
4.25625,0.0397241,1.05384,-2.11349,-0.0678822,0.788306,-1.50746,-0.0613423,1.02477,-2.10861,0.0408747,0.800962,-1.52756,0.542969,-3.73438,6.9375,-3.38672,3.21484,8.94141,-0.320312,-2.62109,7.41797,2.99219,3.68359,9.46094,61,744,699,81,0,1,1,0
4.26657,0.0396636,0.912989,-1.84475,-0.0700622,0.797268,-1.50681,-0.0513507,0.897063,-1.82977,0.041238,0.810166,-1.52679,-0.9375,-0.492188,1.18359,-3.48438,1.92578,8.16016,0.367188,0.121094,1,3.4375,2.49609,9.53516,65,588,587,86,0,1,1,0
4.27673,0.0396636,0.912989,-1.84475,-0.0700622,0.797268,-1.50681,-0.0513507,0.897063,-1.82977,0.041238,0.810166,-1.52679,-0.9375,-0.492188,1.18359,-3.48438,1.92578,8.16016,0.367188,0.121094,1,3.4375,2.49609,9.53516,65,588,587,86,0,1,1,0
4.28703,0.0396636,0.912989,-1.84475,-0.0700622,0.797268,-1.50681,-0.0513507,0.897063,-1.82977,0.041238,0.810166,-1.52679,-0.9375,-0.492188,1.18359,-3.48438,1.92578,8.16016,0.367188,0.121094,1,3.4375,2.49609,9.53516,65,588,587,86,0,1,1,0
4.2992,0.0427519,0.793211,-1.5754,-0.0671556,0.8204,-1.50697,-0.0489285,0.786489,-1.56922,0.0382708,0.832511,-1.52712,-0.320312,-0.617188,3.11328,-3.41016,1.48047,8.16016,0.046875,-0.394531,3.48438,3.14062,1.18359,10.3516,140,720,861,220,0,1,1,1
4.30961,0.0427519,0.793211,-1.5754,-0.0671556,0.8204,-1.50697,-0.0489285,0.786489,-1.56922,0.0382708,0.832511,-1.52712,-0.320312,-0.617188,3.11328,-3.41016,1.48047,8.16016,0.046875,-0.394531,3.48438,3.14062,1.18359,10.3516,140,720,861,220,0,1,1,1
4.32,0.0427519,0.793211,-1.5754,-0.0671556,0.8204,-1.50697,-0.0489285,0.786489,-1.56922,0.0382708,0.832511,-1.52712,-0.320312,-0.617188,3.11328,-3.41016,1.48047,8.16016,0.046875,-0.394531,3.48438,3.14062,1.18359,10.3516,140,720,861,220,0,1,1,1
4.3302,0.0427519,0.793211,-1.5754,-0.0671556,0.8204,-1.50697,-0.0489285,0.786489,-1.56922,0.0382708,0.832511,-1.52712,-0.320312,-0.617188,3.11328,-3.41016,1.48047,8.16016,0.046875,-0.394531,3.48438,3.14062,1.18359,10.3516,140,720,861,220,0,1,1,1
4.3413,0.0502607,0.811074,-1.536,-0.0669739,0.978206,-1.85004,-0.0620689,0.807502,-1.53261,0.0449924,0.990923,-1.88072,4.20312,1.21094,9.16406,0.988281,-0.617188,0.738281,-2.44531,1.77734,11.2031,-1.80469,-0.0976562,0.703125,701,51,46,889,1,0,0,1
4.35149,0.0502607,0.811074,-1.536,-0.0669739,0.978206,-1.85004,-0.0620689,0.807502,-1.53261,0.0449924,0.990923,-1.88072,4.20312,1.21094,9.16406,0.988281,-0.617188,0.738281,-2.44531,1.77734,11.2031,-1.80469,-0.0976562,0.703125,701,51,46,889,1,0,0,1
4.36166,0.0502607,0.811074,-1.536,-0.0669739,0.978206,-1.85004,-0.0620689,0.807502,-1.53261,0.0449924,0.990923,-1.88072,4.20312,1.21094,9.16406,0.988281,-0.617188,0.738281,-2.44531,1.77734,11.2031,-1.80469,-0.0976562,0.703125,701,51,46,889,1,0,0,1
4.37214,0.0502607,0.811074,-1.536,-0.0669739,0.978206,-1.85004,-0.0620689,0.807502,-1.53261,0.0449924,0.990923,-1.88072,4.20312,1.21094,9.16406,0.988281,-0.617188,0.738281,-2.44531,1.77734,11.2031,-1.80469,-0.0976562,0.703125,701,51,46,889,1,0,0,1
4.38273,0.0491707,0.840807,-1.53551,-0.06655,1.06407,-2.12447,-0.0740588,0.837174,-1.53184,0.0597073,1.07237,-2.15265,4.30078,3.38672,10.0156,-0.765625,-2.89062,7.30859,-3.28906,4.89453,10.7578,0.195312,-3.16406,7.82812,678,76,74,758,1,0,0,1
4.39294,0.0491707,0.840807,-1.53551,-0.06655,1.06407,-2.12447,-0.0740588,0.837174,-1.53184,0.0597073,1.07237,-2.15265,4.30078,3.38672,10.0156,-0.765625,-2.89062,7.30859,-3.28906,4.89453,10.7578,0.195312,-3.16406,7.82812,678,76,74,758,1,0,0,1
4.40402,0.0491707,0.840807,-1.53551,-0.06655,1.06407,-2.12447,-0.0740588,0.837174,-1.53184,0.0597073,1.07237,-2.15265,4.30078,3.38672,10.0156,-0.765625,-2.89062,7.30859,-3.28906,4.89453,10.7578,0.195312,-3.16406,7.82812,678,76,74,758,1,0,0,1
4.41448,0.0515324,0.863697,-1.52926,-0.0596467,0.886163,-1.84035,-0.0736955,0.862243,-1.52958,0.0413591,0.893187,-1.85613,3.55859,1.90234,8.45703,0.886719,0,0.664062,-3.33594,2,9.79297,-0.589844,0.171875,0.886719,451,78,79,598,1,0,0,1
4.42478,0.0515324,0.863697,-1.52926,-0.0596467,0.886163,-1.84035,-0.0736955,0.862243,-1.52958,0.0413591,0.893187,-1.85613,3.55859,1.90234,8.45703,0.886719,0,0.664062,-3.33594,2,9.79297,-0.589844,0.171875,0.886719,451,78,79,598,1,0,0,1
4.43502,0.0515324,0.863697,-1.52926,-0.0596467,0.886163,-1.84035,-0.0736955,0.862243,-1.52958,0.0413591,0.893187,-1.85613,3.55859,1.90234,8.45703,0.886719,0,0.664062,-3.33594,2,9.79297,-0.589844,0.171875,0.886719,451,78,79,598,1,0,0,1
4.44535,0.0515324,0.863697,-1.52926,-0.0596467,0.886163,-1.84035,-0.0736955,0.862243,-1.52958,0.0413591,0.893187,-1.85613,3.55859,1.90234,8.45703,0.886719,0,0.664062,-3.33594,2,9.79297,-0.589844,0.171875,0.886719,451,78,79,598,1,0,0,1
4.45558,0.0502607,0.901362,-1.52696,-0.0609184,0.771048,-1.56054,-0.0712733,0.895973,-1.5295,0.0334264,0.781281,-1.59203,3.51172,1.25781,9.42188,0.195312,-0.492188,2.14844,-2.59375,0.417969,10.6484,-0.367188,-0.691406,4.26562,627,219,438,868,1,1,1,1
4.46617,0.0502607,0.901362,-1.52696,-0.0609184,0.771048,-1.56054,-0.0712733,0.895973,-1.5295,0.0334264,0.781281,-1.59203,3.51172,1.25781,9.42188,0.195312,-0.492188,2.14844,-2.59375,0.417969,10.6484,-0.367188,-0.691406,4.26562,627,219,438,868,1,1,1,1
4.47693,0.0502607,0.901362,-1.52696,-0.0609184,0.771048,-1.56054,-0.0712733,0.895973,-1.5295,0.0334264,0.781281,-1.59203,3.51172,1.25781,9.42188,0.195312,-0.492188,2.14844,-2.59375,0.417969,10.6484,-0.367188,-0.691406,4.26562,627,219,438,868,1,1,1,1
4.48721,0.0502607,0.901362,-1.52696,-0.0609184,0.771048,-1.56054,-0.0712733,0.895973,-1.5295,0.0334264,0.781281,-1.59203,3.51172,1.25781,9.42188,0.195312,-0.492188,2.14844,-2.59375,0.417969,10.6484,-0.367188,-0.691406,4.26562,627,219,438,868,1,1,1,1
4.49748,0.0521985,1.05463,-1.87345,-0.0664289,0.806109,-1.51908,-0.0732111,1.05887,-1.87918,0.0440841,0.818704,-1.55497,-1.16016,-1.25781,0.777344,-4.59766,1.25781,8.90234,1.30859,-0.515625,0.738281,2.99219,2.07422,11.2422,41,802,927,51,0,1,1,0
4.50786,0.0521985,1.05463,-1.87345,-0.0664289,0.806109,-1.51908,-0.0732111,1.05887,-1.87918,0.0440841,0.818704,-1.55497,-1.16016,-1.25781,0.777344,-4.59766,1.25781,8.90234,1.30859,-0.515625,0.738281,2.99219,2.07422,11.2422,41,802,927,51,0,1,1,0
4.5185,0.0521985,1.05463,-1.87345,-0.0664289,0.806109,-1.51908,-0.0732111,1.05887,-1.87918,0.0440841,0.818704,-1.55497,-1.16016,-1.25781,0.777344,-4.59766,1.25781,8.90234,1.30859,-0.515625,0.738281,2.99219,2.07422,11.2422,41,802,927,51,0,1,1,0
4.52872,0.0521985,1.05463,-1.87345,-0.0664289,0.806109,-1.51908,-0.0732111,1.05887,-1.87918,0.0440841,0.818704,-1.55497,-1.16016,-1.25781,0.777344,-4.59766,1.25781,8.90234,1.30859,-0.515625,0.738281,2.99219,2.07422,11.2422,41,802,927,51,0,1,1,0
4.53896,0.0517746,1.09817,-2.147,-0.0689722,0.848195,-1.51755,-0.0798721,1.09411,-2.15685,0.0512901,0.86515,-1.55518,0.738281,-4.05469,7.9375,-3.60938,3.98047,10.4258,-0.441406,-3.95703,7.16016,3.88281,5.14453,11.0547,65,669,607,78,0,1,1,0
4.54933,0.0517746,1.09817,-2.147,-0.0689722,0.848195,-1.51755,-0.0798721,1.09411,-2.15685,0.0512901,0.86515,-1.55518,0.738281,-4.05469,7.9375,-3.60938,3.98047,10.4258,-0.441406,-3.95703,7.16016,3.88281,5.14453,11.0547,65,669,607,78,0,1,1,0
4.55951,0.0517746,1.09817,-2.147,-0.0689722,0.848195,-1.51755,-0.0798721,1.09411,-2.15685,0.0512901,0.86515,-1.55518,0.738281,-4.05469,7.9375,-3.60938,3.98047,10.4258,-0.441406,-3.95703,7.16016,3.88281,5.14453,11.0547,65,669,607,78,0,1,1,0
4.56978,0.0517746,1.09817,-2.147,-0.0689722,0.848195,-1.51755,-0.0798721,1.09411,-2.15685,0.0512901,0.86515,-1.55518,0.738281,-4.05469,7.9375,-3.60938,3.98047,10.4258,-0.441406,-3.95703,7.16016,3.88281,5.14453,11.0547,65,669,607,78,0,1,1,0
4.58004,0.0334869,0.853584,-1.87458,-0.069275,0.885073,-1.49999,-0.0712128,0.855401,-1.87898,0.0488074,0.90227,-1.54278,-1.70312,2.32422,1.22266,-3.14062,1.18359,8.30859,0.839844,1.65625,0.738281,3.3125,0.617188,9.83203,64,539,558,81,0,1,1,0
4.59059,0.0334869,0.853584,-1.87458,-0.069275,0.885073,-1.49999,-0.0712128,0.855401,-1.87898,0.0488074,0.90227,-1.54278,-1.70312,2.32422,1.22266,-3.14062,1.18359,8.30859,0.839844,1.65625,0.738281,3.3125,0.617188,9.83203,64,539,558,81,0,1,1,0
4.60076,0.0334869,0.853584,-1.87458,-0.069275,0.885073,-1.49999,-0.0712128,0.855401,-1.87898,0.0488074,0.90227,-1.54278,-1.70312,2.32422,1.22266,-3.14062,1.18359,8.30859,0.839844,1.65625,0.738281,3.3125,0.617188,9.83203,64,539,558,81,0,1,1,0
4.61097,0.0334869,0.853584,-1.87458,-0.069275,0.885073,-1.49999,-0.0712128,0.855401,-1.87898,0.0488074,0.90227,-1.54278,-1.70312,2.32422,1.22266,-3.14062,1.18359,8.30859,0.839844,1.65625,0.738281,3.3125,0.617188,9.83203,64,539,558,81,0,1,1,0
4.62121,0.0282187,0.772016,-1.66304,-0.0607973,0.938785,-1.48602,-0.0673372,0.745009,-1.59781,0.0567401,0.960645,-1.53891,-0.566406,-1.87891,4.85938,-4.42578,0.0234375,8.42188,-0.195312,-0.765625,3.375,1.35938,-0.789062,10.9062,377,600,726,254,1,1,1,1
4.63154,0.0282187,0.772016,-1.66304,-0.0607973,0.938785,-1.48602,-0.0673372,0.745009,-1.59781,0.0567401,0.960645,-1.53891,-0.566406,-1.87891,4.85938,-4.42578,0.0234375,8.42188,-0.195312,-0.765625,3.375,1.35938,-0.789062,10.9062,377,600,726,254,1,1,1,1
4.6423,0.0282187,0.772016,-1.66304,-0.0607973,0.938785,-1.48602,-0.0673372,0.745009,-1.59781,0.0567401,0.960645,-1.53891,-0.566406,-1.87891,4.85938,-4.42578,0.0234375,8.42188,-0.195312,-0.765625,3.375,1.35938,-0.789062,10.9062,377,600,726,254,1,1,1,1
4.65258,0.0476568,0.852918,-1.63172,-0.0575273,1.1058,-1.82303,-0.0817493,0.799266,-1.55582,0.0647334,1.13214,-1.87717,4.22656,0.789062,9.34766,0.789062,-0.738281,0.664062,-1.77734,1.75391,11.7969,-1.21094,-0.394531,0.183594,326,54,50,889,1,0,0,1
4.66288,0.0476568,0.852918,-1.63172,-0.0575273,1.1058,-1.82303,-0.0817493,0.799266,-1.55582,0.0647334,1.13214,-1.87717,4.22656,0.789062,9.34766,0.789062,-0.738281,0.664062,-1.77734,1.75391,11.7969,-1.21094,-0.394531,0.183594,326,54,50,889,1,0,0,1
4.67304,0.0476568,0.852918,-1.63172,-0.0575273,1.1058,-1.82303,-0.0817493,0.799266,-1.55582,0.0647334,1.13214,-1.87717,4.22656,0.789062,9.34766,0.789062,-0.738281,0.664062,-1.77734,1.75391,11.7969,-1.21094,-0.394531,0.183594,326,54,50,889,1,0,0,1
4.6834,0.0476568,0.852918,-1.63172,-0.0575273,1.1058,-1.82303,-0.0817493,0.799266,-1.55582,0.0647334,1.13214,-1.87717,4.22656,0.789062,9.34766,0.789062,-0.738281,0.664062,-1.77734,1.75391,11.7969,-1.21094,-0.394531,0.183594,326,54,50,889,1,0,0,1
4.69379,0.0594045,0.954348,-1.5863,-0.0536518,1.12172,-2.13804,-0.103004,0.854916,-1.55461,0.069275,1.13504,-2.18273,1.50781,0.738281,7.75391,-1.30859,-4.47656,6.9375,-2.07422,6.05859,11.3164,0.765625,-4.03125,8.05078,104,72,77,612,0,0,0,1
4.70403,0.0594045,0.954348,-1.5863,-0.0536518,1.12172,-2.13804,-0.103004,0.854916,-1.55461,0.069275,1.13504,-2.18273,1.50781,0.738281,7.75391,-1.30859,-4.47656,6.9375,-2.07422,6.05859,11.3164,0.765625,-4.03125,8.05078,104,72,77,612,0,0,0,1
4.71453,0.0594045,0.954348,-1.5863,-0.0536518,1.12172,-2.13804,-0.103004,0.854916,-1.55461,0.069275,1.13504,-2.18273,1.50781,0.738281,7.75391,-1.30859,-4.47656,6.9375,-2.07422,6.05859,11.3164,0.765625,-4.03125,8.05078,104,72,77,612,0,0,0,1
4.72534,0.0594045,0.954348,-1.5863,-0.0536518,1.12172,-2.13804,-0.103004,0.854916,-1.55461,0.069275,1.13504,-2.18273,1.50781,0.738281,7.75391,-1.30859,-4.47656,6.9375,-2.07422,6.05859,11.3164,0.765625,-4.03125,8.05078,104,72,77,612,0,0,0,1
4.73611,0.0723027,1.00316,-1.49732,-0.0612817,0.816706,-1.87761,-0.108696,0.89791,-1.53414,0.0321547,0.820339,-1.89247,3.01562,-1.30859,10.8711,1.30859,1.58203,0.589844,-3.80859,1.80469,9.49609,-0.789062,0.9375,1.07422,799,76,80,568,1,0,0,1
4.74627,0.0723027,1.00316,-1.49732,-0.0612817,0.816706,-1.87761,-0.108696,0.89791,-1.53414,0.0321547,0.820339,-1.89247,3.01562,-1.30859,10.8711,1.30859,1.58203,0.589844,-3.80859,1.80469,9.49609,-0.789062,0.9375,1.07422,799,76,80,568,1,0,0,1
4.75642,0.0723027,1.00316,-1.49732,-0.0612817,0.816706,-1.87761,-0.108696,0.89791,-1.53414,0.0321547,0.820339,-1.89247,3.01562,-1.30859,10.8711,1.30859,1.58203,0.589844,-3.80859,1.80469,9.49609,-0.789062,0.9375,1.07422,799,76,80,568,1,0,0,1
4.76738,0.0723027,1.00316,-1.49732,-0.0612817,0.816706,-1.87761,-0.108696,0.89791,-1.53414,0.0321547,0.820339,-1.89247,3.01562,-1.30859,10.8711,1.30859,1.58203,0.589844,-3.80859,1.80469,9.49609,-0.789062,0.9375,1.07422,799,76,80,568,1,0,0,1
4.77751,0.0728477,1.04706,-1.47157,-0.0818099,0.664289,-1.59595,-0.10149,0.956952,-1.53442,0.0187721,0.662654,-1.58844,2.14844,-2.49609,8.42188,1.60547,1.77734,3.33594,-2.57031,-0.0703125,8.45703,-0.246094,1.50781,3.74609,632,123,261,766,1,0,1,1
4.78767,0.0728477,1.04706,-1.47157,-0.0818099,0.664289,-1.59595,-0.10149,0.956952,-1.53442,0.0187721,0.662654,-1.58844,2.14844,-2.49609,8.42188,1.60547,1.77734,3.33594,-2.57031,-0.0703125,8.45703,-0.246094,1.50781,3.74609,632,123,261,766,1,0,1,1
4.79809,0.0728477,1.04706,-1.47157,-0.0818099,0.664289,-1.59595,-0.10149,0.956952,-1.53442,0.0187721,0.662654,-1.58844,2.14844,-2.49609,8.42188,1.60547,1.77734,3.33594,-2.57031,-0.0703125,8.45703,-0.246094,1.50781,3.74609,632,123,261,766,1,0,1,1
4.80853,0.0728477,1.04706,-1.47157,-0.0818099,0.664289,-1.59595,-0.10149,0.956952,-1.53442,0.0187721,0.662654,-1.58844,2.14844,-2.49609,8.42188,1.60547,1.77734,3.33594,-2.57031,-0.0703125,8.45703,-0.246094,1.50781,3.74609,632,123,261,766,1,0,1,1
4.81878,0.075391,1.22158,-1.83506,-0.0793877,0.729446,-1.55643,-0.104094,1.12112,-1.88932,0.0203465,0.714974,-1.55784,-1.35938,-0.789062,0.183594,-1.43359,0.0234375,11.4258,1.25781,-1.03516,0.664062,0.960938,-0.914062,7.26953,31,1067,843,55,0,1,1,0
4.82894,0.075391,1.22158,-1.83506,-0.0793877,0.729446,-1.55643,-0.104094,1.12112,-1.88932,0.0203465,0.714974,-1.55784,-1.35938,-0.789062,0.183594,-1.43359,0.0234375,11.4258,1.25781,-1.03516,0.664062,0.960938,-0.914062,7.26953,31,1067,843,55,0,1,1,0
4.83916,0.075391,1.22158,-1.83506,-0.0793877,0.729446,-1.55643,-0.104094,1.12112,-1.88932,0.0203465,0.714974,-1.55784,-1.35938,-0.789062,0.183594,-1.43359,0.0234375,11.4258,1.25781,-1.03516,0.664062,0.960938,-0.914062,7.26953,31,1067,843,55,0,1,1,0
4.8494,0.075391,1.22158,-1.83506,-0.0793877,0.729446,-1.55643,-0.104094,1.12112,-1.88932,0.0203465,0.714974,-1.55784,-1.35938,-0.789062,0.183594,-1.43359,0.0234375,11.4258,1.25781,-1.03516,0.664062,0.960938,-0.914062,7.26953,31,1067,843,55,0,1,1,0
4.8596,0.0624928,1.1959,-2.18382,-0.0614634,0.814042,-1.56309,-0.0831421,1.07116,-2.19334,0.00381497,0.772198,-1.58045,0.195312,-6.08203,7.86328,0.269531,3.90625,11.4648,-0.171875,-5.09375,7.78906,-0.046875,-0.515625,4.44922,54,1008,563,78,0,1,1,0
4.8706,0.0624928,1.1959,-2.18382,-0.0614634,0.814042,-1.56309,-0.0831421,1.07116,-2.19334,0.00381497,0.772198,-1.58045,0.195312,-6.08203,7.86328,0.269531,3.90625,11.4648,-0.171875,-5.09375,7.78906,-0.046875,-0.515625,4.44922,54,1008,563,78,0,1,1,0
4.88088,0.0624928,1.1959,-2.18382,-0.0614634,0.814042,-1.56309,-0.0831421,1.07116,-2.19334,0.00381497,0.772198,-1.58045,0.195312,-6.08203,7.86328,0.269531,3.90625,11.4648,-0.171875,-5.09375,7.78906,-0.046875,-0.515625,4.44922,54,1008,563,78,0,1,1,0
4.89117,0.0624928,1.1959,-2.18382,-0.0614634,0.814042,-1.56309,-0.0831421,1.07116,-2.19334,0.00381497,0.772198,-1.58045,0.195312,-6.08203,7.86328,0.269531,3.90625,11.4648,-0.171875,-5.09375,7.78906,-0.046875,-0.515625,4.44922,54,1008,563,78,0,1,1,0
4.90339,0.0384525,0.778314,-1.91148,-0.0511085,0.875081,-1.5582,-0.0244642,0.698079,-1.86425,-0.022042,0.795996,-1.56878,-1.58203,4.25391,1.74219,0.246094,0.0703125,8.97656,0.691406,2.99219,0.851562,0.960938,-5.85938,4.44922,58,645,526,80,0,1,1,0
4.91568,0.0384525,0.778314,-1.91148,-0.0511085,0.875081,-1.5582,-0.0244642,0.698079,-1.86425,-0.022042,0.795996,-1.56878,-1.58203,4.25391,1.74219,0.246094,0.0703125,8.97656,0.691406,2.99219,0.851562,0.960938,-5.85938,4.44922,58,645,526,80,0,1,1,0
4.92721,0.0384525,0.778314,-1.91148,-0.0511085,0.875081,-1.5582,-0.0244642,0.698079,-1.86425,-0.022042,0.795996,-1.56878,-1.58203,4.25391,1.74219,0.246094,0.0703125,8.97656,0.691406,2.99219,0.851562,0.960938,-5.85938,4.44922,58,645,526,80,0,1,1,0
4.93758,0.0508057,0.658657,-1.74455,-0.0194382,0.938361,-1.54524,-0.00296718,0.570853,-1.56547,-0.0474752,0.807623,-1.54302,-0.394531,1.21094,2.07422,-2.10156,-2.57031,9.86719,-0.21875,0.441406,4.00391,0.21875,-4.03125,6.60156,327,811,720,460,1,1,1,1
4.94818,0.0508057,0.658657,-1.74455,-0.0194382,0.938361,-1.54524,-0.00296718,0.570853,-1.56547,-0.0474752,0.807623,-1.54302,-0.394531,1.21094,2.07422,-2.10156,-2.57031,9.86719,-0.21875,0.441406,4.00391,0.21875,-4.03125,6.60156,327,811,720,460,1,1,1,1
4.95893,0.0508057,0.658657,-1.74455,-0.0194382,0.938361,-1.54524,-0.00296718,0.570853,-1.56547,-0.0474752,0.807623,-1.54302,-0.394531,1.21094,2.07422,-2.10156,-2.57031,9.86719,-0.21875,0.441406,4.00391,0.21875,-4.03125,6.60156,327,811,720,460,1,1,1,1
4.96943,0.0508057,0.658657,-1.74455,-0.0194382,0.938361,-1.54524,-0.00296718,0.570853,-1.56547,-0.0474752,0.807623,-1.54302,-0.394531,1.21094,2.07422,-2.10156,-2.57031,9.86719,-0.21875,0.441406,4.00391,0.21875,-4.03125,6.60156,327,811,720,460,1,1,1,1
4.97979,0.122321,0.661322,-1.72562,-0.037968,1.10761,-1.86021,-0.054439,0.645335,-1.5532,-0.0342136,0.955801,-1.86788,6.92578,0.0234375,10.2383,0.046875,-0.0976562,0.109375,-4.72266,2.17578,10.5742,-0.0703125,0.738281,-0.109375,499,37,57,846,1,0,0,1
4.99046,0.122321,0.661322,-1.72562,-0.037968,1.10761,-1.86021,-0.054439,0.645335,-1.5532,-0.0342136,0.955801,-1.86788,6.92578,0.0234375,10.2383,0.046875,-0.0976562,0.109375,-4.72266,2.17578,10.5742,-0.0703125,0.738281,-0.109375,499,37,57,846,1,0,0,1
5.00067,0.122321,0.661322,-1.72562,-0.037968,1.10761,-1.86021,-0.054439,0.645335,-1.5532,-0.0342136,0.955801,-1.86788,6.92578,0.0234375,10.2383,0.046875,-0.0976562,0.109375,-4.72266,2.17578,10.5742,-0.0703125,0.738281,-0.109375,499,37,57,846,1,0,0,1
5.01081,0.122321,0.661322,-1.72562,-0.037968,1.10761,-1.86021,-0.054439,0.645335,-1.5532,-0.0342136,0.955801,-1.86788,6.92578,0.0234375,10.2383,0.046875,-0.0976562,0.109375,-4.72266,2.17578,10.5742,-0.0703125,0.738281,-0.109375,499,37,57,846,1,0,0,1
5.02107,0.182937,0.679004,-1.72408,-0.118748,1.14885,-2.18979,-0.109605,0.715397,-1.55853,0.11996,1.06353,-2.21458,6.67578,3.53516,12.7617,-1.55469,-4.17969,7.67969,-6.35547,4.57422,8.97656,1.62891,-3.01562,8.23438,480,71,78,728,1,0,0,1
5.03189,0.182937,0.679004,-1.72408,-0.118748,1.14885,-2.18979,-0.109605,0.715397,-1.55853,0.11996,1.06353,-2.21458,6.67578,3.53516,12.7617,-1.55469,-4.17969,7.67969,-6.35547,4.57422,8.97656,1.62891,-3.01562,8.23438,480,71,78,728,1,0,0,1
5.04211,0.182937,0.679004,-1.72408,-0.118748,1.14885,-2.18979,-0.109605,0.715397,-1.55853,0.11996,1.06353,-2.21458,6.67578,3.53516,12.7617,-1.55469,-4.17969,7.67969,-6.35547,4.57422,8.97656,1.62891,-3.01562,8.23438,480,71,78,728,1,0,0,1
5.05258,0.260084,0.675916,-1.69853,-0.149753,0.841655,-1.94059,-0.157201,0.78001,-1.55792,0.266261,0.926311,-1.97179,4.57422,1.08594,9.83203,2.27344,2.62109,1.33203,-5.5625,1.55469,7.64062,-1.75391,-0.417969,1.29688,383,71,81,498,1,0,0,1
5.06283,0.260084,0.675916,-1.69853,-0.149753,0.841655,-1.94059,-0.157201,0.78001,-1.55792,0.266261,0.926311,-1.97179,4.57422,1.08594,9.83203,2.27344,2.62109,1.33203,-5.5625,1.55469,7.64062,-1.75391,-0.417969,1.29688,383,71,81,498,1,0,0,1
5.0808,0.260084,0.675916,-1.69853,-0.149753,0.841655,-1.94059,-0.157201,0.78001,-1.55792,0.266261,0.926311,-1.97179,4.57422,1.08594,9.83203,2.27344,2.62109,1.33203,-5.5625,1.55469,7.64062,-1.75391,-0.417969,1.29688,383,71,81,498,1,0,0,1
5.11372,0.324272,0.682879,-1.66813,-0.0984625,0.723633,-1.67996,-0.222419,0.848498,-1.55865,0.252636,0.798661,-1.64641,4.94531,1.23438,9.90625,1.08594,-1.97656,5.37891,0.0976562,-1.21094,7.67969,-1.40625,0.0703125,0.589844,394,368,82,728,1,1,0,1
5.12409,0.324272,0.682879,-1.66813,-0.0984625,0.723633,-1.67996,-0.222419,0.848498,-1.55865,0.252636,0.798661,-1.64641,4.94531,1.23438,9.90625,1.08594,-1.97656,5.37891,0.0976562,-1.21094,7.67969,-1.40625,0.0703125,0.589844,394,368,82,728,1,1,0,1
5.13464,0.377137,0.905298,-2.01023,0.00036333,0.77026,-1.56503,-0.253786,0.978691,-1.91972,0.187357,0.773228,-1.54476,-2.02734,1.18359,0,-0.0703125,0,10.1289,1.95312,-0.195312,0.628906,0.640625,-0.367188,10.1289,65,587,783,56,0,1,1,0
5.14517,0.377137,0.905298,-2.01023,0.00036333,0.77026,-1.56503,-0.253786,0.978691,-1.91972,0.187357,0.773228,-1.54476,-2.02734,1.18359,0,-0.0703125,0,10.1289,1.95312,-0.195312,0.628906,0.640625,-0.367188,10.1289,65,587,783,56,0,1,1,0
5.15811,0.377137,0.905298,-2.01023,0.00036333,0.77026,-1.56503,-0.253786,0.978691,-1.91972,0.187357,0.773228,-1.54476,-2.02734,1.18359,0,-0.0703125,0,10.1289,1.95312,-0.195312,0.628906,0.640625,-0.367188,10.1289,65,587,783,56,0,1,1,0
5.16884,0.377137,0.905298,-2.01023,0.00036333,0.77026,-1.56503,-0.253786,0.978691,-1.91972,0.187357,0.773228,-1.54476,-2.02734,1.18359,0,-0.0703125,0,10.1289,1.95312,-0.195312,0.628906,0.640625,-0.367188,10.1289,65,587,783,56,0,1,1,0
5.18503,0.280249,1.25894,-2.26742,0.0850799,0.850132,-1.53883,-0.0890765,0.894883,-2.15588,0.140791,0.776134,-1.53919,-2.34766,-2.96484,8.75391,-1.16016,2.32422,11.7969,1.85156,-2.17578,8.30859,1.40625,2.49609,9.57031,74,502,576,76,0,1,1,0
5.1953,0.280249,1.25894,-2.26742,0.0850799,0.850132,-1.53883,-0.0890765,0.894883,-2.15588,0.140791,0.776134,-1.53919,-2.34766,-2.96484,8.75391,-1.16016,2.32422,11.7969,1.85156,-2.17578,8.30859,1.40625,2.49609,9.57031,74,502,576,76,0,1,1,0
5.20603,0.280249,1.25894,-2.26742,0.0850799,0.850132,-1.53883,-0.0890765,0.894883,-2.15588,0.140791,0.776134,-1.53919,-2.34766,-2.96484,8.75391,-1.16016,2.32422,11.7969,1.85156,-2.17578,8.30859,1.40625,2.49609,9.57031,74,502,576,76,0,1,1,0
5.21704,-0.00635828,1.20008,-1.90409,0.143455,0.909719,-1.4995,0.194261,0.668225,-1.74944,0.0939209,0.768868,-1.5299,2.71875,-2.86719,0.960938,-4.74609,-1.53125,9.34766,-2.79297,1.23438,0.332031,3.88281,2.37109,10.3867,76,497,654,80,0,1,1,0
5.22721,-0.00635828,1.20008,-1.90409,0.143455,0.909719,-1.4995,0.194261,0.668225,-1.74944,0.0939209,0.768868,-1.5299,2.71875,-2.86719,0.960938,-4.74609,-1.53125,9.34766,-2.79297,1.23438,0.332031,3.88281,2.37109,10.3867,76,497,654,80,0,1,1,0
5.23765,-0.00635828,1.20008,-1.90409,0.143455,0.909719,-1.4995,0.194261,0.668225,-1.74944,0.0939209,0.768868,-1.5299,2.71875,-2.86719,0.960938,-4.74609,-1.53125,9.34766,-2.79297,1.23438,0.332031,3.88281,2.37109,10.3867,76,497,654,80,0,1,1,0
5.24828,-0.00635828,1.20008,-1.90409,0.143455,0.909719,-1.4995,0.194261,0.668225,-1.74944,0.0939209,0.768868,-1.5299,2.71875,-2.86719,0.960938,-4.74609,-1.53125,9.34766,-2.79297,1.23438,0.332031,3.88281,2.37109,10.3867,76,497,654,80,0,1,1,0
5.25872,-0.0431152,0.970153,-1.55869,0.174822,0.950714,-1.41889,0.23453,0.603734,-1.43528,0.0457796,0.762328,-1.52086,-0.515625,0.886719,1.51953,-7.24609,-6.55469,5.00781,-1.08594,-1.40625,1.33203,10.2148,5.09375,12.6523,77,505,723,371,0,1,1,1
5.26889,-0.0431152,0.970153,-1.55869,0.174822,0.950714,-1.41889,0.23453,0.603734,-1.43528,0.0457796,0.762328,-1.52086,-0.515625,0.886719,1.51953,-7.24609,-6.55469,5.00781,-1.08594,-1.40625,1.33203,10.2148,5.09375,12.6523,77,505,723,371,0,1,1,1
5.27939,-0.0431152,0.970153,-1.55869,0.174822,0.950714,-1.41889,0.23453,0.603734,-1.43528,0.0457796,0.762328,-1.52086,-0.515625,0.886719,1.51953,-7.24609,-6.55469,5.00781,-1.08594,-1.40625,1.33203,10.2148,5.09375,12.6523,77,505,723,371,0,1,1,1
5.28969,-0.0431152,0.970153,-1.55869,0.174822,0.950714,-1.41889,0.23453,0.603734,-1.43528,0.0457796,0.762328,-1.52086,-0.515625,0.886719,1.51953,-7.24609,-6.55469,5.00781,-1.08594,-1.40625,1.33203,10.2148,5.09375,12.6523,77,505,723,371,0,1,1,1
5.3,0.00423885,0.948413,-1.45954,0.16913,1.17731,-1.73692,0.179788,0.662291,-1.44525,0.029127,0.875868,-1.86336,4.35156,-1.01172,7.71484,-0.171875,0.394531,-0.554688,-1.82812,0.320312,9.23828,0,-0.171875,0.0351562,386,76,57,895,1,0,0,1
5.31215,0.00423885,0.948413,-1.45954,0.16913,1.17731,-1.73692,0.179788,0.662291,-1.44525,0.029127,0.875868,-1.86336,4.35156,-1.01172,7.71484,-0.171875,0.394531,-0.554688,-1.82812,0.320312,9.23828,0,-0.171875,0.0351562,386,76,57,895,1,0,0,1
5.32255,0.00423885,0.948413,-1.45954,0.16913,1.17731,-1.73692,0.179788,0.662291,-1.44525,0.029127,0.875868,-1.86336,4.35156,-1.01172,7.71484,-0.171875,0.394531,-0.554688,-1.82812,0.320312,9.23828,0,-0.171875,0.0351562,386,76,57,895,1,0,0,1
5.33504,0.0334264,0.925766,-1.48106,-0.00853826,1.31471,-2.16048,0.128982,0.746704,-1.49139,0.202617,1.02532,-2.19532,5.11719,-2.05078,7.53125,-2.44531,-5.33984,7.30859,-2.44531,3.16406,7.34375,-0.542969,-0.839844,8.16016,455,90,78,666,1,0,0,1
5.34536,0.0334264,0.925766,-1.48106,-0.00853826,1.31471,-2.16048,0.128982,0.746704,-1.49139,0.202617,1.02532,-2.19532,5.11719,-2.05078,7.53125,-2.44531,-5.33984,7.30859,-2.44531,3.16406,7.34375,-0.542969,-0.839844,8.16016,455,90,78,666,1,0,0,1
5.35563,0.0334264,0.925766,-1.48106,-0.00853826,1.31471,-2.16048,0.128982,0.746704,-1.49139,0.202617,1.02532,-2.19532,5.11719,-2.05078,7.53125,-2.44531,-5.33984,7.30859,-2.44531,3.16406,7.34375,-0.542969,-0.839844,8.16016,455,90,78,666,1,0,0,1
5.36931,0.0334264,0.925766,-1.48106,-0.00853826,1.31471,-2.16048,0.128982,0.746704,-1.49139,0.202617,1.02532,-2.19532,5.11719,-2.05078,7.53125,-2.44531,-5.33984,7.30859,-2.44531,3.16406,7.34375,-0.542969,-0.839844,8.16016,455,90,78,666,1,0,0,1
5.3795,0.0626745,0.915411,-1.48719,-0.182089,1.01181,-1.99093,0.0999764,0.79642,-1.51145,0.264989,0.985291,-1.9315,2.81641,-1.58203,6.49219,2.84375,3.21484,2.1875,-3.75781,0.367188,6.30469,-1.97656,-0.492188,0.960938,389,86,80,603,1,0,0,1
5.38988,0.0626745,0.915411,-1.48719,-0.182089,1.01181,-1.99093,0.0999764,0.79642,-1.51145,0.264989,0.985291,-1.9315,2.81641,-1.58203,6.49219,2.84375,3.21484,2.1875,-3.75781,0.367188,6.30469,-1.97656,-0.492188,0.960938,389,86,80,603,1,0,0,1
5.40056,0.0626745,0.915411,-1.48719,-0.182089,1.01181,-1.99093,0.0999764,0.79642,-1.51145,0.264989,0.985291,-1.9315,2.81641,-1.58203,6.49219,2.84375,3.21484,2.1875,-3.75781,0.367188,6.30469,-1.97656,-0.492188,0.960938,389,86,80,603,1,0,0,1
5.41101,0.0626745,0.915411,-1.48719,-0.182089,1.01181,-1.99093,0.0999764,0.79642,-1.51145,0.264989,0.985291,-1.9315,2.81641,-1.58203,6.49219,2.84375,3.21484,2.1875,-3.75781,0.367188,6.30469,-1.97656,-0.492188,0.960938,389,86,80,603,1,0,0,1
5.42134,0.0822338,0.907357,-1.48804,-0.189053,0.828696,-1.70196,0.0766627,0.831663,-1.52595,0.222419,0.882529,-1.65957,1.53125,-0.0234375,8.45703,-0.046875,0.144531,-0.8125,-3.36328,-0.246094,8.08594,-1.18359,-1.01172,4.07812,445,138,271,816,1,0,1,1
5.43145,0.0822338,0.907357,-1.48804,-0.189053,0.828696,-1.70196,0.0766627,0.831663,-1.52595,0.222419,0.882529,-1.65957,1.53125,-0.0234375,8.45703,-0.046875,0.144531,-0.8125,-3.36328,-0.246094,8.08594,-1.18359,-1.01172,4.07812,445,138,271,816,1,0,1,1
5.44161,0.0822338,0.907357,-1.48804,-0.189053,0.828696,-1.70196,0.0766627,0.831663,-1.52595,0.222419,0.882529,-1.65957,1.53125,-0.0234375,8.45703,-0.046875,0.144531,-0.8125,-3.36328,-0.246094,8.08594,-1.18359,-1.01172,4.07812,445,138,271,816,1,0,1,1
5.452,0.0877443,1.06353,-1.85561,-0.162772,0.814223,-1.6054,0.0730294,0.981961,-1.85298,0.200801,0.858852,-1.60584,-0.714844,-1.13672,1.37109,-3.53516,-0.0234375,10.2773,1.62891,-0.566406,1.14844,2,1.45703,9.53516,61,616,711,54,0,1,1,0
5.46421,0.0877443,1.06353,-1.85561,-0.162772,0.814223,-1.6054,0.0730294,0.981961,-1.85298,0.200801,0.858852,-1.60584,-0.714844,-1.13672,1.37109,-3.53516,-0.0234375,10.2773,1.62891,-0.566406,1.14844,2,1.45703,9.53516,61,616,711,54,0,1,1,0
5.47447,0.0877443,1.06353,-1.85561,-0.162772,0.814223,-1.6054,0.0730294,0.981961,-1.85298,0.200801,0.858852,-1.60584,-0.714844,-1.13672,1.37109,-3.53516,-0.0234375,10.2773,1.62891,-0.566406,1.14844,2,1.45703,9.53516,61,616,711,54,0,1,1,0
5.48463,0.0877443,1.06353,-1.85561,-0.162772,0.814223,-1.6054,0.0730294,0.981961,-1.85298,0.200801,0.858852,-1.60584,-0.714844,-1.13672,1.37109,-3.53516,-0.0234375,10.2773,1.62891,-0.566406,1.14844,2,1.45703,9.53516,61,616,711,54,0,1,1,0
5.49478,0.0671556,1.16556,-2.11216,-0.143758,0.843532,-1.60911,0.0845954,1.04573,-2.11289,0.183664,0.867996,-1.60592,0.640625,-3.58594,7.23438,-2.51953,1.48047,10.7227,-0.914062,-2.81641,6.64062,3.48438,3.4375,9.71875,75,560,668,79,0,1,1,0
5.50496,0.0671556,1.16556,-2.11216,-0.143758,0.843532,-1.60911,0.0845954,1.04573,-2.11289,0.183664,0.867996,-1.60592,0.640625,-3.58594,7.23438,-2.51953,1.48047,10.7227,-0.914062,-2.81641,6.64062,3.48438,3.4375,9.71875,75,560,668,79,0,1,1,0
5.51518,0.0671556,1.16556,-2.11216,-0.143758,0.843532,-1.60911,0.0845954,1.04573,-2.11289,0.183664,0.867996,-1.60592,0.640625,-3.58594,7.23438,-2.51953,1.48047,10.7227,-0.914062,-2.81641,6.64062,3.48438,3.4375,9.71875,75,560,668,79,0,1,1,0
5.52573,0.0671556,1.16556,-2.11216,-0.143758,0.843532,-1.60911,0.0845954,1.04573,-2.11289,0.183664,0.867996,-1.60592,0.640625,-3.58594,7.23438,-2.51953,1.48047,10.7227,-0.914062,-2.81641,6.64062,3.48438,3.4375,9.71875,75,560,668,79,0,1,1,0
5.53629,0.0487468,0.968518,-1.83385,-0.129709,0.856975,-1.59857,0.0746038,0.89246,-1.84196,0.168464,0.870055,-1.6014,-0.714844,-0.195312,1.14844,-2.14844,0.195312,8.125,0,-0.144531,0.738281,2.76953,1.0625,8.97656,75,422,527,84,0,1,1,0
5.5466,0.0487468,0.968518,-1.83385,-0.129709,0.856975,-1.59857,0.0746038,0.89246,-1.84196,0.168464,0.870055,-1.6014,-0.714844,-0.195312,1.14844,-2.14844,0.195312,8.125,0,-0.144531,0.738281,2.76953,1.0625,8.97656,75,422,527,84,0,1,1,0
5.55815,0.0487468,0.968518,-1.83385,-0.129709,0.856975,-1.59857,0.0746038,0.89246,-1.84196,0.168464,0.870055,-1.6014,-0.714844,-0.195312,1.14844,-2.14844,0.195312,8.125,0,-0.144531,0.738281,2.76953,1.0625,8.97656,75,422,527,84,0,1,1,0
5.56847,0.0487468,0.968518,-1.83385,-0.129709,0.856975,-1.59857,0.0746038,0.89246,-1.84196,0.168464,0.870055,-1.6014,-0.714844,-0.195312,1.14844,-2.14844,0.195312,8.125,0,-0.144531,0.738281,2.76953,1.0625,8.97656,75,422,527,84,0,1,1,0
5.57893,0.0604945,0.812225,-1.53265,-0.109605,0.874476,-1.58993,0.060434,0.788427,-1.58275,0.157443,0.874597,-1.59974,-0.21875,0.269531,1,-2.125,-0.292969,8.49609,-0.269531,-0.46875,3.44922,2.125,0.0976562,9.68359,123,462,773,321,0,1,1,1
5.58913,0.0604945,0.812225,-1.53265,-0.109605,0.874476,-1.58993,0.060434,0.788427,-1.58275,0.157443,0.874597,-1.59974,-0.21875,0.269531,1,-2.125,-0.292969,8.49609,-0.269531,-0.46875,3.44922,2.125,0.0976562,9.68359,123,462,773,321,0,1,1,1
5.59939,0.0604945,0.812225,-1.53265,-0.109605,0.874476,-1.58993,0.060434,0.788427,-1.58275,0.157443,0.874597,-1.59974,-0.21875,0.269531,1,-2.125,-0.292969,8.49609,-0.269531,-0.46875,3.44922,2.125,0.0976562,9.68359,123,462,773,321,0,1,1,1
5.61009,0.0604945,0.812225,-1.53265,-0.109605,0.874476,-1.58993,0.060434,0.788427,-1.58275,0.157443,0.874597,-1.59974,-0.21875,0.269531,1,-2.125,-0.292969,8.49609,-0.269531,-0.46875,3.44922,2.125,0.0976562,9.68359,123,462,773,321,0,1,1,1
5.62324,0.0856249,0.783461,-1.43915,-0.0985231,1.01569,-1.90555,0.0420252,0.793635,-1.5448,0.176579,1.02701,-1.92698,5.24219,1.80469,6.23047,0.960938,-0.246094,0.8125,-2.42188,1.95312,11.5742,-1.38281,-0.046875,0.40625,174,78,54,875,0,0,0,1
5.634,0.0856249,0.783461,-1.43915,-0.0985231,1.01569,-1.90555,0.0420252,0.793635,-1.5448,0.176579,1.02701,-1.92698,5.24219,1.80469,6.23047,0.960938,-0.246094,0.8125,-2.42188,1.95312,11.5742,-1.38281,-0.046875,0.40625,174,78,54,875,0,0,0,1
5.64512,0.0856249,0.783461,-1.43915,-0.0985231,1.01569,-1.90555,0.0420252,0.793635,-1.5448,0.176579,1.02701,-1.92698,5.24219,1.80469,6.23047,0.960938,-0.246094,0.8125,-2.42188,1.95312,11.5742,-1.38281,-0.046875,0.40625,174,78,54,875,0,0,0,1
5.65579,0.0879259,0.780979,-1.43172,-0.0617662,1.10234,-2.15641,0.0317309,0.799327,-1.54577,0.212124,1.13468,-2.20324,4.96875,3.16406,10.1289,-0.171875,-2.81641,7.08594,-3.98047,4.94531,11.0195,-0.789062,-2.89062,7.34375,804,93,76,793,1,0,0,1
5.66617,0.0879259,0.780979,-1.43172,-0.0617662,1.10234,-2.15641,0.0317309,0.799327,-1.54577,0.212124,1.13468,-2.20324,4.96875,3.16406,10.1289,-0.171875,-2.81641,7.08594,-3.98047,4.94531,11.0195,-0.789062,-2.89062,7.34375,804,93,76,793,1,0,0,1
5.67633,0.0879259,0.780979,-1.43172,-0.0617662,1.10234,-2.15641,0.0317309,0.799327,-1.54577,0.212124,1.13468,-2.20324,4.96875,3.16406,10.1289,-0.171875,-2.81641,7.08594,-3.98047,4.94531,11.0195,-0.789062,-2.89062,7.34375,804,93,76,793,1,0,0,1
5.68666,0.0879259,0.780979,-1.43172,-0.0617662,1.10234,-2.15641,0.0317309,0.799327,-1.54577,0.212124,1.13468,-2.20324,4.96875,3.16406,10.1289,-0.171875,-2.81641,7.08594,-3.98047,4.94531,11.0195,-0.789062,-2.89062,7.34375,804,93,76,793,1,0,0,1
5.69691,0.108333,0.793332,-1.44319,-0.0177426,0.928188,-1.85561,0.0534096,0.812891,-1.54726,0.164468,0.979357,-1.90603,1.95312,3.66016,7.53125,1.21094,0.9375,0.628906,-2.91797,2.69531,9.68359,-0.34375,-0.269531,0.777344,659,91,80,749,1,0,0,1
5.7071,0.108333,0.793332,-1.44319,-0.0177426,0.928188,-1.85561,0.0534096,0.812891,-1.54726,0.164468,0.979357,-1.90603,1.95312,3.66016,7.53125,1.21094,0.9375,0.628906,-2.91797,2.69531,9.68359,-0.34375,-0.269531,0.777344,659,91,80,749,1,0,0,1
5.71773,0.108333,0.793332,-1.44319,-0.0177426,0.928188,-1.85561,0.0534096,0.812891,-1.54726,0.164468,0.979357,-1.90603,1.95312,3.66016,7.53125,1.21094,0.9375,0.628906,-2.91797,2.69531,9.68359,-0.34375,-0.269531,0.777344,659,91,80,749,1,0,0,1
5.72796,0.108333,0.793332,-1.44319,-0.0177426,0.928188,-1.85561,0.0534096,0.812891,-1.54726,0.164468,0.979357,-1.90603,1.95312,3.66016,7.53125,1.21094,0.9375,0.628906,-2.91797,2.69531,9.68359,-0.34375,-0.269531,0.777344,659,91,80,749,1,0,0,1
5.73818,0.129951,0.816101,-1.45195,0.00950714,0.837476,-1.63236,0.0573456,0.840262,-1.54662,0.144242,0.868602,-1.63422,4.20312,1.65625,5.82422,0.417969,-2,5.11719,-1.33203,1.43359,9.98047,-0.046875,-1.21094,4.52344,536,452,432,745,1,1,1,1
5.74844,0.129951,0.816101,-1.45195,0.00950714,0.837476,-1.63236,0.0573456,0.840262,-1.54662,0.144242,0.868602,-1.63422,4.20312,1.65625,5.82422,0.417969,-2,5.11719,-1.33203,1.43359,9.98047,-0.046875,-1.21094,4.52344,536,452,432,745,1,1,1,1
5.75887,0.129951,0.816101,-1.45195,0.00950714,0.837476,-1.63236,0.0573456,0.840262,-1.54662,0.144242,0.868602,-1.63422,4.20312,1.65625,5.82422,0.417969,-2,5.11719,-1.33203,1.43359,9.98047,-0.046875,-1.21094,4.52344,536,452,432,745,1,1,1,1
5.77065,0.147997,0.981053,-1.79933,0.031307,0.858852,-1.57613,0.073635,0.987108,-1.8586,0.163559,0.894338,-1.61028,-1.18359,-0.367188,1.25781,-2.79297,0.269531,7.23438,1.55469,-0.292969,0.441406,1.33203,0.417969,8.86719,37,452,716,52,0,1,1,0
5.78126,0.147997,0.981053,-1.79933,0.031307,0.858852,-1.57613,0.073635,0.987108,-1.8586,0.163559,0.894338,-1.61028,-1.18359,-0.367188,1.25781,-2.79297,0.269531,7.23438,1.55469,-0.292969,0.441406,1.33203,0.417969,8.86719,37,452,716,52,0,1,1,0
5.79155,0.147997,0.981053,-1.79933,0.031307,0.858852,-1.57613,0.073635,0.987108,-1.8586,0.163559,0.894338,-1.61028,-1.18359,-0.367188,1.25781,-2.79297,0.269531,7.23438,1.55469,-0.292969,0.441406,1.33203,0.417969,8.86719,37,452,716,52,0,1,1,0
5.80178,0.147997,0.981053,-1.79933,0.031307,0.858852,-1.57613,0.073635,0.987108,-1.8586,0.163559,0.894338,-1.61028,-1.18359,-0.367188,1.25781,-2.79297,0.269531,7.23438,1.55469,-0.292969,0.441406,1.33203,0.417969,8.86719,37,452,716,52,0,1,1,0
5.81204,0.147997,0.981053,-1.79933,0.031307,0.858852,-1.57613,0.073635,0.987108,-1.8586,0.163559,0.894338,-1.61028,-1.18359,-0.367188,1.25781,-2.79297,0.269531,7.23438,1.55469,-0.292969,0.441406,1.33203,0.417969,8.86719,37,452,716,52,0,1,1,0
5.8222,0.124441,1.07661,-2.08963,0.0518351,0.888222,-1.57173,0.0341531,1.07564,-2.14074,0.192202,0.926916,-1.61472,-0.0976562,-3.38672,7.34375,-2.91797,3.55859,10.2031,-0.988281,-2.96484,7.64062,4.00391,5.14453,10.7578,58,413,642,80,0,1,1,0
5.83238,0.124441,1.07661,-2.08963,0.0518351,0.888222,-1.57173,0.0341531,1.07564,-2.14074,0.192202,0.926916,-1.61472,-0.0976562,-3.38672,7.34375,-2.91797,3.55859,10.2031,-0.988281,-2.96484,7.64062,4.00391,5.14453,10.7578,58,413,642,80,0,1,1,0
5.84637,0.124441,1.07661,-2.08963,0.0518351,0.888222,-1.57173,0.0341531,1.07564,-2.14074,0.192202,0.926916,-1.61472,-0.0976562,-3.38672,7.34375,-2.91797,3.55859,10.2031,-0.988281,-2.96484,7.64062,4.00391,5.14453,10.7578,58,413,642,80,0,1,1,0
5.85713,0.0637039,0.918741,-1.8093,0.0727266,0.906509,-1.5603,-0.0134432,0.936363,-1.88112,0.210429,0.944235,-1.6142,-0.589844,-0.0703125,0.628906,-4.07812,1.65625,10.5,0.664062,-0.046875,1.10938,4.03125,2.89062,10.8711,62,457,572,84,0,1,1,0
5.86735,0.0637039,0.918741,-1.8093,0.0727266,0.906509,-1.5603,-0.0134432,0.936363,-1.88112,0.210429,0.944235,-1.6142,-0.589844,-0.0703125,0.628906,-4.07812,1.65625,10.5,0.664062,-0.046875,1.10938,4.03125,2.89062,10.8711,62,457,572,84,0,1,1,0
5.8785,0.0637039,0.918741,-1.8093,0.0727266,0.906509,-1.5603,-0.0134432,0.936363,-1.88112,0.210429,0.944235,-1.6142,-0.589844,-0.0703125,0.628906,-4.07812,1.65625,10.5,0.664062,-0.046875,1.10938,4.03125,2.89062,10.8711,62,457,572,84,0,1,1,0
5.8887,0.0637039,0.918741,-1.8093,0.0727266,0.906509,-1.5603,-0.0134432,0.936363,-1.88112,0.210429,0.944235,-1.6142,-0.589844,-0.0703125,0.628906,-4.07812,1.65625,10.5,0.664062,-0.046875,1.10938,4.03125,2.89062,10.8711,62,457,572,84,0,1,1,0
5.89946,0.0721211,0.797147,-1.5123,0.0991286,0.929096,-1.53701,0.00036335,0.836629,-1.63547,0.228898,0.981174,-1.61521,0,0.0703125,0,-3.75781,1.55469,10.3867,2.29688,-1.13672,4.19141,3.92969,1.62891,11.4648,66,489,827,517,0,1,1,1
5.90977,0.0721211,0.797147,-1.5123,0.0991286,0.929096,-1.53701,0.00036335,0.836629,-1.63547,0.228898,0.981174,-1.61521,0,0.0703125,0,-3.75781,1.55469,10.3867,2.29688,-1.13672,4.19141,3.92969,1.62891,11.4648,66,489,827,517,0,1,1,1
5.91996,0.0721211,0.797147,-1.5123,0.0991286,0.929096,-1.53701,0.00036335,0.836629,-1.63547,0.228898,0.981174,-1.61521,0,0.0703125,0,-3.75781,1.55469,10.3867,2.29688,-1.13672,4.19141,3.92969,1.62891,11.4648,66,489,827,517,0,1,1,1
5.93013,0.0721211,0.797147,-1.5123,0.0991286,0.929096,-1.53701,0.00036335,0.836629,-1.63547,0.228898,0.981174,-1.61521,0,0.0703125,0,-3.75781,1.55469,10.3867,2.29688,-1.13672,4.19141,3.92969,1.62891,11.4648,66,489,827,517,0,1,1,1
5.94084,0.111724,0.826092,-1.45417,0.0937392,1.07637,-1.87757,0.0217392,0.853705,-1.54629,0.226597,1.12959,-1.95092,5.66406,0.417969,8.49609,-0.269531,-1.33203,0.0351562,-1.43359,0.789062,10.7227,-2.59375,-0.320312,0.589844,737,81,50,987,1,0,0,1
5.95161,0.111724,0.826092,-1.45417,0.0937392,1.07637,-1.87757,0.0217392,0.853705,-1.54629,0.226597,1.12959,-1.95092,5.66406,0.417969,8.49609,-0.269531,-1.33203,0.0351562,-1.43359,0.789062,10.7227,-2.59375,-0.320312,0.589844,737,81,50,987,1,0,0,1
5.96242,0.111724,0.826092,-1.45417,0.0937392,1.07637,-1.87757,0.0217392,0.853705,-1.54629,0.226597,1.12959,-1.95092,5.66406,0.417969,8.49609,-0.269531,-1.33203,0.0351562,-1.43359,0.789062,10.7227,-2.59375,-0.320312,0.589844,737,81,50,987,1,0,0,1
5.97258,0.148723,0.870721,-1.45659,-0.00732716,1.13577,-2.20005,0.0465668,0.896457,-1.53729,0.134977,1.14092,-2.20477,4.10547,2.51953,7.53125,-1.92578,-3.36328,7.86328,-2.49609,3.16406,9.94141,-0.617188,-4.52344,8.19922,595,97,74,597,1,0,0,1
5.9828,0.148723,0.870721,-1.45659,-0.00732716,1.13577,-2.20005,0.0465668,0.896457,-1.53729,0.134977,1.14092,-2.20477,4.10547,2.51953,7.53125,-1.92578,-3.36328,7.86328,-2.49609,3.16406,9.94141,-0.617188,-4.52344,8.19922,595,97,74,597,1,0,0,1
5.99301,0.148723,0.870721,-1.45659,-0.00732716,1.13577,-2.20005,0.0465668,0.896457,-1.53729,0.134977,1.14092,-2.20477,4.10547,2.51953,7.53125,-1.92578,-3.36328,7.86328,-2.49609,3.16406,9.94141,-0.617188,-4.52344,8.19922,595,97,74,597,1,0,0,1
6.00353,0.148723,0.870721,-1.45659,-0.00732716,1.13577,-2.20005,0.0465668,0.896457,-1.53729,0.134977,1.14092,-2.20477,4.10547,2.51953,7.53125,-1.92578,-3.36328,7.86328,-2.49609,3.16406,9.94141,-0.617188,-4.52344,8.19922,595,97,74,597,1,0,0,1
6.0139,0.180878,0.913776,-1.45348,-0.123896,0.911051,-1.95096,0.0832026,0.925342,-1.50572,-0.00841715,0.879926,-1.85864,1.58203,2.62109,7.26953,2.37109,1.80469,1.40625,-4.05469,0.589844,10.2383,0.640625,2.125,0.628906,383,92,79,602,1,0,0,1
6.02439,0.180878,0.913776,-1.45348,-0.123896,0.911051,-1.95096,0.0832026,0.925342,-1.50572,-0.00841715,0.879926,-1.85864,1.58203,2.62109,7.26953,2.37109,1.80469,1.40625,-4.05469,0.589844,10.2383,0.640625,2.125,0.628906,383,92,79,602,1,0,0,1
6.03499,0.180878,0.913776,-1.45348,-0.123896,0.911051,-1.95096,0.0832026,0.925342,-1.50572,-0.00841715,0.879926,-1.85864,1.58203,2.62109,7.26953,2.37109,1.80469,1.40625,-4.05469,0.589844,10.2383,0.640625,2.125,0.628906,383,92,79,602,1,0,0,1
6.04701,0.180878,0.913776,-1.45348,-0.123896,0.911051,-1.95096,0.0832026,0.925342,-1.50572,-0.00841715,0.879926,-1.85864,1.58203,2.62109,7.26953,2.37109,1.80469,1.40625,-4.05469,0.589844,10.2383,0.640625,2.125,0.628906,383,92,79,602,1,0,0,1
6.05816,0.212609,0.971303,-1.45958,-0.124441,0.803808,-1.64459,0.115297,0.946294,-1.46882,-0.0130193,0.769836,-1.56256,4.00391,0.515625,8.45703,3.11328,-0.21875,3.03906,-3.3125,-1.21094,11.6133,-0.34375,-0.246094,1.77734,703,90,203,771,1,0,1,1
6.06837,0.212609,0.971303,-1.45958,-0.124441,0.803808,-1.64459,0.115297,0.946294,-1.46882,-0.0130193,0.769836,-1.56256,4.00391,0.515625,8.45703,3.11328,-0.21875,3.03906,-3.3125,-1.21094,11.6133,-0.34375,-0.246094,1.77734,703,90,203,771,1,0,1,1
6.07852,0.212609,0.971303,-1.45958,-0.124441,0.803808,-1.64459,0.115297,0.946294,-1.46882,-0.0130193,0.769836,-1.56256,4.00391,0.515625,8.45703,3.11328,-0.21875,3.03906,-3.3125,-1.21094,11.6133,-0.34375,-0.246094,1.77734,703,90,203,771,1,0,1,1
6.08868,0.212609,0.971303,-1.45958,-0.124441,0.803808,-1.64459,0.115297,0.946294,-1.46882,-0.0130193,0.769836,-1.56256,4.00391,0.515625,8.45703,3.11328,-0.21875,3.03906,-3.3125,-1.21094,11.6133,-0.34375,-0.246094,1.77734,703,90,203,771,1,0,1,1
6.09884,0.215213,1.14558,-1.84225,-0.0705466,0.836144,-1.50286,0.118627,1.1147,-1.81907,0.0363936,0.830876,-1.55598,-1.13672,-1.16016,1,-1.82812,0.492188,11.6875,0.691406,-1.33203,0.0351562,2.64453,1.95312,9.34766,37,1192,838,50,0,1,1,0
6.11315,0.215213,1.14558,-1.84225,-0.0705466,0.836144,-1.50286,0.118627,1.1147,-1.81907,0.0363936,0.830876,-1.55598,-1.13672,-1.16016,1,-1.82812,0.492188,11.6875,0.691406,-1.33203,0.0351562,2.64453,1.95312,9.34766,37,1192,838,50,0,1,1,0
6.12404,0.215213,1.14558,-1.84225,-0.0705466,0.836144,-1.50286,0.118627,1.1147,-1.81907,0.0363936,0.830876,-1.55598,-1.13672,-1.16016,1,-1.82812,0.492188,11.6875,0.691406,-1.33203,0.0351562,2.64453,1.95312,9.34766,37,1192,838,50,0,1,1,0
6.13428,0.112087,1.11712,-2.13973,-0.0286425,0.909295,-1.51089,-0.0030883,1.13256,-2.19153,0.0898637,0.922677,-1.5901,-0.0976562,-4.375,7.41797,-0.863281,3.78125,12.2812,-1.55469,-4.5,6.56641,4.12891,5.96094,9.53516,61,823,643,75,0,1,1,0
6.1445,0.112087,1.11712,-2.13973,-0.0286425,0.909295,-1.51089,-0.0030883,1.13256,-2.19153,0.0898637,0.922677,-1.5901,-0.0976562,-4.375,7.41797,-0.863281,3.78125,12.2812,-1.55469,-4.5,6.56641,4.12891,5.96094,9.53516,61,823,643,75,0,1,1,0
6.15482,0.112087,1.11712,-2.13973,-0.0286425,0.909295,-1.51089,-0.0030883,1.13256,-2.19153,0.0898637,0.922677,-1.5901,-0.0976562,-4.375,7.41797,-0.863281,3.78125,12.2812,-1.55469,-4.5,6.56641,4.12891,5.96094,9.53516,61,823,643,75,0,1,1,0
6.16508,0.112087,1.11712,-2.13973,-0.0286425,0.909295,-1.51089,-0.0030883,1.13256,-2.19153,0.0898637,0.922677,-1.5901,-0.0976562,-4.375,7.41797,-0.863281,3.78125,12.2812,-1.55469,-4.5,6.56641,4.12891,5.96094,9.53516,61,823,643,75,0,1,1,0
6.17531,-0.0110816,0.770503,-1.80797,0.0071455,0.950472,-1.48885,-0.12214,0.82482,-1.94002,0.134796,0.984565,-1.59474,-0.441406,3.95703,0.554688,-5.19141,-2.74219,8.125,2.74219,2.94141,1.29688,3.90625,0.144531,8.16016,62,680,639,78,0,1,1,0
6.18555,-0.0110816,0.770503,-1.80797,0.0071455,0.950472,-1.48885,-0.12214,0.82482,-1.94002,0.134796,0.984565,-1.59474,-0.441406,3.95703,0.554688,-5.19141,-2.74219,8.125,2.74219,2.94141,1.29688,3.90625,0.144531,8.16016,62,680,639,78,0,1,1,0
6.19578,-0.0110816,0.770503,-1.80797,0.0071455,0.950472,-1.48885,-0.12214,0.82482,-1.94002,0.134796,0.984565,-1.59474,-0.441406,3.95703,0.554688,-5.19141,-2.74219,8.125,2.74219,2.94141,1.29688,3.90625,0.144531,8.16016,62,680,639,78,0,1,1,0
6.20598,-0.0110816,0.770503,-1.80797,0.0071455,0.950472,-1.48885,-0.12214,0.82482,-1.94002,0.134796,0.984565,-1.59474,-0.441406,3.95703,0.554688,-5.19141,-2.74219,8.125,2.74219,2.94141,1.29688,3.90625,0.144531,8.16016,62,680,639,78,0,1,1,0
6.2164,-0.0162288,0.641884,-1.50915,0.0460218,0.992679,-1.44065,-0.116447,0.727206,-1.69235,0.180757,1.05614,-1.59821,2.94141,2.19922,1.10938,-4.57422,-2.94141,8.08594,4.375,-0.046875,5.19141,4.40234,-0.46875,9.46094,65,771,812,481,0,1,1,1
6.22654,-0.0162288,0.641884,-1.50915,0.0460218,0.992679,-1.44065,-0.116447,0.727206,-1.69235,0.180757,1.05614,-1.59821,2.94141,2.19922,1.10938,-4.57422,-2.94141,8.08594,4.375,-0.046875,5.19141,4.40234,-0.46875,9.46094,65,771,812,481,0,1,1,1
6.23975,-0.0162288,0.641884,-1.50915,0.0460218,0.992679,-1.44065,-0.116447,0.727206,-1.69235,0.180757,1.05614,-1.59821,2.94141,2.19922,1.10938,-4.57422,-2.94141,8.08594,4.375,-0.046875,5.19141,4.40234,-0.46875,9.46094,65,771,812,481,0,1,1,1
6.25022,-0.0162288,0.641884,-1.50915,0.0460218,0.992679,-1.44065,-0.116447,0.727206,-1.69235,0.180757,1.05614,-1.59821,2.94141,2.19922,1.10938,-4.57422,-2.94141,8.08594,4.375,-0.046875,5.19141,4.40234,-0.46875,9.46094,65,771,812,481,0,1,1,1
6.26059,0.0422674,0.737621,-1.50164,0.0466879,1.16363,-1.7781,-0.0584356,0.794361,-1.60213,0.180394,1.21752,-1.91847,6.62891,1.03516,8.60547,0.0234375,-0.9375,-0.515625,-1.08594,1.77734,11.3516,-2.59375,-0.34375,-0.0703125,754,41,49,1089,1,0,0,1
6.27111,0.0422674,0.737621,-1.50164,0.0466879,1.16363,-1.7781,-0.0584356,0.794361,-1.60213,0.180394,1.21752,-1.91847,6.62891,1.03516,8.60547,0.0234375,-0.9375,-0.515625,-1.08594,1.77734,11.3516,-2.59375,-0.34375,-0.0703125,754,41,49,1089,1,0,0,1
6.28138,0.0422674,0.737621,-1.50164,0.0466879,1.16363,-1.7781,-0.0584356,0.794361,-1.60213,0.180394,1.21752,-1.91847,6.62891,1.03516,8.60547,0.0234375,-0.9375,-0.515625,-1.08594,1.77734,11.3516,-2.59375,-0.34375,-0.0703125,754,41,49,1089,1,0,0,1
6.29162,0.0422674,0.737621,-1.50164,0.0466879,1.16363,-1.7781,-0.0584356,0.794361,-1.60213,0.180394,1.21752,-1.91847,6.62891,1.03516,8.60547,0.0234375,-0.9375,-0.515625,-1.08594,1.77734,11.3516,-2.59375,-0.34375,-0.0703125,754,41,49,1089,1,0,0,1
6.30215,0.101188,0.835054,-1.52748,-0.0453557,1.17277,-2.18249,-0.0107788,0.87605,-1.60233,0.0831421,1.15939,-2.22399,3.88281,4.87109,8.53125,-1.97656,-6.08203,7.78906,-2.81641,4.87109,10.0547,0.542969,-5.14453,8.82812,623,67,73,596,1,0,0,1
6.31232,0.101188,0.835054,-1.52748,-0.0453557,1.17277,-2.18249,-0.0107788,0.87605,-1.60233,0.0831421,1.15939,-2.22399,3.88281,4.87109,8.53125,-1.97656,-6.08203,7.78906,-2.81641,4.87109,10.0547,0.542969,-5.14453,8.82812,623,67,73,596,1,0,0,1
6.32248,0.101188,0.835054,-1.52748,-0.0453557,1.17277,-2.18249,-0.0107788,0.87605,-1.60233,0.0831421,1.15939,-2.22399,3.88281,4.87109,8.53125,-1.97656,-6.08203,7.78906,-2.81641,4.87109,10.0547,0.542969,-5.14453,8.82812,623,67,73,596,1,0,0,1
6.33301,0.154839,0.917409,-1.52813,-0.136552,0.788003,-1.93615,0.0540757,0.946294,-1.5752,-0.0372414,0.760208,-1.87168,1.16016,1.58203,6.19531,2.96484,3.48438,1.74219,-4.5,-0.269531,10.2383,0.914062,4.72266,0.332031,410,71,77,636,1,0,0,1
6.34398,0.154839,0.917409,-1.52813,-0.136552,0.788003,-1.93615,0.0540757,0.946294,-1.5752,-0.0372414,0.760208,-1.87168,1.16016,1.58203,6.19531,2.96484,3.48438,1.74219,-4.5,-0.269531,10.2383,0.914062,4.72266,0.332031,410,71,77,636,1,0,0,1
6.35653,0.154839,0.917409,-1.52813,-0.136552,0.788003,-1.93615,0.0540757,0.946294,-1.5752,-0.0372414,0.760208,-1.87168,1.16016,1.58203,6.19531,2.96484,3.48438,1.74219,-4.5,-0.269531,10.2383,0.914062,4.72266,0.332031,410,71,77,636,1,0,0,1
6.37052,0.203102,1.0212,-1.53414,-0.115479,0.673009,-1.63761,0.0983415,1.00921,-1.52385,-0.0177426,0.643519,-1.56402,5.51562,-1.08594,7.9375,2.02734,0.417969,4.07812,-2.17578,-3.26172,12.207,-0.691406,-1.67969,-1.18359,710,326,203,893,1,1,1,1
6.38068,0.203102,1.0212,-1.53414,-0.115479,0.673009,-1.63761,0.0983415,1.00921,-1.52385,-0.0177426,0.643519,-1.56402,5.51562,-1.08594,7.9375,2.02734,0.417969,4.07812,-2.17578,-3.26172,12.207,-0.691406,-1.67969,-1.18359,710,326,203,893,1,1,1,1
6.39083,0.203102,1.0212,-1.53414,-0.115479,0.673009,-1.63761,0.0983415,1.00921,-1.52385,-0.0177426,0.643519,-1.56402,5.51562,-1.08594,7.9375,2.02734,0.417969,4.07812,-2.17578,-3.26172,12.207,-0.691406,-1.67969,-1.18359,710,326,203,893,1,1,1,1
6.40118,0.203102,1.0212,-1.53414,-0.115479,0.673009,-1.63761,0.0983415,1.00921,-1.52385,-0.0177426,0.643519,-1.56402,5.51562,-1.08594,7.9375,2.02734,0.417969,4.07812,-2.17578,-3.26172,12.207,-0.691406,-1.67969,-1.18359,710,326,203,893,1,1,1,1
6.41184,0.203102,1.0212,-1.53414,-0.115479,0.673009,-1.63761,0.0983415,1.00921,-1.52385,-0.0177426,0.643519,-1.56402,5.51562,-1.08594,7.9375,2.02734,0.417969,4.07812,-2.17578,-3.26172,12.207,-0.691406,-1.67969,-1.18359,710,326,203,893,1,1,1,1
6.42503,0.198197,1.19796,-1.91188,-0.0689117,0.780676,-1.61068,0.0947686,1.17598,-1.86869,0.0369386,0.746462,-1.56329,-1.65625,-1.0625,0.257812,-0.9375,1.95312,11.5,0.292969,-0.617188,-0.292969,2.94141,1.33203,9.75781,37,1025,888,45,0,1,1,0
6.43532,0.198197,1.19796,-1.91188,-0.0689117,0.780676,-1.61068,0.0947686,1.17598,-1.86869,0.0369386,0.746462,-1.56329,-1.65625,-1.0625,0.257812,-0.9375,1.95312,11.5,0.292969,-0.617188,-0.292969,2.94141,1.33203,9.75781,37,1025,888,45,0,1,1,0
6.44556,0.198197,1.19796,-1.91188,-0.0689117,0.780676,-1.61068,0.0947686,1.17598,-1.86869,0.0369386,0.746462,-1.56329,-1.65625,-1.0625,0.257812,-0.9375,1.95312,11.5,0.292969,-0.617188,-0.292969,2.94141,1.33203,9.75781,37,1025,888,45,0,1,1,0
6.45579,0.0904693,1.11052,-2.21054,-0.0188326,0.873507,-1.60697,-0.0334264,1.14037,-2.25426,0.103549,0.861214,-1.58783,0.269531,-6.85156,8.53125,-2,3.33594,11.7617,-1.77734,-6.05859,7.67969,3.80859,5.41406,8.45703,57,726,591,70,0,1,1,0
6.4667,0.0904693,1.11052,-2.21054,-0.0188326,0.873507,-1.60697,-0.0334264,1.14037,-2.25426,0.103549,0.861214,-1.58783,0.269531,-6.85156,8.53125,-2,3.33594,11.7617,-1.77734,-6.05859,7.67969,3.80859,5.41406,8.45703,57,726,591,70,0,1,1,0
6.47701,0.0904693,1.11052,-2.21054,-0.0188326,0.873507,-1.60697,-0.0334264,1.14037,-2.25426,0.103549,0.861214,-1.58783,0.269531,-6.85156,8.53125,-2,3.33594,11.7617,-1.77734,-6.05859,7.67969,3.80859,5.41406,8.45703,57,726,591,70,0,1,1,0
6.48791,0.0904693,1.11052,-2.21054,-0.0188326,0.873507,-1.60697,-0.0334264,1.14037,-2.25426,0.103549,0.861214,-1.58783,0.269531,-6.85156,8.53125,-2,3.33594,11.7617,-1.77734,-6.05859,7.67969,3.80859,5.41406,8.45703,57,726,591,70,0,1,1,0
6.49811,-0.0338503,0.678701,-1.86053,0.00944659,0.924615,-1.56176,-0.150722,0.727387,-1.99275,0.151993,0.92728,-1.58436,-0.617188,4.32812,0.292969,-4.625,-4.77344,7.67969,2.54688,3.83203,1.44531,3.38672,-1.18359,6.52734,61,775,431,75,0,1,1,0
6.50833,-0.0338503,0.678701,-1.86053,0.00944659,0.924615,-1.56176,-0.150722,0.727387,-1.99275,0.151993,0.92728,-1.58436,-0.617188,4.32812,0.292969,-4.625,-4.77344,7.67969,2.54688,3.83203,1.44531,3.38672,-1.18359,6.52734,61,775,431,75,0,1,1,0
6.51932,-0.0338503,0.678701,-1.86053,0.00944659,0.924615,-1.56176,-0.150722,0.727387,-1.99275,0.151993,0.92728,-1.58436,-0.617188,4.32812,0.292969,-4.625,-4.77344,7.67969,2.54688,3.83203,1.44531,3.38672,-1.18359,6.52734,61,775,431,75,0,1,1,0
6.52951,-0.0338503,0.678701,-1.86053,0.00944659,0.924615,-1.56176,-0.150722,0.727387,-1.99275,0.151993,0.92728,-1.58436,-0.617188,4.32812,0.292969,-4.625,-4.77344,7.67969,2.54688,3.83203,1.44531,3.38672,-1.18359,6.52734,61,775,431,75,0,1,1,0
6.53978,-0.0389369,0.526345,-1.52587,0.0494735,0.987108,-1.50007,-0.145453,0.590472,-1.67406,0.194261,1.03034,-1.58396,2.14844,2.79297,1.48047,-4.27734,-5.41406,7.67969,3.01562,2.39844,4.52344,3.58594,-3.68359,7.78906,60,890,742,187,0,1,1,0
6.56413,-0.0389369,0.526345,-1.52587,0.0494735,0.987108,-1.50007,-0.145453,0.590472,-1.67406,0.194261,1.03034,-1.58396,2.14844,2.79297,1.48047,-4.27734,-5.41406,7.67969,3.01562,2.39844,4.52344,3.58594,-3.68359,7.78906,60,890,742,187,0,1,1,0
6.57443,0.0144121,0.610819,-1.51703,0.0478385,1.15357,-1.82311,-0.107667,0.65024,-1.6016,0.192868,1.191,-1.90284,7.26953,-2.86719,11.2031,0.121094,-0.863281,-0.851562,-3.23828,0.492188,10.9805,-2.59375,0.714844,-0.480469,1073,34,54,910,1,0,0,1
6.58493,0.0144121,0.610819,-1.51703,0.0478385,1.15357,-1.82311,-0.107667,0.65024,-1.6016,0.192868,1.191,-1.90284,7.26953,-2.86719,11.2031,0.121094,-0.863281,-0.851562,-3.23828,0.492188,10.9805,-2.59375,0.714844,-0.480469,1073,34,54,910,1,0,0,1
6.59583,0.0144121,0.610819,-1.51703,0.0478385,1.15357,-1.82311,-0.107667,0.65024,-1.6016,0.192868,1.191,-1.90284,7.26953,-2.86719,11.2031,0.121094,-0.863281,-0.851562,-3.23828,0.492188,10.9805,-2.59375,0.714844,-0.480469,1073,34,54,910,1,0,0,1
6.60596,0.0144121,0.610819,-1.51703,0.0478385,1.15357,-1.82311,-0.107667,0.65024,-1.6016,0.192868,1.191,-1.90284,7.26953,-2.86719,11.2031,0.121094,-0.863281,-0.851562,-3.23828,0.492188,10.9805,-2.59375,0.714844,-0.480469,1073,34,54,910,1,0,0,1
6.61613,0.075936,0.707646,-1.56365,-0.0723633,1.13032,-2.22059,-0.0741194,0.735441,-1.61,0.0895609,1.11034,-2.21357,5.33984,-1.38281,8.19922,-2.05078,-5.85938,7.12109,-5.48828,3.38672,7.45703,0.0976562,-4.32812,7.60547,893,64,74,531,1,0,0,1
6.6264,0.075936,0.707646,-1.56365,-0.0723633,1.13032,-2.22059,-0.0741194,0.735441,-1.61,0.0895609,1.11034,-2.21357,5.33984,-1.38281,8.19922,-2.05078,-5.85938,7.12109,-5.48828,3.38672,7.45703,0.0976562,-4.32812,7.60547,893,64,74,531,1,0,0,1
6.63667,0.075936,0.707646,-1.56365,-0.0723633,1.13032,-2.22059,-0.0741194,0.735441,-1.61,0.0895609,1.11034,-2.21357,5.33984,-1.38281,8.19922,-2.05078,-5.85938,7.12109,-5.48828,3.38672,7.45703,0.0976562,-4.32812,7.60547,893,64,74,531,1,0,0,1
6.64778,0.075936,0.707646,-1.56365,-0.0723633,1.13032,-2.22059,-0.0741194,0.735441,-1.61,0.0895609,1.11034,-2.21357,5.33984,-1.38281,8.19922,-2.05078,-5.85938,7.12109,-5.48828,3.38672,7.45703,0.0976562,-4.32812,7.60547,893,64,74,531,1,0,0,1
6.65793,0.135583,0.753063,-1.57213,-0.140427,0.736107,-1.99573,-0.0655811,0.808168,-1.58448,0.00841715,0.723209,-1.92198,1.67969,-3.46094,4.41406,2.42188,2.49609,2.51953,-6.13281,0.566406,7.53125,0,3.11328,1.33203,634,68,77,453,1,0,0,1
6.66908,0.135583,0.753063,-1.57213,-0.140427,0.736107,-1.99573,-0.0655811,0.808168,-1.58448,0.00841715,0.723209,-1.92198,1.67969,-3.46094,4.41406,2.42188,2.49609,2.51953,-6.13281,0.566406,7.53125,0,3.11328,1.33203,634,68,77,453,1,0,0,1
6.67939,0.135583,0.753063,-1.57213,-0.140427,0.736107,-1.99573,-0.0655811,0.808168,-1.58448,0.00841715,0.723209,-1.92198,1.67969,-3.46094,4.41406,2.42188,2.49609,2.51953,-6.13281,0.566406,7.53125,0,3.11328,1.33203,634,68,77,453,1,0,0,1
6.68966,0.135583,0.753063,-1.57213,-0.140427,0.736107,-1.99573,-0.0655811,0.808168,-1.58448,0.00841715,0.723209,-1.92198,1.67969,-3.46094,4.41406,2.42188,2.49609,2.51953,-6.13281,0.566406,7.53125,0,3.11328,1.33203,634,68,77,453,1,0,0,1
6.70045,0.206493,0.8379,-1.59102,-0.10906,0.530705,-1.61674,-0.0723633,0.879199,-1.55239,0.0201043,0.51278,-1.54932,5.96094,-3.38672,7.26953,2.32422,1.77734,5.30469,-5.66406,-0.863281,8.27344,-0.0234375,1.48047,1.37109,871,237,77,684,1,1,0,1
6.71067,0.206493,0.8379,-1.59102,-0.10906,0.530705,-1.61674,-0.0723633,0.879199,-1.55239,0.0201043,0.51278,-1.54932,5.96094,-3.38672,7.26953,2.32422,1.77734,5.30469,-5.66406,-0.863281,8.27344,-0.0234375,1.48047,1.37109,871,237,77,684,1,1,0,1
6.72101,0.206493,0.8379,-1.59102,-0.10906,0.530705,-1.61674,-0.0723633,0.879199,-1.55239,0.0201043,0.51278,-1.54932,5.96094,-3.38672,7.26953,2.32422,1.77734,5.30469,-5.66406,-0.863281,8.27344,-0.0234375,1.48047,1.37109,871,237,77,684,1,1,0,1
6.73124,0.206493,0.8379,-1.59102,-0.10906,0.530705,-1.61674,-0.0723633,0.879199,-1.55239,0.0201043,0.51278,-1.54932,5.96094,-3.38672,7.26953,2.32422,1.77734,5.30469,-5.66406,-0.863281,8.27344,-0.0234375,1.48047,1.37109,871,237,77,684,1,1,0,1
6.74178,0.212669,1.00316,-1.92222,-0.0177426,0.600646,-1.54512,-0.052259,1.01418,-1.86921,0.0112027,0.526405,-1.44529,-3.83203,1.62891,0.777344,1.70312,-0.617188,11.7227,1.01172,-0.664062,0.777344,0.121094,-4.05469,9.27344,22,1071,1084,61,0,1,1,0
6.75205,0.212669,1.00316,-1.92222,-0.0177426,0.600646,-1.54512,-0.052259,1.01418,-1.86921,0.0112027,0.526405,-1.44529,-3.83203,1.62891,0.777344,1.70312,-0.617188,11.7227,1.01172,-0.664062,0.777344,0.121094,-4.05469,9.27344,22,1071,1084,61,0,1,1,0
6.76241,0.212669,1.00316,-1.92222,-0.0177426,0.600646,-1.54512,-0.052259,1.01418,-1.86921,0.0112027,0.526405,-1.44529,-3.83203,1.62891,0.777344,1.70312,-0.617188,11.7227,1.01172,-0.664062,0.777344,0.121094,-4.05469,9.27344,22,1071,1084,61,0,1,1,0
6.77309,0.153749,1.04851,-2.17312,0.0551051,0.682879,-1.53721,0.0114449,0.927764,-2.13069,0.0196804,0.554805,-1.45433,-0.886719,-3.78125,7.71484,0.171875,1.40625,11.3516,0.0703125,-3.41016,7.75391,0.269531,0.0234375,6.12109,50,852,600,80,0,1,1,0
6.78337,0.153749,1.04851,-2.17312,0.0551051,0.682879,-1.53721,0.0114449,0.927764,-2.13069,0.0196804,0.554805,-1.45433,-0.886719,-3.78125,7.71484,0.171875,1.40625,11.3516,0.0703125,-3.41016,7.75391,0.269531,0.0234375,6.12109,50,852,600,80,0,1,1,0
6.79363,0.153749,1.04851,-2.17312,0.0551051,0.682879,-1.53721,0.0114449,0.927764,-2.13069,0.0196804,0.554805,-1.45433,-0.886719,-3.78125,7.71484,0.171875,1.40625,11.3516,0.0703125,-3.41016,7.75391,0.269531,0.0234375,6.12109,50,852,600,80,0,1,1,0
6.80427,0.153749,1.04851,-2.17312,0.0551051,0.682879,-1.53721,0.0114449,0.927764,-2.13069,0.0196804,0.554805,-1.45433,-0.886719,-3.78125,7.71484,0.171875,1.40625,11.3516,0.0703125,-3.41016,7.75391,0.269531,0.0234375,6.12109,50,852,600,80,0,1,1,0
6.81444,0.0201043,0.807986,-1.84875,0.102762,0.732474,-1.50762,0.105366,0.58799,-1.76433,0.0219815,0.542634,-1.43774,0.0976562,-0.21875,1.07422,-2.02734,-3.14062,8.125,-0.320312,2.74219,0.554688,3.73438,-0.886719,5.63672,57,692,480,83,0,1,1,0
6.82464,0.0201043,0.807986,-1.84875,0.102762,0.732474,-1.50762,0.105366,0.58799,-1.76433,0.0219815,0.542634,-1.43774,0.0976562,-0.21875,1.07422,-2.02734,-3.14062,8.125,-0.320312,2.74219,0.554688,3.73438,-0.886719,5.63672,57,692,480,83,0,1,1,0
6.83481,0.0201043,0.807986,-1.84875,0.102762,0.732474,-1.50762,0.105366,0.58799,-1.76433,0.0219815,0.542634,-1.43774,0.0976562,-0.21875,1.07422,-2.02734,-3.14062,8.125,-0.320312,2.74219,0.554688,3.73438,-0.886719,5.63672,57,692,480,83,0,1,1,0
6.84503,0.0201043,0.807986,-1.84875,0.102762,0.732474,-1.50762,0.105366,0.58799,-1.76433,0.0219815,0.542634,-1.43774,0.0976562,-0.21875,1.07422,-2.02734,-3.14062,8.125,-0.320312,2.74219,0.554688,3.73438,-0.886719,5.63672,57,692,480,83,0,1,1,0
6.85548,0.0194987,0.641096,-1.54613,0.151872,0.794422,-1.46071,0.116568,0.460461,-1.44618,0.0205282,0.562314,-1.42643,-0.0976562,1.50781,3.67188,-7.26953,-5.88672,6.00781,0.0976562,0.246094,0.738281,7,1.21094,8.08594,442,673,707,111,1,1,1,0
6.86662,0.0194987,0.641096,-1.54613,0.151872,0.794422,-1.46071,0.116568,0.460461,-1.44618,0.0205282,0.562314,-1.42643,-0.0976562,1.50781,3.67188,-7.26953,-5.88672,6.00781,0.0976562,0.246094,0.738281,7,1.21094,8.08594,442,673,707,111,1,1,1,0
6.87743,0.0194987,0.641096,-1.54613,0.151872,0.794422,-1.46071,0.116568,0.460461,-1.44618,0.0205282,0.562314,-1.42643,-0.0976562,1.50781,3.67188,-7.26953,-5.88672,6.00781,0.0976562,0.246094,0.738281,7,1.21094,8.08594,442,673,707,111,1,1,1,0
6.888,0.0194987,0.641096,-1.54613,0.151872,0.794422,-1.46071,0.116568,0.460461,-1.44618,0.0205282,0.562314,-1.42643,-0.0976562,1.50781,3.67188,-7.26953,-5.88672,6.00781,0.0976562,0.246094,0.738281,7,1.21094,8.08594,442,673,707,111,1,1,1,0
6.89834,0.0796299,0.672827,-1.55316,0.174399,0.979841,-1.77333,0.113783,0.52259,-1.41021,0.0332447,0.713217,-1.79437,0.8125,-0.246094,9.19922,0.589844,0.292969,-0.589844,-0.292969,-0.441406,7.64062,-0.738281,-0.0976562,1.29688,964,37,57,792,1,0,0,1
6.90861,0.0796299,0.672827,-1.55316,0.174399,0.979841,-1.77333,0.113783,0.52259,-1.41021,0.0332447,0.713217,-1.79437,0.8125,-0.246094,9.19922,0.589844,0.292969,-0.589844,-0.292969,-0.441406,7.64062,-0.738281,-0.0976562,1.29688,964,37,57,792,1,0,0,1
6.9254,0.0796299,0.672827,-1.55316,0.174399,0.979841,-1.77333,0.113783,0.52259,-1.41021,0.0332447,0.713217,-1.79437,0.8125,-0.246094,9.19922,0.589844,0.292969,-0.589844,-0.292969,-0.441406,7.64062,-0.738281,-0.0976562,1.29688,964,37,57,792,1,0,0,1
6.93616,0.137218,0.69717,-1.5708,0.0507451,1.05039,-2.13844,0.086291,0.583327,-1.4201,0.144666,0.842805,-2.11382,4.42578,-1.75391,8.71875,-2.47266,-4.625,7.34375,-0.714844,0,5.04297,-1.16016,-2.05078,7.38281,923,72,77,577,1,0,0,1
6.94676,0.137218,0.69717,-1.5708,0.0507451,1.05039,-2.13844,0.086291,0.583327,-1.4201,0.144666,0.842805,-2.11382,4.42578,-1.75391,8.71875,-2.47266,-4.625,7.34375,-0.714844,0,5.04297,-1.16016,-2.05078,7.38281,923,72,77,577,1,0,0,1
6.95721,0.137218,0.69717,-1.5708,0.0507451,1.05039,-2.13844,0.086291,0.583327,-1.4201,0.144666,0.842805,-2.11382,4.42578,-1.75391,8.71875,-2.47266,-4.625,7.34375,-0.714844,0,5.04297,-1.16016,-2.05078,7.38281,923,72,77,577,1,0,0,1
6.96769,0.137218,0.69717,-1.5708,0.0507451,1.05039,-2.13844,0.086291,0.583327,-1.4201,0.144666,0.842805,-2.11382,4.42578,-1.75391,8.71875,-2.47266,-4.625,7.34375,-0.714844,0,5.04297,-1.16016,-2.05078,7.38281,923,72,77,577,1,0,0,1
6.97794,0.182089,0.707707,-1.56434,-0.125652,0.786489,-1.93134,0.0746038,0.62408,-1.41784,0.157261,0.778132,-1.84818,2.62109,-2.39844,7.45703,2.42188,2.51953,2,-4.10547,-1.50781,4.59766,-1.40625,-0.0703125,1.25781,612,74,81,447,1,0,0,1
6.9881,0.182089,0.707707,-1.56434,-0.125652,0.786489,-1.93134,0.0746038,0.62408,-1.41784,0.157261,0.778132,-1.84818,2.62109,-2.39844,7.45703,2.42188,2.51953,2,-4.10547,-1.50781,4.59766,-1.40625,-0.0703125,1.25781,612,74,81,447,1,0,0,1
6.99828,0.182089,0.707707,-1.56434,-0.125652,0.786489,-1.93134,0.0746038,0.62408,-1.41784,0.157261,0.778132,-1.84818,2.62109,-2.39844,7.45703,2.42188,2.51953,2,-4.10547,-1.50781,4.59766,-1.40625,-0.0703125,1.25781,612,74,81,447,1,0,0,1
7.00853,0.182089,0.707707,-1.56434,-0.125652,0.786489,-1.93134,0.0746038,0.62408,-1.41784,0.157261,0.778132,-1.84818,2.62109,-2.39844,7.45703,2.42188,2.51953,2,-4.10547,-1.50781,4.59766,-1.40625,-0.0703125,1.25781,612,74,81,447,1,0,0,1
7.01917,0.211155,0.723936,-1.56361,-0.159865,0.635283,-1.62485,0.0810226,0.660232,-1.41755,0.130314,0.678943,-1.55788,1.82812,-1.21094,8.53125,3.26172,0,3.44922,-3.26172,-1.21094,5.48828,0,-0.492188,2.29688,820,168,138,657,1,0,0,1
7.02948,0.211155,0.723936,-1.56361,-0.159865,0.635283,-1.62485,0.0810226,0.660232,-1.41755,0.130314,0.678943,-1.55788,1.82812,-1.21094,8.53125,3.26172,0,3.44922,-3.26172,-1.21094,5.48828,0,-0.492188,2.29688,820,168,138,657,1,0,0,1
7.04238,0.211155,0.723936,-1.56361,-0.159865,0.635283,-1.62485,0.0810226,0.660232,-1.41755,0.130314,0.678943,-1.55788,1.82812,-1.21094,8.53125,3.26172,0,3.44922,-3.26172,-1.21094,5.48828,0,-0.492188,2.29688,820,168,138,657,1,0,0,1
7.05319,0.23241,0.879986,-1.90405,-0.127287,0.643276,-1.56236,0.0850799,0.825244,-1.76054,0.133827,0.679186,-1.51339,-1.45703,-0.417969,0.589844,-2.84375,0,9.49609,1.13672,-0.292969,1,2.84375,0.863281,9.53516,23,933,800,62,0,1,1,0
7.06343,0.23241,0.879986,-1.90405,-0.127287,0.643276,-1.56236,0.0850799,0.825244,-1.76054,0.133827,0.679186,-1.51339,-1.45703,-0.417969,0.589844,-2.84375,0,9.49609,1.13672,-0.292969,1,2.84375,0.863281,9.53516,23,933,800,62,0,1,1,0
7.07381,0.23241,0.879986,-1.90405,-0.127287,0.643276,-1.56236,0.0850799,0.825244,-1.76054,0.133827,0.679186,-1.51339,-1.45703,-0.417969,0.589844,-2.84375,0,9.49609,1.13672,-0.292969,1,2.84375,0.863281,9.53516,23,933,800,62,0,1,1,0
7.08403,0.23241,0.879986,-1.90405,-0.127287,0.643276,-1.56236,0.0850799,0.825244,-1.76054,0.133827,0.679186,-1.51339,-1.45703,-0.417969,0.589844,-2.84375,0,9.49609,1.13672,-0.292969,1,2.84375,0.863281,9.53516,23,933,800,62,0,1,1,0
7.09428,0.161379,0.994677,-2.14954,-0.0969487,0.673675,-1.56418,0.0541968,0.919226,-2.05633,0.141336,0.698684,-1.52692,-0.988281,-2.99219,7.86328,-1.97656,2.94141,9.90625,-0.960938,-2.64453,6.86328,4.10547,4.05469,9.3125,58,876,712,82,0,1,1,0
7.10444,0.161379,0.994677,-2.14954,-0.0969487,0.673675,-1.56418,0.0541968,0.919226,-2.05633,0.141336,0.698684,-1.52692,-0.988281,-2.99219,7.86328,-1.97656,2.94141,9.90625,-0.960938,-2.64453,6.86328,4.10547,4.05469,9.3125,58,876,712,82,0,1,1,0
7.11748,0.161379,0.994677,-2.14954,-0.0969487,0.673675,-1.56418,0.0541968,0.919226,-2.05633,0.141336,0.698684,-1.52692,-0.988281,-2.99219,7.86328,-1.97656,2.94141,9.90625,-0.960938,-2.64453,6.86328,4.10547,4.05469,9.3125,58,876,712,82,0,1,1,0
7.12931,0.161379,0.994677,-2.14954,-0.0969487,0.673675,-1.56418,0.0541968,0.919226,-2.05633,0.141336,0.698684,-1.52692,-0.988281,-2.99219,7.86328,-1.97656,2.94141,9.90625,-0.960938,-2.64453,6.86328,4.10547,4.05469,9.3125,58,876,712,82,0,1,1,0
7.13969,0.0108394,0.830149,-1.81637,-0.0804777,0.683848,-1.56224,-0.0163499,0.76917,-1.80212,0.139337,0.699048,-1.5272,-0.0234375,-0.292969,1.18359,-3.80859,0.714844,8.67969,0.246094,0,1.10938,2.81641,1.97656,8.64453,63,685,619,86,0,1,1,0
7.15007,0.0108394,0.830149,-1.81637,-0.0804777,0.683848,-1.56224,-0.0163499,0.76917,-1.80212,0.139337,0.699048,-1.5272,-0.0234375,-0.292969,1.18359,-3.80859,0.714844,8.67969,0.246094,0,1.10938,2.81641,1.97656,8.64453,63,685,619,86,0,1,1,0
7.16024,0.0108394,0.830149,-1.81637,-0.0804777,0.683848,-1.56224,-0.0163499,0.76917,-1.80212,0.139337,0.699048,-1.5272,-0.0234375,-0.292969,1.18359,-3.80859,0.714844,8.67969,0.246094,0,1.10938,2.81641,1.97656,8.64453,63,685,619,86,0,1,1,0
7.17046,0.0108394,0.830149,-1.81637,-0.0804777,0.683848,-1.56224,-0.0163499,0.76917,-1.80212,0.139337,0.699048,-1.5272,-0.0234375,-0.292969,1.18359,-3.80859,0.714844,8.67969,0.246094,0,1.10938,2.81641,1.97656,8.64453,63,685,619,86,0,1,1,0
7.18072,-0.0214365,0.681971,-1.51351,-0.0514112,0.699714,-1.55849,-0.0385736,0.648424,-1.54161,0.145938,0.70589,-1.53083,0.441406,-0.367188,3.52344,-4.12891,-0.246094,8.23438,0.367188,0.246094,3.1875,0.640625,0.34375,8.53125,462,709,778,367,1,1,1,1
7.19091,-0.0214365,0.681971,-1.51351,-0.0514112,0.699714,-1.55849,-0.0385736,0.648424,-1.54161,0.145938,0.70589,-1.53083,0.441406,-0.367188,3.52344,-4.12891,-0.246094,8.23438,0.367188,0.246094,3.1875,0.640625,0.34375,8.53125,462,709,778,367,1,1,1,1
7.20108,-0.0214365,0.681971,-1.51351,-0.0514112,0.699714,-1.55849,-0.0385736,0.648424,-1.54161,0.145938,0.70589,-1.53083,0.441406,-0.367188,3.52344,-4.12891,-0.246094,8.23438,0.367188,0.246094,3.1875,0.640625,0.34375,8.53125,462,709,778,367,1,1,1,1
7.21128,-0.0214365,0.681971,-1.51351,-0.0514112,0.699714,-1.55849,-0.0385736,0.648424,-1.54161,0.145938,0.70589,-1.53083,0.441406,-0.367188,3.52344,-4.12891,-0.246094,8.23438,0.367188,0.246094,3.1875,0.640625,0.34375,8.53125,462,709,778,367,1,1,1,1
7.22163,0,0.694688,-1.50754,-0.0487468,0.834751,-1.85884,-0.0520168,0.65569,-1.51258,0.156959,0.855401,-1.86251,4.64844,-1.50781,8.01172,0.789062,0.195312,0.515625,-3.16406,0.21875,8.42188,-1.82812,0,0.257812,736,48,51,736,1,0,0,1
7.23191,0,0.694688,-1.50754,-0.0487468,0.834751,-1.85884,-0.0520168,0.65569,-1.51258,0.156959,0.855401,-1.86251,4.64844,-1.50781,8.01172,0.789062,0.195312,0.515625,-3.16406,0.21875,8.42188,-1.82812,0,0.257812,736,48,51,736,1,0,0,1
7.24213,0,0.694688,-1.50754,-0.0487468,0.834751,-1.85884,-0.0520168,0.65569,-1.51258,0.156959,0.855401,-1.86251,4.64844,-1.50781,8.01172,0.789062,0.195312,0.515625,-3.16406,0.21875,8.42188,-1.82812,0,0.257812,736,48,51,736,1,0,0,1
7.25238,0.00793271,0.71025,-1.50871,-0.0809016,0.953984,-2.13368,-0.0567401,0.671919,-1.51145,0.137642,0.972635,-2.14179,4.79688,0.21875,8.79297,-0.738281,-2.51953,7.04688,-3.75781,2.34766,8.82812,-1.03516,-2.64453,7.86328,773,75,74,685,1,0,0,1
7.26421,0.00793271,0.71025,-1.50871,-0.0809016,0.953984,-2.13368,-0.0567401,0.671919,-1.51145,0.137642,0.972635,-2.14179,4.79688,0.21875,8.79297,-0.738281,-2.51953,7.04688,-3.75781,2.34766,8.82812,-1.03516,-2.64453,7.86328,773,75,74,685,1,0,0,1
7.28183,0.00793271,0.71025,-1.50871,-0.0809016,0.953984,-2.13368,-0.0567401,0.671919,-1.51145,0.137642,0.972635,-2.14179,4.79688,0.21875,8.79297,-0.738281,-2.51953,7.04688,-3.75781,2.34766,8.82812,-1.03516,-2.64453,7.86328,773,75,74,685,1,0,0,1
7.29195,0.00793271,0.71025,-1.50871,-0.0809016,0.953984,-2.13368,-0.0567401,0.671919,-1.51145,0.137642,0.972635,-2.14179,4.79688,0.21875,8.79297,-0.738281,-2.51953,7.04688,-3.75781,2.34766,8.82812,-1.03516,-2.64453,7.86328,773,75,74,685,1,0,0,1
7.30212,0.0171371,0.709039,-1.50774,-0.100582,0.854432,-1.86651,-0.0563768,0.674886,-1.50875,0.0427519,0.851525,-1.83127,3.01562,0.542969,8.08594,0.640625,-0.441406,0.777344,-4.03125,1.08594,8.27344,0.171875,-0.617188,0.8125,572,80,80,562,1,0,0,1
7.3127,0.0171371,0.709039,-1.50774,-0.100582,0.854432,-1.86651,-0.0563768,0.674886,-1.50875,0.0427519,0.851525,-1.83127,3.01562,0.542969,8.08594,0.640625,-0.441406,0.777344,-4.03125,1.08594,8.27344,0.171875,-0.617188,0.8125,572,80,80,562,1,0,0,1
7.32293,0.0171371,0.709039,-1.50774,-0.100582,0.854432,-1.86651,-0.0563768,0.674886,-1.50875,0.0427519,0.851525,-1.83127,3.01562,0.542969,8.08594,0.640625,-0.441406,0.777344,-4.03125,1.08594,8.27344,0.171875,-0.617188,0.8125,572,80,80,562,1,0,0,1
7.3334,0.0212548,0.71025,-1.50843,-0.0980386,0.739559,-1.58501,-0.0518957,0.67858,-1.50851,0.0103549,0.713278,-1.5322,2.51953,0.589844,8.19922,0.269531,-0.589844,3.30078,-3.60938,0.46875,9.23828,0.320312,0.0976562,3.00391,730,189,400,719,1,0,1,1
7.34759,0.0212548,0.71025,-1.50843,-0.0980386,0.739559,-1.58501,-0.0518957,0.67858,-1.50851,0.0103549,0.713278,-1.5322,2.51953,0.589844,8.19922,0.269531,-0.589844,3.30078,-3.60938,0.46875,9.23828,0.320312,0.0976562,3.00391,730,189,400,719,1,0,1,1
7.35784,0.0212548,0.71025,-1.50843,-0.0980386,0.739559,-1.58501,-0.0518957,0.67858,-1.50851,0.0103549,0.713278,-1.5322,2.51953,0.589844,8.19922,0.269531,-0.589844,3.30078,-3.60938,0.46875,9.23828,0.320312,0.0976562,3.00391,730,189,400,719,1,0,1,1
7.36806,0.0212548,0.71025,-1.50843,-0.0980386,0.739559,-1.58501,-0.0518957,0.67858,-1.50851,0.0103549,0.713278,-1.5322,2.51953,0.589844,8.19922,0.269531,-0.589844,3.30078,-3.60938,0.46875,9.23828,0.320312,0.0976562,3.00391,730,189,400,719,1,0,1,1
7.37828,0.0294903,0.856188,-1.85646,-0.105063,0.716427,-1.54088,-0.0512296,0.827485,-1.85355,0.0279764,0.715095,-1.51016,-0.9375,0.0976562,1.14844,-6.48047,-1.38281,7.49219,1.30859,0.195312,1.10938,5.33984,0.839844,10.1289,33,842,841,59,0,1,1,0
7.38861,0.0294903,0.856188,-1.85646,-0.105063,0.716427,-1.54088,-0.0512296,0.827485,-1.85355,0.0279764,0.715095,-1.51016,-0.9375,0.0976562,1.14844,-6.48047,-1.38281,7.49219,1.30859,0.195312,1.10938,5.33984,0.839844,10.1289,33,842,841,59,0,1,1,0
7.39913,0.0294903,0.856188,-1.85646,-0.105063,0.716427,-1.54088,-0.0512296,0.827485,-1.85355,0.0279764,0.715095,-1.51016,-0.9375,0.0976562,1.14844,-6.48047,-1.38281,7.49219,1.30859,0.195312,1.10938,5.33984,0.839844,10.1289,33,842,841,59,0,1,1,0
7.40968,0.0294903,0.856188,-1.85646,-0.105063,0.716427,-1.54088,-0.0512296,0.827485,-1.85355,0.0279764,0.715095,-1.51016,-0.9375,0.0976562,1.14844,-6.48047,-1.38281,7.49219,1.30859,0.195312,1.10938,5.33984,0.839844,10.1289,33,842,841,59,0,1,1,0
7.4215,0.0469302,0.988077,-2.1126,-0.119778,0.716609,-1.54056,-0.0844743,0.977238,-2.12217,0.0502001,0.723088,-1.51351,0.589844,-2.89062,6.86328,-8.35938,2.05078,9.68359,-0.292969,-2.02734,6.86328,8.38281,4.00391,10.6094,61,796,740,82,0,1,1,0
7.43183,0.0469302,0.988077,-2.1126,-0.119778,0.716609,-1.54056,-0.0844743,0.977238,-2.12217,0.0502001,0.723088,-1.51351,0.589844,-2.89062,6.86328,-8.35938,2.05078,9.68359,-0.292969,-2.02734,6.86328,8.38281,4.00391,10.6094,61,796,740,82,0,1,1,0
7.4422,0.0469302,0.988077,-2.1126,-0.119778,0.716609,-1.54056,-0.0844743,0.977238,-2.12217,0.0502001,0.723088,-1.51351,0.589844,-2.89062,6.86328,-8.35938,2.05078,9.68359,-0.292969,-2.02734,6.86328,8.38281,4.00391,10.6094,61,796,740,82,0,1,1,0
7.45242,0.0460824,0.8815,-1.84677,-0.145514,0.699714,-1.53592,-0.097857,0.902513,-1.85698,0.0718183,0.723693,-1.51271,-0.46875,-0.46875,1.22266,-7.9375,2.27344,9.49609,0.367188,-0.691406,1.22266,8.35938,1.90234,9.60938,65,639,632,88,0,1,1,0
7.46256,0.0460824,0.8815,-1.84677,-0.145514,0.699714,-1.53592,-0.097857,0.902513,-1.85698,0.0718183,0.723693,-1.51271,-0.46875,-0.46875,1.22266,-7.9375,2.27344,9.49609,0.367188,-0.691406,1.22266,8.35938,1.90234,9.60938,65,639,632,88,0,1,1,0
7.47523,0.0460824,0.8815,-1.84677,-0.145514,0.699714,-1.53592,-0.097857,0.902513,-1.85698,0.0718183,0.723693,-1.51271,-0.46875,-0.46875,1.22266,-7.9375,2.27344,9.49609,0.367188,-0.691406,1.22266,8.35938,1.90234,9.60938,65,639,632,88,0,1,1,0
7.48622,0.0460824,0.8815,-1.84677,-0.145514,0.699714,-1.53592,-0.097857,0.902513,-1.85698,0.0718183,0.723693,-1.51271,-0.46875,-0.46875,1.22266,-7.9375,2.27344,9.49609,0.367188,-0.691406,1.22266,8.35938,1.90234,9.60938,65,639,632,88,0,1,1,0
7.5009,0.0440841,0.742405,-1.5425,-0.173975,0.679428,-1.53483,-0.0822338,0.764629,-1.5708,0.0932548,0.742647,-1.51553,-0.195312,-0.839844,1.51953,-6.37891,1.33203,8.79297,-0.195312,0.144531,3.22656,6.57812,1.0625,9.34766,164,705,848,239,0,1,1,1
7.51122,0.0440841,0.742405,-1.5425,-0.173975,0.679428,-1.53483,-0.0822338,0.764629,-1.5708,0.0932548,0.742647,-1.51553,-0.195312,-0.839844,1.51953,-6.37891,1.33203,8.79297,-0.195312,0.144531,3.22656,6.57812,1.0625,9.34766,164,705,848,239,0,1,1,1
7.52148,0.0440841,0.742405,-1.5425,-0.173975,0.679428,-1.53483,-0.0822338,0.764629,-1.5708,0.0932548,0.742647,-1.51553,-0.195312,-0.839844,1.51953,-6.37891,1.33203,8.79297,-0.195312,0.144531,3.22656,6.57812,1.0625,9.34766,164,705,848,239,0,1,1,1
7.53172,0.0440841,0.742405,-1.5425,-0.173975,0.679428,-1.53483,-0.0822338,0.764629,-1.5708,0.0932548,0.742647,-1.51553,-0.195312,-0.839844,1.51953,-6.37891,1.33203,8.79297,-0.195312,0.144531,3.22656,6.57812,1.0625,9.34766,164,705,848,239,0,1,1,1
7.54211,-0.00611606,0.751367,-1.47916,-0.172885,0.826879,-1.85835,-0.0353036,0.707465,-1.51916,0.0931337,0.874778,-1.85101,0.640625,0.960938,8.71875,1.95312,0.738281,0.628906,0.0703125,-1.38281,8.79297,-1.90234,-0.492188,0.8125,619,48,47,821,1,0,0,1
7.55251,-0.00611606,0.751367,-1.47916,-0.172885,0.826879,-1.85835,-0.0353036,0.707465,-1.51916,0.0931337,0.874778,-1.85101,0.640625,0.960938,8.71875,1.95312,0.738281,0.628906,0.0703125,-1.38281,8.79297,-1.90234,-0.492188,0.8125,619,48,47,821,1,0,0,1
7.5631,-0.00611606,0.751367,-1.47916,-0.172885,0.826879,-1.85835,-0.0353036,0.707465,-1.51916,0.0931337,0.874778,-1.85101,0.640625,0.960938,8.71875,1.95312,0.738281,0.628906,0.0703125,-1.38281,8.79297,-1.90234,-0.492188,0.8125,619,48,47,821,1,0,0,1
7.57354,-0.0513507,0.781039,-1.47524,-0.0937392,1.03646,-2.1189,-0.00387549,0.66659,-1.50927,0.0334264,0.921466,-2.10623,1.38281,4.17969,11.7969,0.34375,-2.47266,7.71484,-1.23438,1.75391,9.98047,-1.01172,-2.57031,8.01172,613,74,73,659,1,0,0,1
7.58395,-0.0513507,0.781039,-1.47524,-0.0937392,1.03646,-2.1189,-0.00387549,0.66659,-1.50927,0.0334264,0.921466,-2.10623,1.38281,4.17969,11.7969,0.34375,-2.47266,7.71484,-1.23438,1.75391,9.98047,-1.01172,-2.57031,8.01172,613,74,73,659,1,0,0,1
7.59414,-0.0513507,0.781039,-1.47524,-0.0937392,1.03646,-2.1189,-0.00387549,0.66659,-1.50927,0.0334264,0.921466,-2.10623,1.38281,4.17969,11.7969,0.34375,-2.47266,7.71484,-1.23438,1.75391,9.98047,-1.01172,-2.57031,8.01172,613,74,73,659,1,0,0,1
7.60444,-0.0513507,0.781039,-1.47524,-0.0937392,1.03646,-2.1189,-0.00387549,0.66659,-1.50927,0.0334264,0.921466,-2.10623,1.38281,4.17969,11.7969,0.34375,-2.47266,7.71484,-1.23438,1.75391,9.98047,-1.01172,-2.57031,8.01172,613,74,73,659,1,0,0,1
7.61499,-0.0877443,0.807744,-1.4645,0.0488679,0.961675,-1.80115,0.0388157,0.611485,-1.49389,-0.0674583,0.749914,-1.77144,3.3125,1.77734,11.1289,-0.542969,-1.73047,0.589844,-3.36328,2.27344,11.2422,1.08594,0.171875,0.21875,573,77,78,695,1,0,0,1
7.62541,-0.0877443,0.807744,-1.4645,0.0488679,0.961675,-1.80115,0.0388157,0.611485,-1.49389,-0.0674583,0.749914,-1.77144,3.3125,1.77734,11.1289,-0.542969,-1.73047,0.589844,-3.36328,2.27344,11.2422,1.08594,0.171875,0.21875,573,77,78,695,1,0,0,1
7.636,-0.0877443,0.807744,-1.4645,0.0488679,0.961675,-1.80115,0.0388157,0.611485,-1.49389,-0.0674583,0.749914,-1.77144,3.3125,1.77734,11.1289,-0.542969,-1.73047,0.589844,-3.36328,2.27344,11.2422,1.08594,0.171875,0.21875,573,77,78,695,1,0,0,1
7.64628,-0.0877443,0.807744,-1.4645,0.0488679,0.961675,-1.80115,0.0388157,0.611485,-1.49389,-0.0674583,0.749914,-1.77144,3.3125,1.77734,11.1289,-0.542969,-1.73047,0.589844,-3.36328,2.27344,11.2422,1.08594,0.171875,0.21875,573,77,78,695,1,0,0,1
7.65647,-0.138489,0.835478,-1.42292,0.0610395,0.823064,-1.56579,0.0762994,0.553473,-1.46943,-0.0693961,0.651149,-1.50504,5.76172,-0.121094,9.23828,0.988281,-1.30859,5.11719,-3.90625,2.19922,12.2812,0.0976562,-1.90234,3.22656,538,733,454,740,1,1,1,1
7.66687,-0.138489,0.835478,-1.42292,0.0610395,0.823064,-1.56579,0.0762994,0.553473,-1.46943,-0.0693961,0.651149,-1.50504,5.76172,-0.121094,9.23828,0.988281,-1.30859,5.11719,-3.90625,2.19922,12.2812,0.0976562,-1.90234,3.22656,538,733,454,740,1,1,1,1
7.67699,-0.138489,0.835478,-1.42292,0.0610395,0.823064,-1.56579,0.0762994,0.553473,-1.46943,-0.0693961,0.651149,-1.50504,5.76172,-0.121094,9.23828,0.988281,-1.30859,5.11719,-3.90625,2.19922,12.2812,0.0976562,-1.90234,3.22656,538,733,454,740,1,1,1,1
7.68731,-0.138489,0.835478,-1.42292,0.0610395,0.823064,-1.56579,0.0762994,0.553473,-1.46943,-0.0693961,0.651149,-1.50504,5.76172,-0.121094,9.23828,0.988281,-1.30859,5.11719,-3.90625,2.19922,12.2812,0.0976562,-1.90234,3.22656,538,733,454,740,1,1,1,1
7.69776,-0.119838,1.04724,-1.76538,-0.0219209,0.789941,-1.56862,0.0555896,0.652723,-1.81552,0.0105971,0.72218,-1.52114,0.765625,0.144531,-0.0703125,-5.88672,-1.43359,6.78906,-0.34375,0.0703125,0,4.40234,0.492188,7.19531,38,956,808,56,0,1,1,0
7.70798,-0.119838,1.04724,-1.76538,-0.0219209,0.789941,-1.56862,0.0555896,0.652723,-1.81552,0.0105971,0.72218,-1.52114,0.765625,0.144531,-0.0703125,-5.88672,-1.43359,6.78906,-0.34375,0.0703125,0,4.40234,0.492188,7.19531,38,956,808,56,0,1,1,0
7.7183,-0.119838,1.04724,-1.76538,-0.0219209,0.789941,-1.56862,0.0555896,0.652723,-1.81552,0.0105971,0.72218,-1.52114,0.765625,0.144531,-0.0703125,-5.88672,-1.43359,6.78906,-0.34375,0.0703125,0,4.40234,0.492188,7.19531,38,956,808,56,0,1,1,0
7.7285,-0.119838,1.04724,-1.76538,-0.0219209,0.789941,-1.56862,0.0555896,0.652723,-1.81552,0.0105971,0.72218,-1.52114,0.765625,0.144531,-0.0703125,-5.88672,-1.43359,6.78906,-0.34375,0.0703125,0,4.40234,0.492188,7.19531,38,956,808,56,0,1,1,0
7.73873,0.106516,1.21346,-2.18648,-0.0778738,0.764387,-1.57165,-0.142849,0.856672,-2.17841,0.0630984,0.778254,-1.54149,2.125,-5.48828,7.53125,-3.90625,0.640625,7.49219,0.21875,-0.0976562,7.71484,1.21094,0.367188,5.85938,62,715,578,79,0,1,1,0
7.76138,0.106516,1.21346,-2.18648,-0.0778738,0.764387,-1.57165,-0.142849,0.856672,-2.17841,0.0630984,0.778254,-1.54149,2.125,-5.48828,7.53125,-3.90625,0.640625,7.49219,0.21875,-0.0976562,7.71484,1.21094,0.367188,5.85938,62,715,578,79,0,1,1,0
7.77172,0.106516,1.21346,-2.18648,-0.0778738,0.764387,-1.57165,-0.142849,0.856672,-2.17841,0.0630984,0.778254,-1.54149,2.125,-5.48828,7.53125,-3.90625,0.640625,7.49219,0.21875,-0.0976562,7.71484,1.21094,0.367188,5.85938,62,715,578,79,0,1,1,0
7.78191,0.322819,0.964703,-2.0076,-0.117416,0.734291,-1.56587,-0.221692,0.961372,-1.94576,0.102641,0.800598,-1.54294,-2.59375,1.75391,2.11328,-0.664062,2.47266,8.75391,2.29688,-1.55469,1.37109,-1.33203,-1.62891,5.75,64,519,592,84,0,1,1,0
7.79602,0.322819,0.964703,-2.0076,-0.117416,0.734291,-1.56587,-0.221692,0.961372,-1.94576,0.102641,0.800598,-1.54294,-2.59375,1.75391,2.11328,-0.664062,2.47266,8.75391,2.29688,-1.55469,1.37109,-1.33203,-1.62891,5.75,64,519,592,84,0,1,1,0
7.80678,0.322819,0.964703,-2.0076,-0.117416,0.734291,-1.56587,-0.221692,0.961372,-1.94576,0.102641,0.800598,-1.54294,-2.59375,1.75391,2.11328,-0.664062,2.47266,8.75391,2.29688,-1.55469,1.37109,-1.33203,-1.62891,5.75,64,519,592,84,0,1,1,0
7.81699,0.338684,0.773228,-1.70959,-0.159139,0.70371,-1.56361,-0.165497,0.892339,-1.66369,0.1265,0.822762,-1.55748,-0.269531,0.46875,-2.22266,3.55859,4.375,11.168,2.44531,-3.98047,4.30078,-0.144531,-1.87891,7.60547,63,683,843,370,0,1,1,1
7.82739,0.338684,0.773228,-1.70959,-0.159139,0.70371,-1.56361,-0.165497,0.892339,-1.66369,0.1265,0.822762,-1.55748,-0.269531,0.46875,-2.22266,3.55859,4.375,11.168,2.44531,-3.98047,4.30078,-0.144531,-1.87891,7.60547,63,683,843,370,0,1,1,1
7.83755,0.338684,0.773228,-1.70959,-0.159139,0.70371,-1.56361,-0.165497,0.892339,-1.66369,0.1265,0.822762,-1.55748,-0.269531,0.46875,-2.22266,3.55859,4.375,11.168,2.44531,-3.98047,4.30078,-0.144531,-1.87891,7.60547,63,683,843,370,0,1,1,1
7.84778,0.338684,0.773228,-1.70959,-0.159139,0.70371,-1.56361,-0.165497,0.892339,-1.66369,0.1265,0.822762,-1.55748,-0.269531,0.46875,-2.22266,3.55859,4.375,11.168,2.44531,-3.98047,4.30078,-0.144531,-1.87891,7.60547,63,683,843,370,0,1,1,1
7.85851,0.317127,0.772622,-1.60971,-0.194261,0.851586,-1.90506,-0.143818,0.835539,-1.60572,0.160289,0.973241,-1.88573,2.66797,-0.0234375,9.79297,1.03516,0.886719,0.960938,-1.45703,0.9375,10.2383,-1.82812,-0.121094,0.40625,859,42,46,870,1,0,0,1
7.86887,0.317127,0.772622,-1.60971,-0.194261,0.851586,-1.90506,-0.143818,0.835539,-1.60572,0.160289,0.973241,-1.88573,2.66797,-0.0234375,9.79297,1.03516,0.886719,0.960938,-1.45703,0.9375,10.2383,-1.82812,-0.121094,0.40625,859,42,46,870,1,0,0,1
7.87904,0.317127,0.772622,-1.60971,-0.194261,0.851586,-1.90506,-0.143818,0.835539,-1.60572,0.160289,0.973241,-1.88573,2.66797,-0.0234375,9.79297,1.03516,0.886719,0.960938,-1.45703,0.9375,10.2383,-1.82812,-0.121094,0.40625,859,42,46,870,1,0,0,1
7.88928,0.317127,0.772622,-1.60971,-0.194261,0.851586,-1.90506,-0.143818,0.835539,-1.60572,0.160289,0.973241,-1.88573,2.66797,-0.0234375,9.79297,1.03516,0.886719,0.960938,-1.45703,0.9375,10.2383,-1.82812,-0.121094,0.40625,859,42,46,870,1,0,0,1
7.90021,0.273285,0.794543,-1.6297,-0.0828393,1.05699,-2.151,-0.131223,0.820521,-1.60705,0.132131,1.03386,-2.15976,2.125,2.22266,10.3867,0.320312,-2.57031,6.9375,-2.27344,3.98047,10.5352,-0.46875,-2,7.16016,773,73,74,807,1,0,0,1
7.91062,0.273285,0.794543,-1.6297,-0.0828393,1.05699,-2.151,-0.131223,0.820521,-1.60705,0.132131,1.03386,-2.15976,2.125,2.22266,10.3867,0.320312,-2.57031,6.9375,-2.27344,3.98047,10.5352,-0.46875,-2,7.16016,773,73,74,807,1,0,0,1
7.92092,0.273285,0.794543,-1.6297,-0.0828393,1.05699,-2.151,-0.131223,0.820521,-1.60705,0.132131,1.03386,-2.15976,2.125,2.22266,10.3867,0.320312,-2.57031,6.9375,-2.27344,3.98047,10.5352,-0.46875,-2,7.16016,773,73,74,807,1,0,0,1
7.93128,0.273285,0.794543,-1.6297,-0.0828393,1.05699,-2.151,-0.131223,0.820521,-1.60705,0.132131,1.03386,-2.15976,2.125,2.22266,10.3867,0.320312,-2.57031,6.9375,-2.27344,3.98047,10.5352,-0.46875,-2,7.16016,773,73,74,807,1,0,0,1
7.94162,0.25639,0.799932,-1.6295,0.0664895,0.954166,-1.81875,-0.109423,0.807441,-1.60802,0.0502607,0.856794,-1.85335,2.84375,0.617188,7.82812,-1.0625,-1.13672,0.480469,-1.82812,2.29688,9.57031,0.121094,0.0234375,0.703125,573,78,79,690,1,0,0,1
7.95193,0.25639,0.799932,-1.6295,0.0664895,0.954166,-1.81875,-0.109423,0.807441,-1.60802,0.0502607,0.856794,-1.85335,2.84375,0.617188,7.82812,-1.0625,-1.13672,0.480469,-1.82812,2.29688,9.57031,0.121094,0.0234375,0.703125,573,78,79,690,1,0,0,1
7.96211,0.25639,0.799932,-1.6295,0.0664895,0.954166,-1.81875,-0.109423,0.807441,-1.60802,0.0502607,0.856794,-1.85335,2.84375,0.617188,7.82812,-1.0625,-1.13672,0.480469,-1.82812,2.29688,9.57031,0.121094,0.0234375,0.703125,573,78,79,690,1,0,0,1
7.97228,0.234954,0.806533,-1.6253,0.0894398,0.808894,-1.53362,-0.0964642,0.805322,-1.60754,0.0377258,0.738711,-1.57806,4.30078,-0.492188,7.34375,-0.292969,-1.85156,3.30078,-2.14844,0.988281,10.1641,0.515625,-0.34375,3.15234,514,480,170,791,1,1,0,1
7.9825,0.234954,0.806533,-1.6253,0.0894398,0.808894,-1.53362,-0.0964642,0.805322,-1.60754,0.0377258,0.738711,-1.57806,4.30078,-0.492188,7.34375,-0.292969,-1.85156,3.30078,-2.14844,0.988281,10.1641,0.515625,-0.34375,3.15234,514,480,170,791,1,1,0,1
7.9927,0.234954,0.806533,-1.6253,0.0894398,0.808894,-1.53362,-0.0964642,0.805322,-1.60754,0.0377258,0.738711,-1.57806,4.30078,-0.492188,7.34375,-0.292969,-1.85156,3.30078,-2.14844,0.988281,10.1641,0.515625,-0.34375,3.15234,514,480,170,791,1,1,0,1
8.00288,0.234954,0.806533,-1.6253,0.0894398,0.808894,-1.53362,-0.0964642,0.805322,-1.60754,0.0377258,0.738711,-1.57806,4.30078,-0.492188,7.34375,-0.292969,-1.85156,3.30078,-2.14844,0.988281,10.1641,0.515625,-0.34375,3.15234,514,480,170,791,1,1,0,1
8.0131,0.236468,0.951986,-1.92795,0.0660656,0.810227,-1.51513,-0.0957981,0.945264,-1.92589,0.0585567,0.739498,-1.54633,-1.53125,0.765625,0.332031,-3.36328,-1.10938,7.38281,1.82812,0.121094,0.589844,2.47266,0.46875,9.42188,44,768,800,53,0,1,1,0
8.02319,0.236468,0.951986,-1.92795,0.0660656,0.810227,-1.51513,-0.0957981,0.945264,-1.92589,0.0585567,0.739498,-1.54633,-1.53125,0.765625,0.332031,-3.36328,-1.10938,7.38281,1.82812,0.121094,0.589844,2.47266,0.46875,9.42188,44,768,800,53,0,1,1,0
8.03369,0.236468,0.951986,-1.92795,0.0660656,0.810227,-1.51513,-0.0957981,0.945264,-1.92589,0.0585567,0.739498,-1.54633,-1.53125,0.765625,0.332031,-3.36328,-1.10938,7.38281,1.82812,0.121094,0.589844,2.47266,0.46875,9.42188,44,768,800,53,0,1,1,0
8.0441,0.236468,0.951986,-1.92795,0.0660656,0.810227,-1.51513,-0.0957981,0.945264,-1.92589,0.0585567,0.739498,-1.54633,-1.53125,0.765625,0.332031,-3.36328,-1.10938,7.38281,1.82812,0.121094,0.589844,2.47266,0.46875,9.42188,44,768,800,53,0,1,1,0
8.05424,0.234348,1.07437,-2.18773,0.0543784,0.814102,-1.52143,-0.107122,1.08381,-2.17905,0.0836871,0.764387,-1.54993,-0.246094,-2.86719,7.53125,-4.79688,0.417969,8.30859,0.8125,-2.62109,7.38281,3.55859,3.90625,9.16406,63,842,704,81,0,1,1,0
8.06446,0.234348,1.07437,-2.18773,0.0543784,0.814102,-1.52143,-0.107122,1.08381,-2.17905,0.0836871,0.764387,-1.54993,-0.246094,-2.86719,7.53125,-4.79688,0.417969,8.30859,0.8125,-2.62109,7.38281,3.55859,3.90625,9.16406,63,842,704,81,0,1,1,0
8.07461,0.234348,1.07437,-2.18773,0.0543784,0.814102,-1.52143,-0.107122,1.08381,-2.17905,0.0836871,0.764387,-1.54993,-0.246094,-2.86719,7.53125,-4.79688,0.417969,8.30859,0.8125,-2.62109,7.38281,3.55859,3.90625,9.16406,63,842,704,81,0,1,1,0
8.08499,0.234348,1.07437,-2.18773,0.0543784,0.814102,-1.52143,-0.107122,1.08381,-2.17905,0.0836871,0.764387,-1.54993,-0.246094,-2.86719,7.53125,-4.79688,0.417969,8.30859,0.8125,-2.62109,7.38281,3.55859,3.90625,9.16406,63,842,704,81,0,1,1,0
8.09895,0.155445,0.944538,-1.90389,0.0379075,0.805261,-1.51812,-0.0446291,0.959495,-1.87757,0.0898637,0.765779,-1.54948,-0.46875,-0.292969,1.37109,-3.55859,0.8125,8.42188,-0.171875,-0.589844,0.628906,4.57422,2.76953,8.97656,65,616,549,85,0,1,1,0
8.1099,0.155445,0.944538,-1.90389,0.0379075,0.805261,-1.51812,-0.0446291,0.959495,-1.87757,0.0898637,0.765779,-1.54948,-0.46875,-0.292969,1.37109,-3.55859,0.8125,8.42188,-0.171875,-0.589844,0.628906,4.57422,2.76953,8.97656,65,616,549,85,0,1,1,0
8.1201,0.155445,0.944538,-1.90389,0.0379075,0.805261,-1.51812,-0.0446291,0.959495,-1.87757,0.0898637,0.765779,-1.54948,-0.46875,-0.292969,1.37109,-3.55859,0.8125,8.42188,-0.171875,-0.589844,0.628906,4.57422,2.76953,8.97656,65,616,549,85,0,1,1,0
8.13092,0.155445,0.944538,-1.90389,0.0379075,0.805261,-1.51812,-0.0446291,0.959495,-1.87757,0.0898637,0.765779,-1.54948,-0.46875,-0.292969,1.37109,-3.55859,0.8125,8.42188,-0.171875,-0.589844,0.628906,4.57422,2.76953,8.97656,65,616,549,85,0,1,1,0
8.14121,0.117295,0.796481,-1.58824,0.0320336,0.802778,-1.51565,-0.0158049,0.813618,-1.59668,0.0914381,0.774439,-1.5494,-0.246094,-0.46875,1.92578,-3.14062,0.765625,8.86719,0.046875,-1.80469,3.74609,3.11328,1.38281,9.27344,137,714,715,487,0,1,1,1
8.15147,0.117295,0.796481,-1.58824,0.0320336,0.802778,-1.51565,-0.0158049,0.813618,-1.59668,0.0914381,0.774439,-1.5494,-0.246094,-0.46875,1.92578,-3.14062,0.765625,8.86719,0.046875,-1.80469,3.74609,3.11328,1.38281,9.27344,137,714,715,487,0,1,1,1
8.16168,0.117295,0.796481,-1.58824,0.0320336,0.802778,-1.51565,-0.0158049,0.813618,-1.59668,0.0914381,0.774439,-1.5494,-0.246094,-0.46875,1.92578,-3.14062,0.765625,8.86719,0.046875,-1.80469,3.74609,3.11328,1.38281,9.27344,137,714,715,487,0,1,1,1
8.17228,0.118809,0.794603,-1.55606,0.028037,0.947384,-1.84322,-0.017016,0.803202,-1.55715,0.091862,0.918681,-1.88092,4.12891,-0.9375,8.86719,1.10938,0.367188,0.554688,-2.89062,0.0976562,9.34766,-1.73047,-0.195312,0.441406,741,47,52,797,1,0,0,1
8.18467,0.118809,0.794603,-1.55606,0.028037,0.947384,-1.84322,-0.017016,0.803202,-1.55715,0.091862,0.918681,-1.88092,4.12891,-0.9375,8.86719,1.10938,0.367188,0.554688,-2.89062,0.0976562,9.34766,-1.73047,-0.195312,0.441406,741,47,52,797,1,0,0,1
8.19483,0.118809,0.794603,-1.55606,0.028037,0.947384,-1.84322,-0.017016,0.803202,-1.55715,0.091862,0.918681,-1.88092,4.12891,-0.9375,8.86719,1.10938,0.367188,0.554688,-2.89062,0.0976562,9.34766,-1.73047,-0.195312,0.441406,741,47,52,797,1,0,0,1
8.20497,0.118809,0.794603,-1.55606,0.028037,0.947384,-1.84322,-0.017016,0.803202,-1.55715,0.091862,0.918681,-1.88092,4.12891,-0.9375,8.86719,1.10938,0.367188,0.554688,-2.89062,0.0976562,9.34766,-1.73047,-0.195312,0.441406,741,47,52,797,1,0,0,1
8.21521,0.11778,0.808894,-1.55586,0.0140488,1.07364,-2.11612,-0.0155021,0.807138,-1.55485,0.0856854,1.03604,-2.147,3.92969,0.9375,9.68359,-1.08594,-3.23828,7.16016,-3.73438,2.74219,9.68359,-0.046875,-3.01562,7.45703,770,74,76,633,1,0,0,1
8.22544,0.11778,0.808894,-1.55586,0.0140488,1.07364,-2.11612,-0.0155021,0.807138,-1.55485,0.0856854,1.03604,-2.147,3.92969,0.9375,9.68359,-1.08594,-3.23828,7.16016,-3.73438,2.74219,9.68359,-0.046875,-3.01562,7.45703,770,74,76,633,1,0,0,1
8.23599,0.11778,0.808894,-1.55586,0.0140488,1.07364,-2.11612,-0.0155021,0.807138,-1.55485,0.0856854,1.03604,-2.147,3.92969,0.9375,9.68359,-1.08594,-3.23828,7.16016,-3.73438,2.74219,9.68359,-0.046875,-3.01562,7.45703,770,74,76,633,1,0,0,1
8.24621,0.11778,0.808894,-1.55586,0.0140488,1.07364,-2.11612,-0.0155021,0.807138,-1.55485,0.0856854,1.03604,-2.147,3.92969,0.9375,9.68359,-1.08594,-3.23828,7.16016,-3.73438,2.74219,9.68359,-0.046875,-3.01562,7.45703,770,74,76,633,1,0,0,1
8.25643,0.116205,0.812407,-1.55283,-0.0104155,0.934788,-1.85173,-0.00787216,0.801628,-1.54266,0.0469302,0.914684,-1.85815,2.79297,1.30859,9.08984,0.738281,0.0234375,1,-3.36328,1.28516,9.34766,0,-0.0703125,0.960938,572,78,80,592,1,0,0,1
8.26657,0.116205,0.812407,-1.55283,-0.0104155,0.934788,-1.85173,-0.00787216,0.801628,-1.54266,0.0469302,0.914684,-1.85815,2.79297,1.30859,9.08984,0.738281,0.0234375,1,-3.36328,1.28516,9.34766,0,-0.0703125,0.960938,572,78,80,592,1,0,0,1
8.2805,0.116205,0.812407,-1.55283,-0.0104155,0.934788,-1.85173,-0.00787216,0.801628,-1.54266,0.0469302,0.914684,-1.85815,2.79297,1.30859,9.08984,0.738281,0.0234375,1,-3.36328,1.28516,9.34766,0,-0.0703125,0.960938,572,78,80,592,1,0,0,1
8.29128,0.116205,0.812407,-1.55283,-0.0104155,0.934788,-1.85173,-0.00787216,0.801628,-1.54266,0.0469302,0.914684,-1.85815,2.79297,1.30859,9.08984,0.738281,0.0234375,1,-3.36328,1.28516,9.34766,0,-0.0703125,0.960938,572,78,80,592,1,0,0,1
8.30152,0.11239,0.823973,-1.55223,-0.0225265,0.807683,-1.58008,-0.00072664,0.803505,-1.53907,0.0408747,0.797147,-1.5819,2.89062,0.765625,9.49609,0.441406,-0.320312,3.52344,-2.69531,0.492188,10.4609,-0.144531,-0.121094,3.1875,739,211,254,779,1,1,1,1
8.31199,0.11239,0.823973,-1.55223,-0.0225265,0.807683,-1.58008,-0.00072664,0.803505,-1.53907,0.0408747,0.797147,-1.5819,2.89062,0.765625,9.49609,0.441406,-0.320312,3.52344,-2.69531,0.492188,10.4609,-0.144531,-0.121094,3.1875,739,211,254,779,1,1,1,1
8.32262,0.11239,0.823973,-1.55223,-0.0225265,0.807683,-1.58008,-0.00072664,0.803505,-1.53907,0.0408747,0.797147,-1.5819,2.89062,0.765625,9.49609,0.441406,-0.320312,3.52344,-2.69531,0.492188,10.4609,-0.144531,-0.121094,3.1875,739,211,254,779,1,1,1,1
8.33278,0.115357,0.97536,-1.8898,-0.0320942,0.807926,-1.53802,-0.00272501,0.962765,-1.87721,0.0551657,0.81168,-1.55344,-1.25781,-0.292969,0.777344,-4.375,0.320312,7.60547,1.60547,0.144531,0.664062,3.1875,0.765625,10.4258,33,820,939,55,0,1,1,0
8.34348,0.115357,0.97536,-1.8898,-0.0320942,0.807926,-1.53802,-0.00272501,0.962765,-1.87721,0.0551657,0.81168,-1.55344,-1.25781,-0.292969,0.777344,-4.375,0.320312,7.60547,1.60547,0.144531,0.664062,3.1875,0.765625,10.4258,33,820,939,55,0,1,1,0
8.35496,0.115357,0.97536,-1.8898,-0.0320942,0.807926,-1.53802,-0.00272501,0.962765,-1.87721,0.0551657,0.81168,-1.55344,-1.25781,-0.292969,0.777344,-4.375,0.320312,7.60547,1.60547,0.144531,0.664062,3.1875,0.765625,10.4258,33,820,939,55,0,1,1,0
8.36565,0.115357,0.97536,-1.8898,-0.0320942,0.807926,-1.53802,-0.00272501,0.962765,-1.87721,0.0551657,0.81168,-1.55344,-1.25781,-0.292969,0.777344,-4.375,0.320312,7.60547,1.60547,0.144531,0.664062,3.1875,0.765625,10.4258,33,820,939,55,0,1,1,0
8.37581,0.112209,1.08496,-2.14357,-0.030217,0.821611,-1.53878,-0.0299748,1.07776,-2.14014,0.0668528,0.831482,-1.55687,0.121094,-2.74219,6.26953,-3.92969,4.05469,9.23828,-0.21875,-2.47266,6.45312,3.3125,4.89453,10.4258,60,708,738,80,0,1,1,0
8.38818,0.112209,1.08496,-2.14357,-0.030217,0.821611,-1.53878,-0.0299748,1.07776,-2.14014,0.0668528,0.831482,-1.55687,0.121094,-2.74219,6.26953,-3.92969,4.05469,9.23828,-0.21875,-2.47266,6.45312,3.3125,4.89453,10.4258,60,708,738,80,0,1,1,0
8.39973,0.112209,1.08496,-2.14357,-0.030217,0.821611,-1.53878,-0.0299748,1.07776,-2.14014,0.0668528,0.831482,-1.55687,0.121094,-2.74219,6.26953,-3.92969,4.05469,9.23828,-0.21875,-2.47266,6.45312,3.3125,4.89453,10.4258,60,708,738,80,0,1,1,0
8.41028,0.112209,1.08496,-2.14357,-0.030217,0.821611,-1.53878,-0.0299748,1.07776,-2.14014,0.0668528,0.831482,-1.55687,0.121094,-2.74219,6.26953,-3.92969,4.05469,9.23828,-0.21875,-2.47266,6.45312,3.3125,4.89453,10.4258,60,708,738,80,0,1,1,0
8.42056,0.080296,0.939754,-1.86308,-0.0356064,0.830331,-1.53378,-0.0376047,0.943145,-1.85904,0.0690933,0.845106,-1.55635,-1.01172,-0.269531,0.777344,-3.83203,2.59375,8.23438,0.394531,0.269531,1.07422,3.1875,2.84375,10.3516,65,535,616,85,0,1,1,0
8.43088,0.080296,0.939754,-1.86308,-0.0356064,0.830331,-1.53378,-0.0376047,0.943145,-1.85904,0.0690933,0.845106,-1.55635,-1.01172,-0.269531,0.777344,-3.83203,2.59375,8.23438,0.394531,0.269531,1.07422,3.1875,2.84375,10.3516,65,535,616,85,0,1,1,0
8.4411,0.080296,0.939754,-1.86308,-0.0356064,0.830331,-1.53378,-0.0376047,0.943145,-1.85904,0.0690933,0.845106,-1.55635,-1.01172,-0.269531,0.777344,-3.83203,2.59375,8.23438,0.394531,0.269531,1.07422,3.1875,2.84375,10.3516,65,535,616,85,0,1,1,0
8.4513,0.080296,0.939754,-1.86308,-0.0356064,0.830331,-1.53378,-0.0376047,0.943145,-1.85904,0.0690933,0.845106,-1.55635,-1.01172,-0.269531,0.777344,-3.83203,2.59375,8.23438,0.394531,0.269531,1.07422,3.1875,2.84375,10.3516,65,535,616,85,0,1,1,0
8.4619,0.0710916,0.818826,-1.58125,-0.0371203,0.852252,-1.53156,-0.034153,0.833601,-1.60871,0.0661261,0.869873,-1.55635,-0.0976562,-0.492188,3.15234,-3.55859,2.25,8.79297,0.886719,-1.95312,4.52344,2.59375,1.48047,11.0195,161,672,880,538,0,1,1,1
8.47258,0.0710916,0.818826,-1.58125,-0.0371203,0.852252,-1.53156,-0.034153,0.833601,-1.60871,0.0661261,0.869873,-1.55635,-0.0976562,-0.492188,3.15234,-3.55859,2.25,8.79297,0.886719,-1.95312,4.52344,2.59375,1.48047,11.0195,161,672,880,538,0,1,1,1
8.48308,0.0710916,0.818826,-1.58125,-0.0371203,0.852252,-1.53156,-0.034153,0.833601,-1.60871,0.0661261,0.869873,-1.55635,-0.0976562,-0.492188,3.15234,-3.55859,2.25,8.79297,0.886719,-1.95312,4.52344,2.59375,1.48047,11.0195,161,672,880,538,0,1,1,1
8.49337,0.0741799,0.840868,-1.54767,-0.0380891,0.996979,-1.85476,-0.0417224,0.849466,-1.55994,0.0693961,1.01878,-1.88395,4.17969,0.886719,8.34766,1.28516,-0.246094,0.664062,-2.81641,1.38281,10.4609,-1.48047,-0.367188,0.0703125,681,53,43,942,1,0,0,1
8.50369,0.0741799,0.840868,-1.54767,-0.0380891,0.996979,-1.85476,-0.0417224,0.849466,-1.55994,0.0693961,1.01878,-1.88395,4.17969,0.886719,8.34766,1.28516,-0.246094,0.664062,-2.81641,1.38281,10.4609,-1.48047,-0.367188,0.0703125,681,53,43,942,1,0,0,1
8.51395,0.0741799,0.840868,-1.54767,-0.0380891,0.996979,-1.85476,-0.0417224,0.849466,-1.55994,0.0693961,1.01878,-1.88395,4.17969,0.886719,8.34766,1.28516,-0.246094,0.664062,-2.81641,1.38281,10.4609,-1.48047,-0.367188,0.0703125,681,53,43,942,1,0,0,1
8.52426,0.0741799,0.840868,-1.54767,-0.0380891,0.996979,-1.85476,-0.0417224,0.849466,-1.55994,0.0693961,1.01878,-1.88395,4.17969,0.886719,8.34766,1.28516,-0.246094,0.664062,-2.81641,1.38281,10.4609,-1.48047,-0.367188,0.0703125,681,53,43,942,1,0,0,1
8.53446,0.0730294,0.877503,-1.54734,-0.0403902,1.07588,-2.12968,-0.048444,0.884709,-1.5601,0.075936,1.08684,-2.15737,3.41016,3.58594,9.94141,-0.988281,-2.62109,7.64062,-3.41016,4.55078,10.3867,0.691406,-3.21484,7.86328,644,78,73,670,1,0,0,1
8.54473,0.0730294,0.877503,-1.54734,-0.0403902,1.07588,-2.12968,-0.048444,0.884709,-1.5601,0.075936,1.08684,-2.15737,3.41016,3.58594,9.94141,-0.988281,-2.62109,7.64062,-3.41016,4.55078,10.3867,0.691406,-3.21484,7.86328,644,78,73,670,1,0,0,1
8.55503,0.0730294,0.877503,-1.54734,-0.0403902,1.07588,-2.12968,-0.048444,0.884709,-1.5601,0.075936,1.08684,-2.15737,3.41016,3.58594,9.94141,-0.988281,-2.62109,7.64062,-3.41016,4.55078,10.3867,0.691406,-3.21484,7.86328,644,78,73,670,1,0,0,1
8.56532,0.0730294,0.877503,-1.54734,-0.0403902,1.07588,-2.12968,-0.048444,0.884709,-1.5601,0.075936,1.08684,-2.15737,3.41016,3.58594,9.94141,-0.988281,-2.62109,7.64062,-3.41016,4.55078,10.3867,0.691406,-3.21484,7.86328,644,78,73,670,1,0,0,1
8.57558,0.0743616,0.912141,-1.54238,-0.0417224,0.888222,-1.85593,-0.0458402,0.919286,-1.55647,0.0493524,0.892158,-1.86889,2.99219,1.33203,8.53125,0.714844,1.33203,0.777344,-3.21484,1.16016,9.64453,-0.492188,0.0234375,1.22266,464,78,77,589,1,0,0,1
8.59759,0.0743616,0.912141,-1.54238,-0.0417224,0.888222,-1.85593,-0.0458402,0.919286,-1.55647,0.0493524,0.892158,-1.86889,2.99219,1.33203,8.53125,0.714844,1.33203,0.777344,-3.21484,1.16016,9.64453,-0.492188,0.0234375,1.22266,464,78,77,589,1,0,0,1
8.60961,0.0743616,0.912141,-1.54238,-0.0417224,0.888222,-1.85593,-0.0458402,0.919286,-1.55647,0.0493524,0.892158,-1.86889,2.99219,1.33203,8.53125,0.714844,1.33203,0.777344,-3.21484,1.16016,9.64453,-0.492188,0.0234375,1.22266,464,78,77,589,1,0,0,1
8.62123,0.0715761,0.959434,-1.54113,-0.0423885,0.778496,-1.58485,-0.0451135,0.964158,-1.55477,0.0391186,0.782492,-1.61133,3.38672,0.394531,9.60938,-0.0976562,-0.195312,3.33594,-2.71875,0.246094,10.9062,-0.417969,-0.863281,4.52344,651,214,484,848,1,1,1,1
8.63188,0.0715761,0.959434,-1.54113,-0.0423885,0.778496,-1.58485,-0.0451135,0.964158,-1.55477,0.0391186,0.782492,-1.61133,3.38672,0.394531,9.60938,-0.0976562,-0.195312,3.33594,-2.71875,0.246094,10.9062,-0.417969,-0.863281,4.52344,651,214,484,848,1,1,1,1
8.64204,0.0715761,0.959434,-1.54113,-0.0423885,0.778496,-1.58485,-0.0451135,0.964158,-1.55477,0.0391186,0.782492,-1.61133,3.38672,0.394531,9.60938,-0.0976562,-0.195312,3.33594,-2.71875,0.246094,10.9062,-0.417969,-0.863281,4.52344,651,214,484,848,1,1,1,1
8.65222,0.0713339,1.121,-1.88718,-0.0502001,0.831421,-1.55816,-0.0509268,1.12808,-1.89747,0.0480202,0.836205,-1.57831,-1.45703,-1.38281,0.589844,-4.27734,1.43359,9.53516,1.21094,-0.738281,0.738281,3.08984,2.22266,11.5742,39,803,962,51,0,1,1,0
8.66423,0.0713339,1.121,-1.88718,-0.0502001,0.831421,-1.55816,-0.0509268,1.12808,-1.89747,0.0480202,0.836205,-1.57831,-1.45703,-1.38281,0.589844,-4.27734,1.43359,9.53516,1.21094,-0.738281,0.738281,3.08984,2.22266,11.5742,39,803,962,51,0,1,1,0
8.67565,0.0713339,1.121,-1.88718,-0.0502001,0.831421,-1.55816,-0.0509268,1.12808,-1.89747,0.0480202,0.836205,-1.57831,-1.45703,-1.38281,0.589844,-4.27734,1.43359,9.53516,1.21094,-0.738281,0.738281,3.08984,2.22266,11.5742,39,803,962,51,0,1,1,0
8.68596,0.0713339,1.121,-1.88718,-0.0502001,0.831421,-1.55816,-0.0509268,1.12808,-1.89747,0.0480202,0.836205,-1.57831,-1.45703,-1.38281,0.589844,-4.27734,1.43359,9.53516,1.21094,-0.738281,0.738281,3.08984,2.22266,11.5742,39,803,962,51,0,1,1,0
8.69614,0.0594651,1.1385,-2.16807,-0.0534096,0.885254,-1.55723,-0.0732111,1.14552,-2.19036,0.0566795,0.89567,-1.57827,0.46875,-4.87109,7.9375,-3.73438,4.44922,10.6484,-0.839844,-4.69922,7.01172,3.55859,5.53906,11.3516,64,645,601,77,0,1,1,0
8.70635,0.0594651,1.1385,-2.16807,-0.0534096,0.885254,-1.55723,-0.0732111,1.14552,-2.19036,0.0566795,0.89567,-1.57827,0.46875,-4.87109,7.9375,-3.73438,4.44922,10.6484,-0.839844,-4.69922,7.01172,3.55859,5.53906,11.3516,64,645,601,77,0,1,1,0
8.71675,0.0594651,1.1385,-2.16807,-0.0534096,0.885254,-1.55723,-0.0732111,1.14552,-2.19036,0.0566795,0.89567,-1.57827,0.46875,-4.87109,7.9375,-3.73438,4.44922,10.6484,-0.839844,-4.69922,7.01172,3.55859,5.53906,11.3516,64,645,601,77,0,1,1,0
8.72739,0.0594651,1.1385,-2.16807,-0.0534096,0.885254,-1.55723,-0.0732111,1.14552,-2.19036,0.0566795,0.89567,-1.57827,0.46875,-4.87109,7.9375,-3.73438,4.44922,10.6484,-0.839844,-4.69922,7.01172,3.55859,5.53906,11.3516,64,645,601,77,0,1,1,0
8.73866,0.0297325,0.844319,-1.88855,-0.0557107,0.931155,-1.53523,-0.0782371,0.856794,-1.91564,0.0529857,0.941268,-1.56345,-1.77734,3.41016,1.10938,-3.28906,0.839844,8.16016,0.914062,2.64453,0.664062,3.60938,0.441406,9.71875,63,543,541,80,0,1,1,0
8.7489,0.0297325,0.844319,-1.88855,-0.0557107,0.931155,-1.53523,-0.0782371,0.856794,-1.91564,0.0529857,0.941268,-1.56345,-1.77734,3.41016,1.10938,-3.28906,0.839844,8.16016,0.914062,2.64453,0.664062,3.60938,0.441406,9.71875,63,543,541,80,0,1,1,0
8.76322,0.0297325,0.844319,-1.88855,-0.0557107,0.931155,-1.53523,-0.0782371,0.856794,-1.91564,0.0529857,0.941268,-1.56345,-1.77734,3.41016,1.10938,-3.28906,0.839844,8.16016,0.914062,2.64453,0.664062,3.60938,0.441406,9.71875,63,543,541,80,0,1,1,0
8.7761,0.0297325,0.844319,-1.88855,-0.0557107,0.931155,-1.53523,-0.0782371,0.856794,-1.91564,0.0529857,0.941268,-1.56345,-1.77734,3.41016,1.10938,-3.28906,0.839844,8.16016,0.914062,2.64453,0.664062,3.60938,0.441406,9.71875,63,543,541,80,0,1,1,0
8.78648,0.0261598,0.713278,-1.59381,-0.0557712,0.991226,-1.51856,-0.0798721,0.740588,-1.6389,0.0564979,1.00691,-1.55711,-0.292969,0.566406,3.59766,-4.42578,-0.0976562,8.90234,0.566406,0.46875,4.41406,2.94141,-0.691406,11.5742,260,642,809,310,1,1,1,1
8.79667,0.0261598,0.713278,-1.59381,-0.0557712,0.991226,-1.51856,-0.0798721,0.740588,-1.6389,0.0564979,1.00691,-1.55711,-0.292969,0.566406,3.59766,-4.42578,-0.0976562,8.90234,0.566406,0.46875,4.41406,2.94141,-0.691406,11.5742,260,642,809,310,1,1,1,1
8.80689,0.0261598,0.713278,-1.59381,-0.0557712,0.991226,-1.51856,-0.0798721,0.740588,-1.6389,0.0564979,1.00691,-1.55711,-0.292969,0.566406,3.59766,-4.42578,-0.0976562,8.90234,0.566406,0.46875,4.41406,2.94141,-0.691406,11.5742,260,642,809,310,1,1,1,1
8.8211,0.00993103,0.792,-1.56511,-0.0491707,1.16102,-1.84636,-0.0713944,0.799024,-1.59813,0.0617056,1.16871,-1.88354,1.55469,2.32422,11.5391,1.35938,-0.417969,0.144531,-0.492188,-0.171875,8.75391,-1.43359,-0.839844,-0.109375,880,52,48,919,1,0,0,1
8.83178,0.00993103,0.792,-1.56511,-0.0491707,1.16102,-1.84636,-0.0713944,0.799024,-1.59813,0.0617056,1.16871,-1.88354,1.55469,2.32422,11.5391,1.35938,-0.417969,0.144531,-0.492188,-0.171875,8.75391,-1.43359,-0.839844,-0.109375,880,52,48,919,1,0,0,1
8.84229,0.00993103,0.792,-1.56511,-0.0491707,1.16102,-1.84636,-0.0713944,0.799024,-1.59813,0.0617056,1.16871,-1.88354,1.55469,2.32422,11.5391,1.35938,-0.417969,0.144531,-0.492188,-0.171875,8.75391,-1.43359,-0.839844,-0.109375,880,52,48,919,1,0,0,1
8.85246,-0.00859882,0.874415,-1.56587,-0.0397847,1.15775,-2.17405,-0.0545601,0.861214,-1.60871,0.0393608,1.12021,-2.20392,0.144531,4.03125,11.9844,-0.765625,-5.29297,7.71484,-0.320312,1.01172,5.85938,0.246094,-6.50391,8.60547,749,73,73,593,1,0,0,1
8.86259,-0.00859882,0.874415,-1.56587,-0.0397847,1.15775,-2.17405,-0.0545601,0.861214,-1.60871,0.0393608,1.12021,-2.20392,0.144531,4.03125,11.9844,-0.765625,-5.29297,7.71484,-0.320312,1.01172,5.85938,0.246094,-6.50391,8.60547,749,73,73,593,1,0,0,1
8.87285,-0.00859882,0.874415,-1.56587,-0.0397847,1.15775,-2.17405,-0.0545601,0.861214,-1.60871,0.0393608,1.12021,-2.20392,0.144531,4.03125,11.9844,-0.765625,-5.29297,7.71484,-0.320312,1.01172,5.85938,0.246094,-6.50391,8.60547,749,73,73,593,1,0,0,1
8.88351,-0.00859882,0.874415,-1.56587,-0.0397847,1.15775,-2.17405,-0.0545601,0.861214,-1.60871,0.0393608,1.12021,-2.20392,0.144531,4.03125,11.9844,-0.765625,-5.29297,7.71484,-0.320312,1.01172,5.85938,0.246094,-6.50391,8.60547,749,73,73,593,1,0,0,1
8.89392,-0.00896215,0.927401,-1.54924,-0.0353036,0.78443,-1.90002,-0.0308831,0.898213,-1.59534,-0.0141093,0.70692,-1.88028,0.8125,-2.59375,7.97656,1.62891,1.67969,0.8125,-2.69531,-2.79297,4.93359,-0.691406,3.83203,0.925781,593,74,76,469,1,0,0,1
8.90616,-0.00896215,0.927401,-1.54924,-0.0353036,0.78443,-1.90002,-0.0308831,0.898213,-1.59534,-0.0141093,0.70692,-1.88028,0.8125,-2.59375,7.97656,1.62891,1.67969,0.8125,-2.69531,-2.79297,4.93359,-0.691406,3.83203,0.925781,593,74,76,469,1,0,0,1
8.91664,-0.00896215,0.927401,-1.54924,-0.0353036,0.78443,-1.90002,-0.0308831,0.898213,-1.59534,-0.0141093,0.70692,-1.88028,0.8125,-2.59375,7.97656,1.62891,1.67969,0.8125,-2.69531,-2.79297,4.93359,-0.691406,3.83203,0.925781,593,74,76,469,1,0,0,1
8.92692,-0.00896215,0.927401,-1.54924,-0.0353036,0.78443,-1.90002,-0.0308831,0.898213,-1.59534,-0.0141093,0.70692,-1.88028,0.8125,-2.59375,7.97656,1.62891,1.67969,0.8125,-2.69531,-2.79297,4.93359,-0.691406,3.83203,0.925781,593,74,76,469,1,0,0,1
8.93755,-0.00847771,1.01091,-1.54105,-0.0439024,0.64473,-1.63769,-0.0134432,0.953258,-1.58537,-0.0176821,0.559408,-1.57229,5.51562,-5.5625,8.16016,0.839844,0.121094,4.96875,-5.01953,-1.33203,7.56641,0.21875,1.70312,4.44922,791,622,252,700,1,1,1,1
8.94794,-0.00847771,1.01091,-1.54105,-0.0439024,0.64473,-1.63769,-0.0134432,0.953258,-1.58537,-0.0176821,0.559408,-1.57229,5.51562,-5.5625,8.16016,0.839844,0.121094,4.96875,-5.01953,-1.33203,7.56641,0.21875,1.70312,4.44922,791,622,252,700,1,1,1,1
8.95815,-0.00847771,1.01091,-1.54105,-0.0439024,0.64473,-1.63769,-0.0134432,0.953258,-1.58537,-0.0176821,0.559408,-1.57229,5.51562,-5.5625,8.16016,0.839844,0.121094,4.96875,-5.01953,-1.33203,7.56641,0.21875,1.70312,4.44922,791,622,252,700,1,1,1,1
8.96868,-0.00847771,1.01091,-1.54105,-0.0439024,0.64473,-1.63769,-0.0134432,0.953258,-1.58537,-0.0176821,0.559408,-1.57229,5.51562,-5.5625,8.16016,0.839844,0.121094,4.96875,-5.01953,-1.33203,7.56641,0.21875,1.70312,4.44922,791,622,252,700,1,1,1,1
8.97883,-0.00980992,1.18319,-1.87083,-0.0647334,0.717699,-1.64827,0.00133222,1.09853,-1.90329,-0.00254331,0.620387,-1.55647,-1.45703,-0.21875,-0.0703125,-3.03906,-0.320312,12.6523,1.70312,-0.46875,0.40625,2.37109,-0.367188,9.46094,25,1196,873,61,0,1,1,0
8.99615,-0.00980992,1.18319,-1.87083,-0.0647334,0.717699,-1.64827,0.00133222,1.09853,-1.90329,-0.00254331,0.620387,-1.55647,-1.45703,-0.21875,-0.0703125,-3.03906,-0.320312,12.6523,1.70312,-0.46875,0.40625,2.37109,-0.367188,9.46094,25,1196,873,61,0,1,1,0
9.00956,-0.00980992,1.18319,-1.87083,-0.0647334,0.717699,-1.64827,0.00133222,1.09853,-1.90329,-0.00254331,0.620387,-1.55647,-1.45703,-0.21875,-0.0703125,-3.03906,-0.320312,12.6523,1.70312,-0.46875,0.40625,2.37109,-0.367188,9.46094,25,1196,873,61,0,1,1,0
9.01975,0.0532885,1.16859,-2.21099,-0.0845349,0.765477,-1.65045,-0.0463246,1.09998,-2.20796,0.0274314,0.70262,-1.56458,1.43359,-5.44141,7.49219,-3.36328,0.292969,10.5742,-0.886719,-3.60938,7.12109,3.28906,2.57031,7.71484,53,967,623,81,0,1,1,0
9.03061,0.0532885,1.16859,-2.21099,-0.0845349,0.765477,-1.65045,-0.0463246,1.09998,-2.20796,0.0274314,0.70262,-1.56458,1.43359,-5.44141,7.49219,-3.36328,0.292969,10.5742,-0.886719,-3.60938,7.12109,3.28906,2.57031,7.71484,53,967,623,81,0,1,1,0
9.04093,0.0532885,1.16859,-2.21099,-0.0845349,0.765477,-1.65045,-0.0463246,1.09998,-2.20796,0.0274314,0.70262,-1.56458,1.43359,-5.44141,7.49219,-3.36328,0.292969,10.5742,-0.886719,-3.60938,7.12109,3.28906,2.57031,7.71484,53,967,623,81,0,1,1,0
9.05112,0.0532885,1.16859,-2.21099,-0.0845349,0.765477,-1.65045,-0.0463246,1.09998,-2.20796,0.0274314,0.70262,-1.56458,1.43359,-5.44141,7.49219,-3.36328,0.292969,10.5742,-0.886719,-3.60938,7.12109,3.28906,2.57031,7.71484,53,967,623,81,0,1,1,0
9.06231,0.0972514,0.792605,-1.95875,-0.100158,0.784794,-1.62053,-0.0778738,0.803384,-1.93861,0.037423,0.728296,-1.54113,-2.19922,3.85547,1.81641,-2.71875,-2.69531,7.75391,1.03516,1.80469,0.8125,4.79688,-0.617188,6.19531,56,771,466,83,0,1,1,0
9.07248,0.0972514,0.792605,-1.95875,-0.100158,0.784794,-1.62053,-0.0778738,0.803384,-1.93861,0.037423,0.728296,-1.54113,-2.19922,3.85547,1.81641,-2.71875,-2.69531,7.75391,1.03516,1.80469,0.8125,4.79688,-0.617188,6.19531,56,771,466,83,0,1,1,0
9.08263,0.0972514,0.792605,-1.95875,-0.100158,0.784794,-1.62053,-0.0778738,0.803384,-1.93861,0.037423,0.728296,-1.54113,-2.19922,3.85547,1.81641,-2.71875,-2.69531,7.75391,1.03516,1.80469,0.8125,4.79688,-0.617188,6.19531,56,771,466,83,0,1,1,0
9.09302,0.0968881,0.609729,-1.63822,-0.104821,0.819613,-1.60596,-0.0852615,0.652481,-1.64585,0.0427519,0.771048,-1.53136,-1.58203,1.21094,3.70703,-3.03906,-2.54688,8.71875,1.35938,0.789062,3.00391,2.54688,-2.57031,7.08594,236,842,694,81,1,1,1,0
9.10371,0.0968881,0.609729,-1.63822,-0.104821,0.819613,-1.60596,-0.0852615,0.652481,-1.64585,0.0427519,0.771048,-1.53136,-1.58203,1.21094,3.70703,-3.03906,-2.54688,8.71875,1.35938,0.789062,3.00391,2.54688,-2.57031,7.08594,236,842,694,81,1,1,1,0
9.11412,0.0968881,0.609729,-1.63822,-0.104821,0.819613,-1.60596,-0.0852615,0.652481,-1.64585,0.0427519,0.771048,-1.53136,-1.58203,1.21094,3.70703,-3.03906,-2.54688,8.71875,1.35938,0.789062,3.00391,2.54688,-2.57031,7.08594,236,842,694,81,1,1,1,0
9.12436,0.0968881,0.609729,-1.63822,-0.104821,0.819613,-1.60596,-0.0852615,0.652481,-1.64585,0.0427519,0.771048,-1.53136,-1.58203,1.21094,3.70703,-3.03906,-2.54688,8.71875,1.35938,0.789062,3.00391,2.54688,-2.57031,7.08594,236,842,694,81,1,1,1,0
9.13469,0.0998553,0.64364,-1.58674,-0.10579,0.971848,-1.92464,-0.0864726,0.657022,-1.55368,0.0503818,0.931034,-1.85609,2.96484,-1.28516,10.2031,1.87891,-0.0234375,0.851562,-2.99219,-1.0625,9.38672,-0.714844,0.738281,0.292969,945,36,57,947,1,0,0,1
9.1449,0.0998553,0.64364,-1.58674,-0.10579,0.971848,-1.92464,-0.0864726,0.657022,-1.55368,0.0503818,0.931034,-1.85609,2.96484,-1.28516,10.2031,1.87891,-0.0234375,0.851562,-2.99219,-1.0625,9.38672,-0.714844,0.738281,0.292969,945,36,57,947,1,0,0,1
9.15512,0.0998553,0.64364,-1.58674,-0.10579,0.971848,-1.92464,-0.0864726,0.657022,-1.55368,0.0503818,0.931034,-1.85609,2.96484,-1.28516,10.2031,1.87891,-0.0234375,0.851562,-2.99219,-1.0625,9.38672,-0.714844,0.738281,0.292969,945,36,57,947,1,0,0,1
9.16535,0.0998553,0.64364,-1.58674,-0.10579,0.971848,-1.92464,-0.0864726,0.657022,-1.55368,0.0503818,0.931034,-1.85609,2.96484,-1.28516,10.2031,1.87891,-0.0234375,0.851562,-2.99219,-1.0625,9.38672,-0.714844,0.738281,0.292969,945,36,57,947,1,0,0,1
9.17639,0.0965248,0.692326,-1.58977,-0.0939815,1.02568,-2.16686,-0.0841715,0.692629,-1.55138,0.0454163,0.976087,-2.12306,3.28906,0.738281,9.83203,0.269531,-3.53516,7.19531,-3.90625,2.34766,8.125,0.171875,-3.53516,7.23438,884,69,77,640,1,0,0,1
9.18659,0.0965248,0.692326,-1.58977,-0.0939815,1.02568,-2.16686,-0.0841715,0.692629,-1.55138,0.0454163,0.976087,-2.12306,3.28906,0.738281,9.83203,0.269531,-3.53516,7.19531,-3.90625,2.34766,8.125,0.171875,-3.53516,7.23438,884,69,77,640,1,0,0,1
9.19755,0.0965248,0.692326,-1.58977,-0.0939815,1.02568,-2.16686,-0.0841715,0.692629,-1.55138,0.0454163,0.976087,-2.12306,3.28906,0.738281,9.83203,0.269531,-3.53516,7.19531,-3.90625,2.34766,8.125,0.171875,-3.53516,7.23438,884,69,77,640,1,0,0,1
9.20813,0.0965248,0.692326,-1.58977,-0.0939815,1.02568,-2.16686,-0.0841715,0.692629,-1.55138,0.0454163,0.976087,-2.12306,3.28906,0.738281,9.83203,0.269531,-3.53516,7.19531,-3.90625,2.34766,8.125,0.171875,-3.53516,7.23438,884,69,77,640,1,0,0,1
9.21835,0.0853826,0.718667,-1.58767,-0.0440841,0.825971,-1.86877,-0.0652178,0.69826,-1.54133,0.0230109,0.782069,-1.83805,1.13672,0.246094,8.125,0.367188,0.886719,0.8125,-1.77734,-1.01172,6.26953,0.0234375,0.320312,0.8125,554,74,81,472,1,0,0,1
9.22849,0.0853826,0.718667,-1.58767,-0.0440841,0.825971,-1.86877,-0.0652178,0.69826,-1.54133,0.0230109,0.782069,-1.83805,1.13672,0.246094,8.125,0.367188,0.886719,0.8125,-1.77734,-1.01172,6.26953,0.0234375,0.320312,0.8125,554,74,81,472,1,0,0,1
9.23871,0.0853826,0.718667,-1.58767,-0.0440841,0.825971,-1.86877,-0.0652178,0.69826,-1.54133,0.0230109,0.782069,-1.83805,1.13672,0.246094,8.125,0.367188,0.886719,0.8125,-1.77734,-1.01172,6.26953,0.0234375,0.320312,0.8125,554,74,81,472,1,0,0,1
9.24954,0.0853826,0.718667,-1.58767,-0.0440841,0.825971,-1.86877,-0.0652178,0.69826,-1.54133,0.0230109,0.782069,-1.83805,1.13672,0.246094,8.125,0.367188,0.886719,0.8125,-1.77734,-1.01172,6.26953,0.0234375,0.320312,0.8125,554,74,81,472,1,0,0,1
9.25982,0.0541968,0.751488,-1.58465,-0.0351825,0.688995,-1.59223,-0.0396636,0.710432,-1.53144,0.0270681,0.657083,-1.56406,0.144531,0.542969,9.53516,0.566406,0.0703125,3.55859,0.960938,-2.71875,7.60547,-0.566406,-0.246094,3.59766,733,377,193,764,1,1,0,1
9.27001,0.0541968,0.751488,-1.58465,-0.0351825,0.688995,-1.59223,-0.0396636,0.710432,-1.53144,0.0270681,0.657083,-1.56406,0.144531,0.542969,9.53516,0.566406,0.0703125,3.55859,0.960938,-2.71875,7.60547,-0.566406,-0.246094,3.59766,733,377,193,764,1,1,0,1
9.28042,0.0541968,0.751488,-1.58465,-0.0351825,0.688995,-1.59223,-0.0396636,0.710432,-1.53144,0.0270681,0.657083,-1.56406,0.144531,0.542969,9.53516,0.566406,0.0703125,3.55859,0.960938,-2.71875,7.60547,-0.566406,-0.246094,3.59766,733,377,193,764,1,1,0,1
9.29073,0.0541968,0.751488,-1.58465,-0.0351825,0.688995,-1.59223,-0.0396636,0.710432,-1.53144,0.0270681,0.657083,-1.56406,0.144531,0.542969,9.53516,0.566406,0.0703125,3.55859,0.960938,-2.71875,7.60547,-0.566406,-0.246094,3.59766,733,377,193,764,1,1,0,1
9.30108,0.068185,0.898698,-1.90252,-0.091317,0.694688,-1.5758,-0.0608578,0.861396,-1.86187,0.0712733,0.689722,-1.53935,-0.121094,-0.320312,0.589844,-8.16016,-1.60547,8.23438,0.765625,0.640625,0.554688,7.51953,0.839844,9.98047,26,1020,912,58,0,1,1,0
9.31491,0.068185,0.898698,-1.90252,-0.091317,0.694688,-1.5758,-0.0608578,0.861396,-1.86187,0.0712733,0.689722,-1.53935,-0.121094,-0.320312,0.589844,-8.16016,-1.60547,8.23438,0.765625,0.640625,0.554688,7.51953,0.839844,9.98047,26,1020,912,58,0,1,1,0
9.32606,0.068185,0.898698,-1.90252,-0.091317,0.694688,-1.5758,-0.0608578,0.861396,-1.86187,0.0712733,0.689722,-1.53935,-0.121094,-0.320312,0.589844,-8.16016,-1.60547,8.23438,0.765625,0.640625,0.554688,7.51953,0.839844,9.98047,26,1020,912,58,0,1,1,0
9.33638,0.123108,0.986321,-2.17449,-0.126257,0.700622,-1.57576,-0.143758,0.995041,-2.15794,0.108333,0.72769,-1.54964,0.664062,-3.38672,7.30859,-8.16016,2.57031,9.46094,-0.664062,-2.57031,7.08594,8.0625,2.51953,8.49609,56,845,731,81,0,1,1,0
9.34685,0.123108,0.986321,-2.17449,-0.126257,0.700622,-1.57576,-0.143758,0.995041,-2.15794,0.108333,0.72769,-1.54964,0.664062,-3.38672,7.30859,-8.16016,2.57031,9.46094,-0.664062,-2.57031,7.08594,8.0625,2.51953,8.49609,56,845,731,81,0,1,1,0
9.35731,0.123108,0.986321,-2.17449,-0.126257,0.700622,-1.57576,-0.143758,0.995041,-2.15794,0.108333,0.72769,-1.54964,0.664062,-3.38672,7.30859,-8.16016,2.57031,9.46094,-0.664062,-2.57031,7.08594,8.0625,2.51953,8.49609,56,845,731,81,0,1,1,0
9.36813,0.123108,0.986321,-2.17449,-0.126257,0.700622,-1.57576,-0.143758,0.995041,-2.15794,0.108333,0.72769,-1.54964,0.664062,-3.38672,7.30859,-8.16016,2.57031,9.46094,-0.664062,-2.57031,7.08594,8.0625,2.51953,8.49609,56,845,731,81,0,1,1,0
9.37865,0.137763,0.829604,-1.89428,-0.173066,0.682274,-1.57447,-0.186086,0.897184,-1.8854,0.144969,0.756151,-1.54989,-1.13672,0.121094,1.48047,-5.53906,1.62891,8.42188,0.765625,-0.269531,0.960938,5.83594,0.914062,7.12109,61,596,506,87,0,1,1,0
9.38951,0.137763,0.829604,-1.89428,-0.173066,0.682274,-1.57447,-0.186086,0.897184,-1.8854,0.144969,0.756151,-1.54989,-1.13672,0.121094,1.48047,-5.53906,1.62891,8.42188,0.765625,-0.269531,0.960938,5.83594,0.914062,7.12109,61,596,506,87,0,1,1,0
9.40739,0.137763,0.829604,-1.89428,-0.173066,0.682274,-1.57447,-0.186086,0.897184,-1.8854,0.144969,0.756151,-1.54989,-1.13672,0.121094,1.48047,-5.53906,1.62891,8.42188,0.765625,-0.269531,0.960938,5.83594,0.914062,7.12109,61,596,506,87,0,1,1,0
9.4192,0.107606,0.705224,-1.61662,-0.203647,0.670889,-1.57366,-0.162166,0.774075,-1.6058,0.171068,0.779889,-1.55069,-0.121094,-0.320312,3.70703,-1.33203,1.65625,9.19922,-0.417969,-0.367188,3.48438,0.292969,-0.9375,7.64062,236,714,720,148,1,1,1,0
9.4294,0.107606,0.705224,-1.61662,-0.203647,0.670889,-1.57366,-0.162166,0.774075,-1.6058,0.171068,0.779889,-1.55069,-0.121094,-0.320312,3.70703,-1.33203,1.65625,9.19922,-0.417969,-0.367188,3.48438,0.292969,-0.9375,7.64062,236,714,720,148,1,1,1,0
9.43952,0.107606,0.705224,-1.61662,-0.203647,0.670889,-1.57366,-0.162166,0.774075,-1.6058,0.171068,0.779889,-1.55069,-0.121094,-0.320312,3.70703,-1.33203,1.65625,9.19922,-0.417969,-0.367188,3.48438,0.292969,-0.9375,7.64062,236,714,720,148,1,1,1,0
9.45041,0.0809016,0.720121,-1.56531,-0.228838,0.822519,-1.89953,-0.140367,0.749914,-1.55033,0.195956,0.916864,-1.88116,4.92188,-2.02734,8.42188,2.125,0.738281,0.589844,-5.14453,0.765625,9.83203,-1.90234,0.367188,0.40625,854,47,50,818,1,0,0,1
9.46468,0.0809016,0.720121,-1.56531,-0.228838,0.822519,-1.89953,-0.140367,0.749914,-1.55033,0.195956,0.916864,-1.88116,4.92188,-2.02734,8.42188,2.125,0.738281,0.589844,-5.14453,0.765625,9.83203,-1.90234,0.367188,0.40625,854,47,50,818,1,0,0,1
9.47554,0.0809016,0.720121,-1.56531,-0.228838,0.822519,-1.89953,-0.140367,0.749914,-1.55033,0.195956,0.916864,-1.88116,4.92188,-2.02734,8.42188,2.125,0.738281,0.589844,-5.14453,0.765625,9.83203,-1.90234,0.367188,0.40625,854,47,50,818,1,0,0,1
9.48641,0.0809016,0.720121,-1.56531,-0.228838,0.822519,-1.89953,-0.140367,0.749914,-1.55033,0.195956,0.916864,-1.88116,4.92188,-2.02734,8.42188,2.125,0.738281,0.589844,-5.14453,0.765625,9.83203,-1.90234,0.367188,0.40625,854,47,50,818,1,0,0,1
9.49717,0.0480807,0.753184,-1.56285,-0.15605,1.01284,-2.15935,-0.118506,0.740649,-1.54795,0.110695,0.959313,-2.14676,5.09375,0.394531,10.4258,0.886719,-2.59375,7.71484,-5.09375,3.75781,10.6836,-0.839844,-2.62109,7.67969,778,72,73,710,1,0,0,1
9.50794,0.0480807,0.753184,-1.56285,-0.15605,1.01284,-2.15935,-0.118506,0.740649,-1.54795,0.110695,0.959313,-2.14676,5.09375,0.394531,10.4258,0.886719,-2.59375,7.71484,-5.09375,3.75781,10.6836,-0.839844,-2.62109,7.67969,778,72,73,710,1,0,0,1
9.51874,0.0480807,0.753184,-1.56285,-0.15605,1.01284,-2.15935,-0.118506,0.740649,-1.54795,0.110695,0.959313,-2.14676,5.09375,0.394531,10.4258,0.886719,-2.59375,7.71484,-5.09375,3.75781,10.6836,-0.839844,-2.62109,7.67969,778,72,73,710,1,0,0,1
9.53133,0.0480807,0.753184,-1.56285,-0.15605,1.01284,-2.15935,-0.118506,0.740649,-1.54795,0.110695,0.959313,-2.14676,5.09375,0.394531,10.4258,0.886719,-2.59375,7.71484,-5.09375,3.75781,10.6836,-0.839844,-2.62109,7.67969,778,72,73,710,1,0,0,1
9.54159,0.0223448,0.775347,-1.56188,-0.00744827,0.940299,-1.84265,-0.0918015,0.729083,-1.54464,-0.0336686,0.801628,-1.81621,3.92969,0.617188,9.79297,-1.08594,-1.60547,0.554688,-3.98047,2.22266,10.3516,1.45703,-0.441406,0.738281,666,77,78,659,1,0,0,1
9.55194,0.0223448,0.775347,-1.56188,-0.00744827,0.940299,-1.84265,-0.0918015,0.729083,-1.54464,-0.0336686,0.801628,-1.81621,3.92969,0.617188,9.79297,-1.08594,-1.60547,0.554688,-3.98047,2.22266,10.3516,1.45703,-0.441406,0.738281,666,77,78,659,1,0,0,1
9.56232,0.0223448,0.775347,-1.56188,-0.00744827,0.940299,-1.84265,-0.0918015,0.729083,-1.54464,-0.0336686,0.801628,-1.81621,3.92969,0.617188,9.79297,-1.08594,-1.60547,0.554688,-3.98047,2.22266,10.3516,1.45703,-0.441406,0.738281,666,77,78,659,1,0,0,1
9.57255,0.00108999,0.790546,-1.55631,0.0170765,0.79969,-1.53842,-0.0742405,0.72654,-1.54444,-0.0569823,0.682092,-1.53152,3.75781,-0.0234375,9.23828,-0.9375,-0.46875,2.44531,-3.3125,2.02734,10.7578,0.34375,0,2.70703,670,255,432,784,1,1,1,1
9.58294,0.00108999,0.790546,-1.55631,0.0170765,0.79969,-1.53842,-0.0742405,0.72654,-1.54444,-0.0569823,0.682092,-1.53152,3.75781,-0.0234375,9.23828,-0.9375,-0.46875,2.44531,-3.3125,2.02734,10.7578,0.34375,0,2.70703,670,255,432,784,1,1,1,1
9.59322,0.00108999,0.790546,-1.55631,0.0170765,0.79969,-1.53842,-0.0742405,0.72654,-1.54444,-0.0569823,0.682092,-1.53152,3.75781,-0.0234375,9.23828,-0.9375,-0.46875,2.44531,-3.3125,2.02734,10.7578,0.34375,0,2.70703,670,255,432,784,1,1,1,1
9.60353,0.00108999,0.790546,-1.55631,0.0170765,0.79969,-1.53842,-0.0742405,0.72654,-1.54444,-0.0569823,0.682092,-1.53152,3.75781,-0.0234375,9.23828,-0.9375,-0.46875,2.44531,-3.3125,2.02734,10.7578,0.34375,0,2.70703,670,255,432,784,1,1,1,1
9.61386,0.00151388,0.944841,-1.88459,-0.00968881,0.796965,-1.5184,-0.072,0.87169,-1.88734,-0.0330025,0.70365,-1.51367,-1.28516,0.367188,0.664062,-4.59766,-0.144531,7.60547,1.82812,0.171875,1.10938,2.81641,0.691406,9.83203,31,799,859,56,0,1,1,0
9.62414,0.00151388,0.944841,-1.88459,-0.00968881,0.796965,-1.5184,-0.072,0.87169,-1.88734,-0.0330025,0.70365,-1.51367,-1.28516,0.367188,0.664062,-4.59766,-0.144531,7.60547,1.82812,0.171875,1.10938,2.81641,0.691406,9.83203,31,799,859,56,0,1,1,0
9.63477,0.00151388,0.944841,-1.88459,-0.00968881,0.796965,-1.5184,-0.072,0.87169,-1.88734,-0.0330025,0.70365,-1.51367,-1.28516,0.367188,0.664062,-4.59766,-0.144531,7.60547,1.82812,0.171875,1.10938,2.81641,0.691406,9.83203,31,799,859,56,0,1,1,0
9.645,0.00151388,0.944841,-1.88459,-0.00968881,0.796965,-1.5184,-0.072,0.87169,-1.88734,-0.0330025,0.70365,-1.51367,-1.28516,0.367188,0.664062,-4.59766,-0.144531,7.60547,1.82812,0.171875,1.10938,2.81641,0.691406,9.83203,31,799,859,56,0,1,1,0
9.65525,0.0523196,1.05953,-2.14615,-0.0207704,0.799448,-1.5203,-0.105669,1.0189,-2.14502,-0.012111,0.727206,-1.51618,1.21094,-3.14062,6.56641,-5.24219,1.25781,8.45703,0.21875,-2.10156,6.67578,3.80859,4.59766,10.2383,59,760,729,81,0,1,1,0
9.66544,0.0523196,1.05953,-2.14615,-0.0207704,0.799448,-1.5203,-0.105669,1.0189,-2.14502,-0.012111,0.727206,-1.51618,1.21094,-3.14062,6.56641,-5.24219,1.25781,8.45703,0.21875,-2.10156,6.67578,3.80859,4.59766,10.2383,59,760,729,81,0,1,1,0
9.67619,0.0523196,1.05953,-2.14615,-0.0207704,0.799448,-1.5203,-0.105669,1.0189,-2.14502,-0.012111,0.727206,-1.51618,1.21094,-3.14062,6.56641,-5.24219,1.25781,8.45703,0.21875,-2.10156,6.67578,3.80859,4.59766,10.2383,59,760,729,81,0,1,1,0
9.68654,0.0523196,1.05953,-2.14615,-0.0207704,0.799448,-1.5203,-0.105669,1.0189,-2.14502,-0.012111,0.727206,-1.51618,1.21094,-3.14062,6.56641,-5.24219,1.25781,8.45703,0.21875,-2.10156,6.67578,3.80859,4.59766,10.2383,59,760,729,81,0,1,1,0
9.69748,0.0903481,0.930429,-1.89319,-0.0310042,0.796662,-1.51452,-0.0855643,0.938058,-1.86493,-0.00187721,0.738772,-1.51533,-1.03516,0.0976562,1.29688,-3.70703,1.80469,7.90234,0.269531,-0.367188,0.777344,4.10547,3.11328,9.83203,63,528,620,87,0,1,1,0
9.70973,0.0903481,0.930429,-1.89319,-0.0310042,0.796662,-1.51452,-0.0855643,0.938058,-1.86493,-0.00187721,0.738772,-1.51533,-1.03516,0.0976562,1.29688,-3.70703,1.80469,7.90234,0.269531,-0.367188,0.777344,4.10547,3.11328,9.83203,63,528,620,87,0,1,1,0
9.72021,0.0903481,0.930429,-1.89319,-0.0310042,0.796662,-1.51452,-0.0855643,0.938058,-1.86493,-0.00187721,0.738772,-1.51533,-1.03516,0.0976562,1.29688,-3.70703,1.80469,7.90234,0.269531,-0.367188,0.777344,4.10547,3.11328,9.83203,63,528,620,87,0,1,1,0
9.73056,0.0903481,0.930429,-1.89319,-0.0310042,0.796662,-1.51452,-0.0855643,0.938058,-1.86493,-0.00187721,0.738772,-1.51533,-1.03516,0.0976562,1.29688,-3.70703,1.80469,7.90234,0.269531,-0.367188,0.777344,4.10547,3.11328,9.83203,63,528,620,87,0,1,1,0
9.74075,0.092952,0.809984,-1.61355,-0.0375441,0.803808,-1.51307,-0.0668528,0.821308,-1.5907,-0.000787216,0.758634,-1.5159,-0.320312,-0.542969,3.41016,-3.14062,2.14844,8.60547,0,-0.566406,3.67188,2.99219,2.10156,10.5,159,704,871,350,0,1,1,1
9.75104,0.092952,0.809984,-1.61355,-0.0375441,0.803808,-1.51307,-0.0668528,0.821308,-1.5907,-0.000787216,0.758634,-1.5159,-0.320312,-0.542969,3.41016,-3.14062,2.14844,8.60547,0,-0.566406,3.67188,2.99219,2.10156,10.5,159,704,871,350,0,1,1,1
9.76144,0.092952,0.809984,-1.61355,-0.0375441,0.803808,-1.51307,-0.0668528,0.821308,-1.5907,-0.000787216,0.758634,-1.5159,-0.320312,-0.542969,3.41016,-3.14062,2.14844,8.60547,0,-0.566406,3.67188,2.99219,2.10156,10.5,159,704,871,350,0,1,1,1
9.77194,0.092952,0.809984,-1.61355,-0.0375441,0.803808,-1.51307,-0.0668528,0.821308,-1.5907,-0.000787216,0.758634,-1.5159,-0.320312,-0.542969,3.41016,-3.14062,2.14844,8.60547,0,-0.566406,3.67188,2.99219,2.10156,10.5,159,704,871,350,0,1,1,1
9.78217,0.0942842,0.823307,-1.57282,-0.0351219,0.955983,-1.84644,-0.0719394,0.834085,-1.55295,0.00678217,0.915411,-1.86284,4.15234,0.886719,9.125,1.13672,-0.542969,0.851562,-2.69531,1.45703,11.5391,-1.58203,-0.0234375,0.777344,703,53,48,933,1,0,0,1
9.79784,0.0942842,0.823307,-1.57282,-0.0351219,0.955983,-1.84644,-0.0719394,0.834085,-1.55295,0.00678217,0.915411,-1.86284,4.15234,0.886719,9.125,1.13672,-0.542969,0.851562,-2.69531,1.45703,11.5391,-1.58203,-0.0234375,0.777344,703,53,48,933,1,0,0,1
9.8081,0.0942842,0.823307,-1.57282,-0.0351219,0.955983,-1.84644,-0.0719394,0.834085,-1.55295,0.00678217,0.915411,-1.86284,4.15234,0.886719,9.125,1.13672,-0.542969,0.851562,-2.69531,1.45703,11.5391,-1.58203,-0.0234375,0.777344,703,53,48,933,1,0,0,1
9.81841,0.084111,0.851404,-1.57148,-0.0267653,1.06486,-2.1139,-0.0761177,0.855522,-1.55235,0.0289453,1.0235,-2.13824,3.98047,3.53516,10.3867,-1.01172,-2.66797,7.26953,-2.42188,4.59766,11.0195,0.269531,-2.22266,7.82812,672,80,75,805,1,0,0,1
9.82856,0.084111,0.851404,-1.57148,-0.0267653,1.06486,-2.1139,-0.0761177,0.855522,-1.55235,0.0289453,1.0235,-2.13824,3.98047,3.53516,10.3867,-1.01172,-2.66797,7.26953,-2.42188,4.59766,11.0195,0.269531,-2.22266,7.82812,672,80,75,805,1,0,0,1
9.83902,0.084111,0.851404,-1.57148,-0.0267653,1.06486,-2.1139,-0.0761177,0.855522,-1.55235,0.0289453,1.0235,-2.13824,3.98047,3.53516,10.3867,-1.01172,-2.66797,7.26953,-2.42188,4.59766,11.0195,0.269531,-2.22266,7.82812,672,80,75,805,1,0,0,1
9.84934,0.084111,0.851404,-1.57148,-0.0267653,1.06486,-2.1139,-0.0761177,0.855522,-1.55235,0.0289453,1.0235,-2.13824,3.98047,3.53516,10.3867,-1.01172,-2.66797,7.26953,-2.42188,4.59766,11.0195,0.269531,-2.22266,7.82812,672,80,75,805,1,0,0,1
9.85972,0.0821732,0.875323,-1.56159,-0.0298536,0.9142,-1.83583,-0.0689722,0.876171,-1.55126,0.0260387,0.896094,-1.8502,3.11328,2.39844,8.82812,0.640625,0.046875,0.703125,-2.76953,2.25,10.2031,-0.617188,-0.144531,1.03516,486,81,79,647,1,0,0,1
9.87375,0.0821732,0.875323,-1.56159,-0.0298536,0.9142,-1.83583,-0.0689722,0.876171,-1.55126,0.0260387,0.896094,-1.8502,3.11328,2.39844,8.82812,0.640625,0.046875,0.703125,-2.76953,2.25,10.2031,-0.617188,-0.144531,1.03516,486,81,79,647,1,0,0,1
9.88439,0.0821732,0.875323,-1.56159,-0.0298536,0.9142,-1.83583,-0.0689722,0.876171,-1.55126,0.0260387,0.896094,-1.8502,3.11328,2.39844,8.82812,0.640625,0.046875,0.703125,-2.76953,2.25,10.2031,-0.617188,-0.144531,1.03516,486,81,79,647,1,0,0,1
9.89471,0.0827788,0.910506,-1.55893,-0.0399663,0.805685,-1.56716,-0.0578301,0.907781,-1.55094,0.0249487,0.799932,-1.60717,3.3125,1.80469,9.53516,0.121094,-0.515625,2.14844,-2.81641,0.886719,10.9805,-0.960938,-0.765625,4.22656,596,168,391,861,1,0,1,1
9.90487,0.0827788,0.910506,-1.55893,-0.0399663,0.805685,-1.56716,-0.0578301,0.907781,-1.55094,0.0249487,0.799932,-1.60717,3.3125,1.80469,9.53516,0.121094,-0.515625,2.14844,-2.81641,0.886719,10.9805,-0.960938,-0.765625,4.22656,596,168,391,861,1,0,1,1
9.91506,0.0827788,0.910506,-1.55893,-0.0399663,0.805685,-1.56716,-0.0578301,0.907781,-1.55094,0.0249487,0.799932,-1.60717,3.3125,1.80469,9.53516,0.121094,-0.515625,2.14844,-2.81641,0.886719,10.9805,-0.960938,-0.765625,4.22656,596,168,391,861,1,0,1,1
9.92527,0.0827788,0.910506,-1.55893,-0.0399663,0.805685,-1.56716,-0.0578301,0.907781,-1.55094,0.0249487,0.799932,-1.60717,3.3125,1.80469,9.53516,0.121094,-0.515625,2.14844,-2.81641,0.886719,10.9805,-0.960938,-0.765625,4.22656,596,168,391,861,1,0,1,1
9.9356,0.0881682,1.06135,-1.89279,-0.0464457,0.835175,-1.5232,-0.0577695,1.06111,-1.88762,0.0394819,0.836265,-1.56817,-1.08594,-0.863281,0.441406,-4.59766,1.28516,8.01172,1.35938,-0.617188,0.851562,2.66797,2.42188,10.9805,41,795,953,49,0,1,1,0
9.94592,0.0881682,1.06135,-1.89279,-0.0464457,0.835175,-1.5232,-0.0577695,1.06111,-1.88762,0.0394819,0.836265,-1.56817,-1.08594,-0.863281,0.441406,-4.59766,1.28516,8.01172,1.35938,-0.617188,0.851562,2.66797,2.42188,10.9805,41,795,953,49,0,1,1,0
9.95617,0.0881682,1.06135,-1.89279,-0.0464457,0.835175,-1.5232,-0.0577695,1.06111,-1.88762,0.0394819,0.836265,-1.56817,-1.08594,-0.863281,0.441406,-4.59766,1.28516,8.01172,1.35938,-0.617188,0.851562,2.66797,2.42188,10.9805,41,795,953,49,0,1,1,0
9.96652,0.0881682,1.06135,-1.89279,-0.0464457,0.835175,-1.5232,-0.0577695,1.06111,-1.88762,0.0394819,0.836265,-1.56817,-1.08594,-0.863281,0.441406,-4.59766,1.28516,8.01172,1.35938,-0.617188,0.851562,2.66797,2.42188,10.9805,41,795,953,49,0,1,1,0
9.97735,0.0891976,1.11203,-2.1646,-0.0499579,0.875687,-1.52361,-0.0705466,1.10937,-2.16246,0.0509874,0.885921,-1.57213,0.46875,-3.90625,7.9375,-3.28906,4.10547,9.23828,-0.589844,-3.83203,7.38281,3.46094,5.29297,10.5352,64,604,645,78,0,1,1,0
9.98761,0.0891976,1.11203,-2.1646,-0.0499579,0.875687,-1.52361,-0.0705466,1.10937,-2.16246,0.0509874,0.885921,-1.57213,0.46875,-3.90625,7.9375,-3.28906,4.10547,9.23828,-0.589844,-3.83203,7.38281,3.46094,5.29297,10.5352,64,604,645,78,0,1,1,0
9.99794,0.0891976,1.11203,-2.1646,-0.0499579,0.875687,-1.52361,-0.0705466,1.10937,-2.16246,0.0509874,0.885921,-1.57213,0.46875,-3.90625,7.9375,-3.28906,4.10547,9.23828,-0.589844,-3.83203,7.38281,3.46094,5.29297,10.5352,64,604,645,78,0,1,1,0
10.0081,0.0891976,1.11203,-2.1646,-0.0499579,0.875687,-1.52361,-0.0705466,1.10937,-2.16246,0.0509874,0.885921,-1.57213,0.46875,-3.90625,7.9375,-3.28906,4.10547,9.23828,-0.589844,-3.83203,7.38281,3.46094,5.29297,10.5352,64,604,645,78,0,1,1,0
10.0215,0.0568612,0.873749,-1.88807,-0.0523196,0.910869,-1.51077,-0.0682455,0.878836,-1.88484,0.0532279,0.926856,-1.5683,-1.50781,2.34766,1.07422,-2.76953,1.45703,8.16016,0.515625,1.67969,0.777344,3.26172,1.28516,9.86719,64,492,541,81,0,1,1,0
10.0317,0.0568612,0.873749,-1.88807,-0.0523196,0.910869,-1.51077,-0.0682455,0.878836,-1.88484,0.0532279,0.926856,-1.5683,-1.50781,2.34766,1.07422,-2.76953,1.45703,8.16016,0.515625,1.67969,0.777344,3.26172,1.28516,9.86719,64,492,541,81,0,1,1,0
10.042,0.0568612,0.873749,-1.88807,-0.0523196,0.910869,-1.51077,-0.0682455,0.878836,-1.88484,0.0532279,0.926856,-1.5683,-1.50781,2.34766,1.07422,-2.76953,1.45703,8.16016,0.515625,1.67969,0.777344,3.26172,1.28516,9.86719,64,492,541,81,0,1,1,0
10.0522,0.0459613,0.751791,-1.60305,-0.0483229,0.961554,-1.5033,-0.0666711,0.764992,-1.61476,0.0550446,0.980931,-1.56737,-0.171875,0.0976562,3.44922,-3.21484,0.367188,9.27344,0.121094,-0.144531,3.78125,2.17578,-0.195312,11.3906,282,624,851,475,1,1,1,1
10.0624,0.0459613,0.751791,-1.60305,-0.0483229,0.961554,-1.5033,-0.0666711,0.764992,-1.61476,0.0550446,0.980931,-1.56737,-0.171875,0.0976562,3.44922,-3.21484,0.367188,9.27344,0.121094,-0.144531,3.78125,2.17578,-0.195312,11.3906,282,624,851,475,1,1,1,1
10.0728,0.0459613,0.751791,-1.60305,-0.0483229,0.961554,-1.5033,-0.0666711,0.764992,-1.61476,0.0550446,0.980931,-1.56737,-0.171875,0.0976562,3.44922,-3.21484,0.367188,9.27344,0.121094,-0.144531,3.78125,2.17578,-0.195312,11.3906,282,624,851,475,1,1,1,1
10.0832,0.0459613,0.751791,-1.60305,-0.0483229,0.961554,-1.5033,-0.0666711,0.764992,-1.61476,0.0550446,0.980931,-1.56737,-0.171875,0.0976562,3.44922,-3.21484,0.367188,9.27344,0.121094,-0.144531,3.78125,2.17578,-0.195312,11.3906,282,624,851,475,1,1,1,1
10.0965,0.0576484,0.827969,-1.59082,-0.0454163,1.12681,-1.83772,-0.0727872,0.825365,-1.57625,0.0660656,1.14479,-1.89449,4.22656,1.38281,10.2383,0.664062,-0.765625,0.21875,-2.47266,1.80469,10.3516,-1.48047,-0.914062,-0.109375,815,54,47,932,1,0,0,1
10.1072,0.0576484,0.827969,-1.59082,-0.0454163,1.12681,-1.83772,-0.0727872,0.825365,-1.57625,0.0660656,1.14479,-1.89449,4.22656,1.38281,10.2383,0.664062,-0.765625,0.21875,-2.47266,1.80469,10.3516,-1.48047,-0.914062,-0.109375,815,54,47,932,1,0,0,1
10.1178,0.0576484,0.827969,-1.59082,-0.0454163,1.12681,-1.83772,-0.0727872,0.825365,-1.57625,0.0660656,1.14479,-1.89449,4.22656,1.38281,10.2383,0.664062,-0.765625,0.21875,-2.47266,1.80469,10.3516,-1.48047,-0.914062,-0.109375,815,54,47,932,1,0,0,1
10.1328,0.0576484,0.827969,-1.59082,-0.0454163,1.12681,-1.83772,-0.0727872,0.825365,-1.57625,0.0660656,1.14479,-1.89449,4.22656,1.38281,10.2383,0.664062,-0.765625,0.21875,-2.47266,1.80469,10.3516,-1.48047,-0.914062,-0.109375,815,54,47,932,1,0,0,1
10.1477,0.060434,0.898758,-1.5903,-0.0532885,1.12263,-2.15463,-0.0764205,0.894822,-1.57669,0.062735,1.13087,-2.19569,3.66016,3.08984,10.8711,-1.25781,-3.92969,6.67578,-3.26172,4.625,10.0547,0.171875,-4.40234,7.23438,648,73,74,604,1,0,0,1
10.1611,0.060434,0.898758,-1.5903,-0.0532885,1.12263,-2.15463,-0.0764205,0.894822,-1.57669,0.062735,1.13087,-2.19569,3.66016,3.08984,10.8711,-1.25781,-3.92969,6.67578,-3.26172,4.625,10.0547,0.171875,-4.40234,7.23438,648,73,74,604,1,0,0,1
10.1718,0.060434,0.898758,-1.5903,-0.0532885,1.12263,-2.15463,-0.0764205,0.894822,-1.57669,0.062735,1.13087,-2.19569,3.66016,3.08984,10.8711,-1.25781,-3.92969,6.67578,-3.26172,4.625,10.0547,0.171875,-4.40234,7.23438,648,73,74,604,1,0,0,1
10.1851,0.0661261,0.951381,-1.57104,-0.0667317,0.804716,-1.87462,-0.0691539,0.950291,-1.56054,0.0272498,0.81168,-1.8879,3.03906,-0.144531,8.08594,1.58203,2.51953,0.851562,-3.66016,-0.367188,9.19922,-0.789062,3.16406,0.851562,508,75,78,569,1,0,0,1
10.1954,0.0661261,0.951381,-1.57104,-0.0667317,0.804716,-1.87462,-0.0691539,0.950291,-1.56054,0.0272498,0.81168,-1.8879,3.03906,-0.144531,8.08594,1.58203,2.51953,0.851562,-3.66016,-0.367188,9.19922,-0.789062,3.16406,0.851562,508,75,78,569,1,0,0,1
10.2056,0.0661261,0.951381,-1.57104,-0.0667317,0.804716,-1.87462,-0.0691539,0.950291,-1.56054,0.0272498,0.81168,-1.8879,3.03906,-0.144531,8.08594,1.58203,2.51953,0.851562,-3.66016,-0.367188,9.19922,-0.789062,3.16406,0.851562,508,75,78,569,1,0,0,1
10.2159,0.0680033,1.02096,-1.56022,-0.0688511,0.693477,-1.58828,-0.0624928,1.0129,-1.54565,0.0179849,0.699532,-1.62162,3.1875,-0.515625,9.79297,0.046875,0.0234375,2.78125,-2.74219,-1.18359,10.5352,-0.589844,0.269531,5.08203,618,287,502,815,1,1,1,1
10.2262,0.0680033,1.02096,-1.56022,-0.0688511,0.693477,-1.58828,-0.0624928,1.0129,-1.54565,0.0179849,0.699532,-1.62162,3.1875,-0.515625,9.79297,0.046875,0.0234375,2.78125,-2.74219,-1.18359,10.5352,-0.589844,0.269531,5.08203,618,287,502,815,1,1,1,1
10.2417,0.0680033,1.02096,-1.56022,-0.0688511,0.693477,-1.58828,-0.0624928,1.0129,-1.54565,0.0179849,0.699532,-1.62162,3.1875,-0.515625,9.79297,0.046875,0.0234375,2.78125,-2.74219,-1.18359,10.5352,-0.589844,0.269531,5.08203,618,287,502,815,1,1,1,1
10.2519,0.0680033,1.02096,-1.56022,-0.0688511,0.693477,-1.58828,-0.0624928,1.0129,-1.54565,0.0179849,0.699532,-1.62162,3.1875,-0.515625,9.79297,0.046875,0.0234375,2.78125,-2.74219,-1.18359,10.5352,-0.589844,0.269531,5.08203,618,287,502,815,1,1,1,1
10.2621,0.0731505,1.18803,-1.89303,-0.0701228,0.774802,-1.57229,-0.0614634,1.17828,-1.87107,0.0262809,0.787519,-1.5945,-1.50781,-1.0625,0.0351562,-4.25391,2.96484,9.75781,0.863281,-0.839844,0,2.96484,2.79297,10.9805,36,879,1007,52,0,1,1,0
10.2727,0.0731505,1.18803,-1.89303,-0.0701228,0.774802,-1.57229,-0.0614634,1.17828,-1.87107,0.0262809,0.787519,-1.5945,-1.50781,-1.0625,0.0351562,-4.25391,2.96484,9.75781,0.863281,-0.839844,0,2.96484,2.79297,10.9805,36,879,1007,52,0,1,1,0
10.2829,0.0731505,1.18803,-1.89303,-0.0701228,0.774802,-1.57229,-0.0614634,1.17828,-1.87107,0.0262809,0.787519,-1.5945,-1.50781,-1.0625,0.0351562,-4.25391,2.96484,9.75781,0.863281,-0.839844,0,2.96484,2.79297,10.9805,36,879,1007,52,0,1,1,0
10.293,0.0696383,1.16344,-2.21014,-0.0710916,0.859882,-1.57532,-0.0738772,1.15515,-2.19988,0.0344558,0.880894,-1.60511,0.0976562,-5.76172,7.9375,-3.14062,4.99609,10.2383,-1.23438,-5.98438,7.71484,3.4375,5.33984,9.57031,58,644,642,77,0,1,1,0
10.3032,0.0696383,1.16344,-2.21014,-0.0710916,0.859882,-1.57532,-0.0738772,1.15515,-2.19988,0.0344558,0.880894,-1.60511,0.0976562,-5.76172,7.9375,-3.14062,4.99609,10.2383,-1.23438,-5.98438,7.71484,3.4375,5.33984,9.57031,58,644,642,77,0,1,1,0
10.3134,0.0696383,1.16344,-2.21014,-0.0710916,0.859882,-1.57532,-0.0738772,1.15515,-2.19988,0.0344558,0.880894,-1.60511,0.0976562,-5.76172,7.9375,-3.14062,4.99609,10.2383,-1.23438,-5.98438,7.71484,3.4375,5.33984,9.57031,58,644,642,77,0,1,1,0
10.3236,0.0696383,1.16344,-2.21014,-0.0710916,0.859882,-1.57532,-0.0738772,1.15515,-2.19988,0.0344558,0.880894,-1.60511,0.0976562,-5.76172,7.9375,-3.14062,4.99609,10.2383,-1.23438,-5.98438,7.71484,3.4375,5.33984,9.57031,58,644,642,77,0,1,1,0
10.3339,0.0362119,0.783643,-1.92428,-0.071455,0.930247,-1.55582,-0.0782977,0.783401,-1.92476,0.0377864,0.955741,-1.59486,-1.65625,3.68359,1.89062,-3.38672,-0.121094,6.97266,0.914062,4.03125,0.925781,3.53516,-0.046875,8.82812,60,507,500,80,0,1,1,0
10.3441,0.0362119,0.783643,-1.92428,-0.071455,0.930247,-1.55582,-0.0782977,0.783401,-1.92476,0.0377864,0.955741,-1.59486,-1.65625,3.68359,1.89062,-3.38672,-0.121094,6.97266,0.914062,4.03125,0.925781,3.53516,-0.046875,8.82812,60,507,500,80,0,1,1,0
10.3544,0.0362119,0.783643,-1.92428,-0.071455,0.930247,-1.55582,-0.0782977,0.783401,-1.92476,0.0377864,0.955741,-1.59486,-1.65625,3.68359,1.89062,-3.38672,-0.121094,6.97266,0.914062,4.03125,0.925781,3.53516,-0.046875,8.82812,60,507,500,80,0,1,1,0
10.3648,0.0362119,0.783643,-1.92428,-0.071455,0.930247,-1.55582,-0.0782977,0.783401,-1.92476,0.0377864,0.955741,-1.59486,-1.65625,3.68359,1.89062,-3.38672,-0.121094,6.97266,0.914062,4.03125,0.925781,3.53516,-0.046875,8.82812,60,507,500,80,0,1,1,0
10.375,0.0268259,0.655993,-1.62009,-0.0630378,1.01914,-1.53293,-0.0799932,0.667256,-1.63793,0.0406324,1.04869,-1.5863,-0.0976562,0.886719,4.07812,-3.88281,-1.60547,8.90234,0.195312,1.25781,4.11719,2.02734,-2.32422,10.8711,391,689,812,294,1,1,1,1
10.3853,0.0268259,0.655993,-1.62009,-0.0630378,1.01914,-1.53293,-0.0799932,0.667256,-1.63793,0.0406324,1.04869,-1.5863,-0.0976562,0.886719,4.07812,-3.88281,-1.60547,8.90234,0.195312,1.25781,4.11719,2.02734,-2.32422,10.8711,391,689,812,294,1,1,1,1
10.3957,0.0268259,0.655993,-1.62009,-0.0630378,1.01914,-1.53293,-0.0799932,0.667256,-1.63793,0.0406324,1.04869,-1.5863,-0.0976562,0.886719,4.07812,-3.88281,-1.60547,8.90234,0.195312,1.25781,4.11719,2.02734,-2.32422,10.8711,391,689,812,294,1,1,1,1
10.4061,0.0268259,0.655993,-1.62009,-0.0630378,1.01914,-1.53293,-0.0799932,0.667256,-1.63793,0.0406324,1.04869,-1.5863,-0.0976562,0.886719,4.07812,-3.88281,-1.60547,8.90234,0.195312,1.25781,4.11719,2.02734,-2.32422,10.8711,391,689,812,294,1,1,1,1
10.4165,0.0389369,0.778859,-1.62651,-0.0584356,1.19421,-1.87107,-0.0784188,0.772683,-1.6085,0.0530462,1.21873,-1.91297,4.05469,1.97656,10.3125,0.839844,-0.765625,-0.628906,-2.91797,3.26172,11.7617,-1.16016,-0.320312,-0.441406,866,52,50,1006,1,0,0,1
10.4268,0.0389369,0.778859,-1.62651,-0.0584356,1.19421,-1.87107,-0.0784188,0.772683,-1.6085,0.0530462,1.21873,-1.91297,4.05469,1.97656,10.3125,0.839844,-0.765625,-0.628906,-2.91797,3.26172,11.7617,-1.16016,-0.320312,-0.441406,866,52,50,1006,1,0,0,1
10.4372,0.0389369,0.778859,-1.62651,-0.0584356,1.19421,-1.87107,-0.0784188,0.772683,-1.6085,0.0530462,1.21873,-1.91297,4.05469,1.97656,10.3125,0.839844,-0.765625,-0.628906,-2.91797,3.26172,11.7617,-1.16016,-0.320312,-0.441406,866,52,50,1006,1,0,0,1
10.4475,0.0389369,0.778859,-1.62651,-0.0584356,1.19421,-1.87107,-0.0784188,0.772683,-1.6085,0.0530462,1.21873,-1.91297,4.05469,1.97656,10.3125,0.839844,-0.765625,-0.628906,-2.91797,3.26172,11.7617,-1.16016,-0.320312,-0.441406,866,52,50,1006,1,0,0,1
10.4579,0.0451741,0.88695,-1.62986,-0.0653389,1.14594,-2.21389,-0.0828393,0.877201,-1.61319,0.0592834,1.15975,-2.24994,4.03125,4.35156,11.4648,-1.30859,-5.88672,8.19922,-3.48438,5.5625,10.9805,0.542969,-6.15625,8.23438,680,73,73,667,1,0,0,1
10.4684,0.0451741,0.88695,-1.62986,-0.0653389,1.14594,-2.21389,-0.0828393,0.877201,-1.61319,0.0592834,1.15975,-2.24994,4.03125,4.35156,11.4648,-1.30859,-5.88672,8.19922,-3.48438,5.5625,10.9805,0.542969,-6.15625,8.23438,680,73,73,667,1,0,0,1
10.4786,0.0451741,0.88695,-1.62986,-0.0653389,1.14594,-2.21389,-0.0828393,0.877201,-1.61319,0.0592834,1.15975,-2.24994,4.03125,4.35156,11.4648,-1.30859,-5.88672,8.19922,-3.48438,5.5625,10.9805,0.542969,-6.15625,8.23438,680,73,73,667,1,0,0,1
10.4889,0.0451741,0.88695,-1.62986,-0.0653389,1.14594,-2.21389,-0.0828393,0.877201,-1.61319,0.0592834,1.15975,-2.24994,4.03125,4.35156,11.4648,-1.30859,-5.88672,8.19922,-3.48438,5.5625,10.9805,0.542969,-6.15625,8.23438,680,73,73,667,1,0,0,1
10.4994,0.0554079,0.9644,-1.60422,-0.0718789,0.740952,-1.92549,-0.0771471,0.959313,-1.58812,0.0350008,0.746826,-1.94305,3.33594,-0.417969,7.41797,2.02734,3.83203,1,-3.90625,-0.691406,8.53125,-1.13672,5.19141,0.738281,468,74,77,541,1,0,0,1
10.5099,0.0554079,0.9644,-1.60422,-0.0718789,0.740952,-1.92549,-0.0771471,0.959313,-1.58812,0.0350008,0.746826,-1.94305,3.33594,-0.417969,7.41797,2.02734,3.83203,1,-3.90625,-0.691406,8.53125,-1.13672,5.19141,0.738281,468,74,77,541,1,0,0,1
10.5256,0.0554079,0.9644,-1.60422,-0.0718789,0.740952,-1.92549,-0.0771471,0.959313,-1.58812,0.0350008,0.746826,-1.94305,3.33594,-0.417969,7.41797,2.02734,3.83203,1,-3.90625,-0.691406,8.53125,-1.13672,5.19141,0.738281,468,74,77,541,1,0,0,1
10.5364,0.0540757,1.06105,-1.57213,-0.0721816,0.630499,-1.61811,-0.0716972,1.05299,-1.55409,0.0319731,0.630378,-1.64052,4.57422,-3.26172,8.42188,0.394531,0.9375,2.74219,-2.05078,-4.57422,9.98047,0.121094,-0.269531,1.85156,619,303,239,856,1,1,1,1
10.5469,0.0540757,1.06105,-1.57213,-0.0721816,0.630499,-1.61811,-0.0716972,1.05299,-1.55409,0.0319731,0.630378,-1.64052,4.57422,-3.26172,8.42188,0.394531,0.9375,2.74219,-2.05078,-4.57422,9.98047,0.121094,-0.269531,1.85156,619,303,239,856,1,1,1,1
10.5587,0.0540757,1.06105,-1.57213,-0.0721816,0.630499,-1.61811,-0.0716972,1.05299,-1.55409,0.0319731,0.630378,-1.64052,4.57422,-3.26172,8.42188,0.394531,0.9375,2.74219,-2.05078,-4.57422,9.98047,0.121094,-0.269531,1.85156,619,303,239,856,1,1,1,1
10.5769,0.0540757,1.06105,-1.57213,-0.0721816,0.630499,-1.61811,-0.0716972,1.05299,-1.55409,0.0319731,0.630378,-1.64052,4.57422,-3.26172,8.42188,0.394531,0.9375,2.74219,-2.05078,-4.57422,9.98047,0.121094,-0.269531,1.85156,619,303,239,856,1,1,1,1
10.5871,0.0543784,1.23563,-1.90623,-0.0716972,0.74949,-1.60548,-0.0744222,1.22388,-1.87838,0.040148,0.742526,-1.61504,-1.35938,-0.765625,-0.332031,-4.15234,3.38672,11.3906,1.03516,-1.38281,-0.40625,2.69531,3.70703,12.3164,36,967,1020,48,0,1,1,0
10.5976,0.0543784,1.23563,-1.90623,-0.0716972,0.74949,-1.60548,-0.0744222,1.22388,-1.87838,0.040148,0.742526,-1.61504,-1.35938,-0.765625,-0.332031,-4.15234,3.38672,11.3906,1.03516,-1.38281,-0.40625,2.69531,3.70703,12.3164,36,967,1020,48,0,1,1,0
10.6078,0.0543784,1.23563,-1.90623,-0.0716972,0.74949,-1.60548,-0.0744222,1.22388,-1.87838,0.040148,0.742526,-1.61504,-1.35938,-0.765625,-0.332031,-4.15234,3.38672,11.3906,1.03516,-1.38281,-0.40625,2.69531,3.70703,12.3164,36,967,1020,48,0,1,1,0
10.6183,0.0541362,1.15969,-2.24889,-0.0717577,0.872053,-1.60475,-0.0831421,1.1477,-2.24005,0.0494735,0.878836,-1.62841,0.640625,-5.96094,7.86328,-2.62109,5.11719,11.6484,-1.16016,-5.76172,7.75391,3.23828,6.75,11.3516,59,617,654,74,0,1,1,0
10.6285,0.0541362,1.15969,-2.24889,-0.0717577,0.872053,-1.60475,-0.0831421,1.1477,-2.24005,0.0494735,0.878836,-1.62841,0.640625,-5.96094,7.86328,-2.62109,5.11719,11.6484,-1.16016,-5.76172,7.75391,3.23828,6.75,11.3516,59,617,654,74,0,1,1,0
10.6387,0.0541362,1.15969,-2.24889,-0.0717577,0.872053,-1.60475,-0.0831421,1.1477,-2.24005,0.0494735,0.878836,-1.62841,0.640625,-5.96094,7.86328,-2.62109,5.11719,11.6484,-1.16016,-5.76172,7.75391,3.23828,6.75,11.3516,59,617,654,74,0,1,1,0
10.6489,0.0541362,1.15969,-2.24889,-0.0717577,0.872053,-1.60475,-0.0831421,1.1477,-2.24005,0.0494735,0.878836,-1.62841,0.640625,-5.96094,7.86328,-2.62109,5.11719,11.6484,-1.16016,-5.76172,7.75391,3.23828,6.75,11.3516,59,617,654,74,0,1,1,0
10.6591,0.032942,0.709281,-1.9462,-0.0711522,0.958344,-1.55546,-0.0816282,0.706496,-1.94216,0.0541968,0.979175,-1.60277,-2.19922,4.5,1.29688,-3.11328,-1.16016,7.56641,1.13672,4.55078,0.703125,3.90625,-0.664062,9.34766,60,533,538,77,0,1,1,0
10.6694,0.032942,0.709281,-1.9462,-0.0711522,0.958344,-1.55546,-0.0816282,0.706496,-1.94216,0.0541968,0.979175,-1.60277,-2.19922,4.5,1.29688,-3.11328,-1.16016,7.56641,1.13672,4.55078,0.703125,3.90625,-0.664062,9.34766,60,533,538,77,0,1,1,0
10.68,0.032942,0.709281,-1.9462,-0.0711522,0.958344,-1.55546,-0.0816282,0.706496,-1.94216,0.0541968,0.979175,-1.60277,-2.19922,4.5,1.29688,-3.11328,-1.16016,7.56641,1.13672,4.55078,0.703125,3.90625,-0.664062,9.34766,60,533,538,77,0,1,1,0
10.6904,0.032942,0.709281,-1.9462,-0.0711522,0.958344,-1.55546,-0.0816282,0.706496,-1.94216,0.0541968,0.979175,-1.60277,-2.19922,4.5,1.29688,-3.11328,-1.16016,7.56641,1.13672,4.55078,0.703125,3.90625,-0.664062,9.34766,60,533,538,77,0,1,1,0
10.7006,0.0265837,0.584538,-1.6215,-0.0641278,1.05669,-1.49078,-0.0848982,0.592531,-1.63507,0.059344,1.09163,-1.56369,0.0234375,-2.54688,-0.257812,-5.21875,-5.29297,6.82422,0.441406,-2.57031,-0.554688,2.39844,-6.30469,10.3516,267,664,801,347,1,1,1,1
10.7113,0.0265837,0.584538,-1.6215,-0.0641278,1.05669,-1.49078,-0.0848982,0.592531,-1.63507,0.059344,1.09163,-1.56369,0.0234375,-2.54688,-0.257812,-5.21875,-5.29297,6.82422,0.441406,-2.57031,-0.554688,2.39844,-6.30469,10.3516,267,664,801,347,1,1,1,1
10.7215,0.0265837,0.584538,-1.6215,-0.0641278,1.05669,-1.49078,-0.0848982,0.592531,-1.63507,0.059344,1.09163,-1.56369,0.0234375,-2.54688,-0.257812,-5.21875,-5.29297,6.82422,0.441406,-2.57031,-0.554688,2.39844,-6.30469,10.3516,267,664,801,347,1,1,1,1
10.7317,0.0265837,0.584538,-1.6215,-0.0641278,1.05669,-1.49078,-0.0848982,0.592531,-1.63507,0.059344,1.09163,-1.56369,0.0234375,-2.54688,-0.257812,-5.21875,-5.29297,6.82422,0.441406,-2.57031,-0.554688,2.39844,-6.30469,10.3516,267,664,801,347,1,1,1,1
10.742,0.0307014,0.712672,-1.61706,-0.0575879,1.25967,-1.87918,-0.0775105,0.692023,-1.59841,0.0702439,1.28352,-1.93607,3.75781,4.17969,12.4648,0.738281,-2.71875,-1.18359,-1.95312,4.20312,13.5039,-0.863281,-1.50781,0.0703125,937,47,48,1078,1,0,0,1
10.7523,0.0307014,0.712672,-1.61706,-0.0575879,1.25967,-1.87918,-0.0775105,0.692023,-1.59841,0.0702439,1.28352,-1.93607,3.75781,4.17969,12.4648,0.738281,-2.71875,-1.18359,-1.95312,4.20312,13.5039,-0.863281,-1.50781,0.0703125,937,47,48,1078,1,0,0,1
10.7629,0.0307014,0.712672,-1.61706,-0.0575879,1.25967,-1.87918,-0.0775105,0.692023,-1.59841,0.0702439,1.28352,-1.93607,3.75781,4.17969,12.4648,0.738281,-2.71875,-1.18359,-1.95312,4.20312,13.5039,-0.863281,-1.50781,0.0703125,937,47,48,1078,1,0,0,1
10.7735,0.0538334,0.867209,-1.62526,-0.0620084,1.08073,-2.20485,-0.0809016,0.853584,-1.60915,0.0515324,1.08999,-2.23743,3.4375,4.17969,11.8359,-0.765625,-4.79688,7.56641,-3.95703,5.8125,10.9062,0.21875,-6.45312,7.67969,747,70,72,704,1,0,0,1
10.7854,0.0538334,0.867209,-1.62526,-0.0620084,1.08073,-2.20485,-0.0809016,0.853584,-1.60915,0.0515324,1.08999,-2.23743,3.4375,4.17969,11.8359,-0.765625,-4.79688,7.56641,-3.95703,5.8125,10.9062,0.21875,-6.45312,7.67969,747,70,72,704,1,0,0,1
10.7958,0.0538334,0.867209,-1.62526,-0.0620084,1.08073,-2.20485,-0.0809016,0.853584,-1.60915,0.0515324,1.08999,-2.23743,3.4375,4.17969,11.8359,-0.765625,-4.79688,7.56641,-3.95703,5.8125,10.9062,0.21875,-6.45312,7.67969,747,70,72,704,1,0,0,1
10.8064,0.0538334,0.867209,-1.62526,-0.0620084,1.08073,-2.20485,-0.0809016,0.853584,-1.60915,0.0515324,1.08999,-2.23743,3.4375,4.17969,11.8359,-0.765625,-4.79688,7.56641,-3.95703,5.8125,10.9062,0.21875,-6.45312,7.67969,747,70,72,704,1,0,0,1
10.8166,0.0641884,0.970031,-1.59474,-0.0700622,0.606943,-1.75711,-0.0739377,0.968699,-1.57496,0.0194987,0.611546,-1.77959,4.32812,-3.38672,6.34375,2.32422,6.875,-4.22656,-4.79688,-4.27734,10.0156,-1.0625,7.96484,-4.33984,529,70,72,730,1,0,0,1
10.8268,0.0641884,0.970031,-1.59474,-0.0700622,0.606943,-1.75711,-0.0739377,0.968699,-1.57496,0.0194987,0.611546,-1.77959,4.32812,-3.38672,6.34375,2.32422,6.875,-4.22656,-4.79688,-4.27734,10.0156,-1.0625,7.96484,-4.33984,529,70,72,730,1,0,0,1
10.8413,0.0641884,0.970031,-1.59474,-0.0700622,0.606943,-1.75711,-0.0739377,0.968699,-1.57496,0.0194987,0.611546,-1.77959,4.32812,-3.38672,6.34375,2.32422,6.875,-4.22656,-4.79688,-4.27734,10.0156,-1.0625,7.96484,-4.33984,529,70,72,730,1,0,0,1
10.8516,0.0641884,0.970031,-1.59474,-0.0700622,0.606943,-1.75711,-0.0739377,0.968699,-1.57496,0.0194987,0.611546,-1.77959,4.32812,-3.38672,6.34375,2.32422,6.875,-4.22656,-4.79688,-4.27734,10.0156,-1.0625,7.96484,-4.33984,529,70,72,730,1,0,0,1
10.8619,0.0453557,1.13383,-1.68169,-0.0825971,0.655448,-1.56712,-0.0637039,1.1322,-1.66409,0.0421463,0.661019,-1.60806,0.121094,0.515625,-9.125,-2.57031,1.58203,7.19531,0.589844,-0.0234375,-8.67969,3.01562,4.67188,12.0938,101,340,380,153,0,1,1,0
10.8726,0.0453557,1.13383,-1.68169,-0.0825971,0.655448,-1.56712,-0.0637039,1.1322,-1.66409,0.0421463,0.661019,-1.60806,0.121094,0.515625,-9.125,-2.57031,1.58203,7.19531,0.589844,-0.0234375,-8.67969,3.01562,4.67188,12.0938,101,340,380,153,0,1,1,0
10.8831,0.0453557,1.13383,-1.68169,-0.0825971,0.655448,-1.56712,-0.0637039,1.1322,-1.66409,0.0421463,0.661019,-1.60806,0.121094,0.515625,-9.125,-2.57031,1.58203,7.19531,0.589844,-0.0234375,-8.67969,3.01562,4.67188,12.0938,101,340,380,153,0,1,1,0
10.8934,0.0548023,1.20565,-2.20606,-0.0815677,0.817251,-1.59462,-0.0922254,1.20644,-2.19613,0.0546207,0.818947,-1.63846,1.90234,-8.03906,4.375,-4.79688,4.00391,12.8359,-1.87891,-7.26953,5.30469,4.44922,7.39453,14.2461,50,1033,926,66,0,1,1,0
10.9116,0.0548023,1.20565,-2.20606,-0.0815677,0.817251,-1.59462,-0.0922254,1.20644,-2.19613,0.0546207,0.818947,-1.63846,1.90234,-8.03906,4.375,-4.79688,4.00391,12.8359,-1.87891,-7.26953,5.30469,4.44922,7.39453,14.2461,50,1033,926,66,0,1,1,0
10.9235,0.0548023,1.20565,-2.20606,-0.0815677,0.817251,-1.59462,-0.0922254,1.20644,-2.19613,0.0546207,0.818947,-1.63846,1.90234,-8.03906,4.375,-4.79688,4.00391,12.8359,-1.87891,-7.26953,5.30469,4.44922,7.39453,14.2461,50,1033,926,66,0,1,1,0
10.9339,0.0183482,0.731868,-2.00869,-0.0867754,0.921345,-1.5777,-0.0953742,0.722906,-2.01265,0.0594651,0.938422,-1.62267,-2.91797,6.18359,3.15234,-2.59375,-0.394531,6.75,0.886719,5.83594,3.11328,4.03125,0.367188,8.64453,57,498,401,73,0,1,1,0
10.9445,0.0183482,0.731868,-2.00869,-0.0867754,0.921345,-1.5777,-0.0953742,0.722906,-2.01265,0.0594651,0.938422,-1.62267,-2.91797,6.18359,3.15234,-2.59375,-0.394531,6.75,0.886719,5.83594,3.11328,4.03125,0.367188,8.64453,57,498,401,73,0,1,1,0
10.9548,0.0183482,0.731868,-2.00869,-0.0867754,0.921345,-1.5777,-0.0953742,0.722906,-2.01265,0.0594651,0.938422,-1.62267,-2.91797,6.18359,3.15234,-2.59375,-0.394531,6.75,0.886719,5.83594,3.11328,4.03125,0.367188,8.64453,57,498,401,73,0,1,1,0
10.965,0.0183482,0.731868,-2.00869,-0.0867754,0.921345,-1.5777,-0.0953742,0.722906,-2.01265,0.0594651,0.938422,-1.62267,-2.91797,6.18359,3.15234,-2.59375,-0.394531,6.75,0.886719,5.83594,3.11328,4.03125,0.367188,8.64453,57,498,401,73,0,1,1,0
10.9753,0.00466274,0.564858,-1.61185,-0.0746644,1.02962,-1.50883,-0.100703,0.565645,-1.63192,0.0559529,1.04778,-1.56583,-0.34375,0.839844,2.37109,-3.21484,-2.54688,7.49219,1.62891,2.25,-0.0703125,1.21094,-2.94141,9.42188,287,602,755,72,1,1,1,0
10.9857,0.00466274,0.564858,-1.61185,-0.0746644,1.02962,-1.50883,-0.100703,0.565645,-1.63192,0.0559529,1.04778,-1.56583,-0.34375,0.839844,2.37109,-3.21484,-2.54688,7.49219,1.62891,2.25,-0.0703125,1.21094,-2.94141,9.42188,287,602,755,72,1,1,1,0
10.9963,0.00466274,0.564858,-1.61185,-0.0746644,1.02962,-1.50883,-0.100703,0.565645,-1.63192,0.0559529,1.04778,-1.56583,-0.34375,0.839844,2.37109,-3.21484,-2.54688,7.49219,1.62891,2.25,-0.0703125,1.21094,-2.94141,9.42188,287,602,755,72,1,1,1,0
11.0067,0.00466274,0.564858,-1.61185,-0.0746644,1.02962,-1.50883,-0.100703,0.565645,-1.63192,0.0559529,1.04778,-1.56583,-0.34375,0.839844,2.37109,-3.21484,-2.54688,7.49219,1.62891,2.25,-0.0703125,1.21094,-2.94141,9.42188,287,602,755,72,1,1,1,0
11.0169,0.0260387,0.7375,-1.61674,-0.0762994,1.22497,-1.91047,-0.0991286,0.722785,-1.59143,0.0733322,1.23678,-1.96376,3.75781,0.914062,11.5391,0.714844,-2.34766,0.21875,-2.89062,1.90234,11.6484,-0.988281,-1.87891,1.14844,962,45,48,972,1,0,0,1
11.0271,0.0260387,0.7375,-1.61674,-0.0762994,1.22497,-1.91047,-0.0991286,0.722785,-1.59143,0.0733322,1.23678,-1.96376,3.75781,0.914062,11.5391,0.714844,-2.34766,0.21875,-2.89062,1.90234,11.6484,-0.988281,-1.87891,1.14844,962,45,48,972,1,0,0,1
11.0373,0.0260387,0.7375,-1.61674,-0.0762994,1.22497,-1.91047,-0.0991286,0.722785,-1.59143,0.0733322,1.23678,-1.96376,3.75781,0.914062,11.5391,0.714844,-2.34766,0.21875,-2.89062,1.90234,11.6484,-0.988281,-1.87891,1.14844,962,45,48,972,1,0,0,1
11.0477,0.0260387,0.7375,-1.61674,-0.0762994,1.22497,-1.91047,-0.0991286,0.722785,-1.59143,0.0733322,1.23678,-1.96376,3.75781,0.914062,11.5391,0.714844,-2.34766,0.21875,-2.89062,1.90234,11.6484,-0.988281,-1.87891,1.14844,962,45,48,972,1,0,0,1
11.058,0.0371808,0.897729,-1.62308,-0.0901665,0.998129,-2.21434,-0.104276,0.867996,-1.59151,0.0447502,0.992982,-2.23521,3.55859,2.44531,12.0938,-1.25781,-4.375,7.9375,-3.46094,4.20312,9.90625,-0.292969,-5.33984,8.19922,674,67,73,493,1,0,0,1
11.0681,0.0371808,0.897729,-1.62308,-0.0901665,0.998129,-2.21434,-0.104276,0.867996,-1.59151,0.0447502,0.992982,-2.23521,3.55859,2.44531,12.0938,-1.25781,-4.375,7.9375,-3.46094,4.20312,9.90625,-0.292969,-5.33984,8.19922,674,67,73,493,1,0,0,1
11.0783,0.0371808,0.897729,-1.62308,-0.0901665,0.998129,-2.21434,-0.104276,0.867996,-1.59151,0.0447502,0.992982,-2.23521,3.55859,2.44531,12.0938,-1.25781,-4.375,7.9375,-3.46094,4.20312,9.90625,-0.292969,-5.33984,8.19922,674,67,73,493,1,0,0,1
11.0886,0.0371808,0.897729,-1.62308,-0.0901665,0.998129,-2.21434,-0.104276,0.867996,-1.59151,0.0447502,0.992982,-2.23521,3.55859,2.44531,12.0938,-1.25781,-4.375,7.9375,-3.46094,4.20312,9.90625,-0.292969,-5.33984,8.19922,674,67,73,493,1,0,0,1
11.0992,0.0442657,0.997039,-1.57629,-0.106819,0.542089,-1.74124,-0.096222,0.966519,-1.52659,-0.00920437,0.536033,-1.73022,3.06641,-4.20312,6.82422,2.51953,6.70312,-4.63672,-4.35156,-4.96875,8.90234,-0.34375,7.22266,-5.71094,586,70,72,678,1,0,0,1
11.1099,0.0442657,0.997039,-1.57629,-0.106819,0.542089,-1.74124,-0.096222,0.966519,-1.52659,-0.00920437,0.536033,-1.73022,3.06641,-4.20312,6.82422,2.51953,6.70312,-4.63672,-4.35156,-4.96875,8.90234,-0.34375,7.22266,-5.71094,586,70,72,678,1,0,0,1
11.1205,0.0442657,0.997039,-1.57629,-0.106819,0.542089,-1.74124,-0.096222,0.966519,-1.52659,-0.00920437,0.536033,-1.73022,3.06641,-4.20312,6.82422,2.51953,6.70312,-4.63672,-4.35156,-4.96875,8.90234,-0.34375,7.22266,-5.71094,586,70,72,678,1,0,0,1
11.1308,0.0442657,0.997039,-1.57629,-0.106819,0.542089,-1.74124,-0.096222,0.966519,-1.52659,-0.00920437,0.536033,-1.73022,3.06641,-4.20312,6.82422,2.51953,6.70312,-4.63672,-4.35156,-4.96875,8.90234,-0.34375,7.22266,-5.71094,586,70,72,678,1,0,0,1
11.141,0.0293086,1.15678,-1.65392,-0.121534,0.601009,-1.56878,-0.0847165,1.11464,-1.58775,0.0136249,0.600767,-1.55073,-0.441406,0.394531,-9.16406,-2.64453,3.80859,6.08203,0.839844,0.367188,-10.9453,2,5.66406,10.9453,106,214,370,114,0,1,1,0
11.1517,0.0293086,1.15678,-1.65392,-0.121534,0.601009,-1.56878,-0.0847165,1.11464,-1.58775,0.0136249,0.600767,-1.55073,-0.441406,0.394531,-9.16406,-2.64453,3.80859,6.08203,0.839844,0.367188,-10.9453,2,5.66406,10.9453,106,214,370,114,0,1,1,0
11.162,0.0293086,1.15678,-1.65392,-0.121534,0.601009,-1.56878,-0.0847165,1.11464,-1.58775,0.0136249,0.600767,-1.55073,-0.441406,0.394531,-9.16406,-2.64453,3.80859,6.08203,0.839844,0.367188,-10.9453,2,5.66406,10.9453,106,214,370,114,0,1,1,0
11.1722,0.0408141,1.24398,-2.2191,-0.119172,0.788548,-1.60269,-0.109423,1.2197,-2.17724,0.0273103,0.780373,-1.59902,2.39844,-5.76172,5.00781,-4.94531,5.96094,12.5039,-1.30859,-4.82031,5.48828,3.68359,8.30859,13.7656,45,946,866,64,0,1,1,0
11.1828,0.0408141,1.24398,-2.2191,-0.119172,0.788548,-1.60269,-0.109423,1.2197,-2.17724,0.0273103,0.780373,-1.59902,2.39844,-5.76172,5.00781,-4.94531,5.96094,12.5039,-1.30859,-4.82031,5.48828,3.68359,8.30859,13.7656,45,946,866,64,0,1,1,0
11.1929,0.0408141,1.24398,-2.2191,-0.119172,0.788548,-1.60269,-0.109423,1.2197,-2.17724,0.0273103,0.780373,-1.59902,2.39844,-5.76172,5.00781,-4.94531,5.96094,12.5039,-1.30859,-4.82031,5.48828,3.68359,8.30859,13.7656,45,946,866,64,0,1,1,0
11.2037,0.0408141,1.24398,-2.2191,-0.119172,0.788548,-1.60269,-0.109423,1.2197,-2.17724,0.0273103,0.780373,-1.59902,2.39844,-5.76172,5.00781,-4.94531,5.96094,12.5039,-1.30859,-4.82031,5.48828,3.68359,8.30859,13.7656,45,946,866,64,0,1,1,0
11.2143,0.00302775,0.709766,-2.04733,-0.117658,0.918317,-1.59381,-0.10694,0.693961,-2.02133,0.0336686,0.925524,-1.59684,-3.21484,7.09766,4.19141,-2,0.046875,6.78906,0.960938,6.72656,3.59766,3.58594,-0.320312,7.45703,54,459,361,73,0,1,1,0
11.225,0.00302775,0.709766,-2.04733,-0.117658,0.918317,-1.59381,-0.10694,0.693961,-2.02133,0.0336686,0.925524,-1.59684,-3.21484,7.09766,4.19141,-2,0.046875,6.78906,0.960938,6.72656,3.59766,3.58594,-0.320312,7.45703,54,459,361,73,0,1,1,0
11.2357,0.00302775,0.709766,-2.04733,-0.117658,0.918317,-1.59381,-0.10694,0.693961,-2.02133,0.0336686,0.925524,-1.59684,-3.21484,7.09766,4.19141,-2,0.046875,6.78906,0.960938,6.72656,3.59766,3.58594,-0.320312,7.45703,54,459,361,73,0,1,1,0
11.2469,0.00302775,0.709766,-2.04733,-0.117658,0.918317,-1.59381,-0.10694,0.693961,-2.02133,0.0336686,0.925524,-1.59684,-3.21484,7.09766,4.19141,-2,0.046875,6.78906,0.960938,6.72656,3.59766,3.58594,-0.320312,7.45703,54,459,361,73,0,1,1,0
11.2571,-0.0100521,0.528706,-1.62162,-0.107304,1.04579,-1.52926,-0.112511,0.509026,-1.62393,0.0316703,1.05184,-1.54843,-0.0703125,0.988281,2.22266,-3.55859,-2.25,7.78906,1.90234,4.92188,0.777344,1.67969,-3.48438,9.27344,388,566,794,71,1,1,1,0
11.2673,-0.0100521,0.528706,-1.62162,-0.107304,1.04579,-1.52926,-0.112511,0.509026,-1.62393,0.0316703,1.05184,-1.54843,-0.0703125,0.988281,2.22266,-3.55859,-2.25,7.78906,1.90234,4.92188,0.777344,1.67969,-3.48438,9.27344,388,566,794,71,1,1,1,0
11.2777,-0.0100521,0.528706,-1.62162,-0.107304,1.04579,-1.52926,-0.112511,0.509026,-1.62393,0.0316703,1.05184,-1.54843,-0.0703125,0.988281,2.22266,-3.55859,-2.25,7.78906,1.90234,4.92188,0.777344,1.67969,-3.48438,9.27344,388,566,794,71,1,1,1,0
11.2883,-0.0100521,0.528706,-1.62162,-0.107304,1.04579,-1.52926,-0.112511,0.509026,-1.62393,0.0316703,1.05184,-1.54843,-0.0703125,0.988281,2.22266,-3.55859,-2.25,7.78906,1.90234,4.92188,0.777344,1.67969,-3.48438,9.27344,388,566,794,71,1,1,1,0
11.3051,0.00478385,0.72545,-1.6427,-0.10361,1.24846,-1.9072,-0.104639,0.689359,-1.5955,0.0465063,1.25482,-1.93381,2.66797,1.80469,11.5742,1.33203,-1.21094,-3.59766,-2.32422,0.589844,11.2773,-0.515625,-1.50781,-0.664062,986,51,48,1105,1,0,0,1
11.3158,0.00478385,0.72545,-1.6427,-0.10361,1.24846,-1.9072,-0.104639,0.689359,-1.5955,0.0465063,1.25482,-1.93381,2.66797,1.80469,11.5742,1.33203,-1.21094,-3.59766,-2.32422,0.589844,11.2773,-0.515625,-1.50781,-0.664062,986,51,48,1105,1,0,0,1
11.3264,0.00478385,0.72545,-1.6427,-0.10361,1.24846,-1.9072,-0.104639,0.689359,-1.5955,0.0465063,1.25482,-1.93381,2.66797,1.80469,11.5742,1.33203,-1.21094,-3.59766,-2.32422,0.589844,11.2773,-0.515625,-1.50781,-0.664062,986,51,48,1105,1,0,0,1
11.3367,0.0213154,0.915895,-1.66308,-0.108636,1.00455,-2.22709,-0.111906,0.874536,-1.63236,0.0321547,1.00194,-2.24252,3.78125,2.54688,11.6133,-0.691406,-5.51562,8.49609,-3.92969,3.08984,8.60547,0.171875,-4.84766,8.71875,815,71,71,620,1,0,0,1
11.3468,0.0213154,0.915895,-1.66308,-0.108636,1.00455,-2.22709,-0.111906,0.874536,-1.63236,0.0321547,1.00194,-2.24252,3.78125,2.54688,11.6133,-0.691406,-5.51562,8.49609,-3.92969,3.08984,8.60547,0.171875,-4.84766,8.71875,815,71,71,620,1,0,0,1
11.357,0.0213154,0.915895,-1.66308,-0.108636,1.00455,-2.22709,-0.111906,0.874536,-1.63236,0.0321547,1.00194,-2.24252,3.78125,2.54688,11.6133,-0.691406,-5.51562,8.49609,-3.92969,3.08984,8.60547,0.171875,-4.84766,8.71875,815,71,71,620,1,0,0,1
11.3678,0.0213154,0.915895,-1.66308,-0.108636,1.00455,-2.22709,-0.111906,0.874536,-1.63236,0.0321547,1.00194,-2.24252,3.78125,2.54688,11.6133,-0.691406,-5.51562,8.49609,-3.92969,3.08984,8.60547,0.171875,-4.84766,8.71875,815,71,71,620,1,0,0,1
11.378,0.0326392,1.04046,-1.62772,-0.102762,0.511145,-1.71464,-0.102822,1.01303,-1.59276,0.00036333,0.505574,-1.71399,3.23828,-5.07031,6.41797,2.62109,6.77734,-4.93359,-4.52344,-5.76172,9.42188,-0.714844,7.09766,-5.5625,620,72,70,722,1,0,0,1
11.3883,0.0326392,1.04046,-1.62772,-0.102762,0.511145,-1.71464,-0.102822,1.01303,-1.59276,0.00036333,0.505574,-1.71399,3.23828,-5.07031,6.41797,2.62109,6.77734,-4.93359,-4.52344,-5.76172,9.42188,-0.714844,7.09766,-5.5625,620,72,70,722,1,0,0,1
11.3986,0.0326392,1.04046,-1.62772,-0.102762,0.511145,-1.71464,-0.102822,1.01303,-1.59276,0.00036333,0.505574,-1.71399,3.23828,-5.07031,6.41797,2.62109,6.77734,-4.93359,-4.52344,-5.76172,9.42188,-0.714844,7.09766,-5.5625,620,72,70,722,1,0,0,1
11.4087,0.0326392,1.04046,-1.62772,-0.102762,0.511145,-1.71464,-0.102822,1.01303,-1.59276,0.00036333,0.505574,-1.71399,3.23828,-5.07031,6.41797,2.62109,6.77734,-4.93359,-4.52344,-5.76172,9.42188,-0.714844,7.09766,-5.5625,620,72,70,722,1,0,0,1
11.4189,0.0133827,1.20159,-1.68287,-0.0995525,0.608457,-1.61169,-0.0938603,1.16738,-1.64262,0.00653995,0.593621,-1.60669,-0.617188,0.566406,-10.1289,-2.57031,3.70703,9.23828,1.10938,0.0703125,-10.8711,3.41016,5.88672,12.8008,124,502,358,127,0,1,1,0
11.4292,0.0133827,1.20159,-1.68287,-0.0995525,0.608457,-1.61169,-0.0938603,1.16738,-1.64262,0.00653995,0.593621,-1.60669,-0.617188,0.566406,-10.1289,-2.57031,3.70703,9.23828,1.10938,0.0703125,-10.8711,3.41016,5.88672,12.8008,124,502,358,127,0,1,1,0
11.4423,0.0133827,1.20159,-1.68287,-0.0995525,0.608457,-1.61169,-0.0938603,1.16738,-1.64262,0.00653995,0.593621,-1.60669,-0.617188,0.566406,-10.1289,-2.57031,3.70703,9.23828,1.10938,0.0703125,-10.8711,3.41016,5.88672,12.8008,124,502,358,127,0,1,1,0
11.454,0.0384525,1.29182,-2.25527,-0.105366,0.803384,-1.63834,-0.114389,1.26312,-2.21781,0.00926492,0.785944,-1.64213,2.07422,-5.78516,4.93359,-4.22656,5.5625,13.8008,-1.43359,-4.82031,5.78516,3.4375,7.46875,14.6562,42,1035,949,62,0,1,1,0
11.4644,0.0384525,1.29182,-2.25527,-0.105366,0.803384,-1.63834,-0.114389,1.26312,-2.21781,0.00926492,0.785944,-1.64213,2.07422,-5.78516,4.93359,-4.22656,5.5625,13.8008,-1.43359,-4.82031,5.78516,3.4375,7.46875,14.6562,42,1035,949,62,0,1,1,0
11.4746,0.0384525,1.29182,-2.25527,-0.105366,0.803384,-1.63834,-0.114389,1.26312,-2.21781,0.00926492,0.785944,-1.64213,2.07422,-5.78516,4.93359,-4.22656,5.5625,13.8008,-1.43359,-4.82031,5.78516,3.4375,7.46875,14.6562,42,1035,949,62,0,1,1,0
11.4848,0.0384525,1.29182,-2.25527,-0.105366,0.803384,-1.63834,-0.114389,1.26312,-2.21781,0.00926492,0.785944,-1.64213,2.07422,-5.78516,4.93359,-4.22656,5.5625,13.8008,-1.43359,-4.82031,5.78516,3.4375,7.46875,14.6562,42,1035,949,62,0,1,1,0
11.4989,0.0237376,0.735381,-2.10328,-0.112935,0.924615,-1.60737,-0.0903481,0.700985,-2.05928,0.0167132,0.924918,-1.61965,-2.71875,7.78906,4.44922,-3.23828,-1.10938,6.71484,1.82812,7.22266,3.55859,4.59766,0.34375,8.42188,55,561,406,72,0,1,1,0
11.5093,0.0237376,0.735381,-2.10328,-0.112935,0.924615,-1.60737,-0.0903481,0.700985,-2.05928,0.0167132,0.924918,-1.61965,-2.71875,7.78906,4.44922,-3.23828,-1.10938,6.71484,1.82812,7.22266,3.55859,4.59766,0.34375,8.42188,55,561,406,72,0,1,1,0
11.5196,0.0237376,0.735381,-2.10328,-0.112935,0.924615,-1.60737,-0.0903481,0.700985,-2.05928,0.0167132,0.924918,-1.61965,-2.71875,7.78906,4.44922,-3.23828,-1.10938,6.71484,1.82812,7.22266,3.55859,4.59766,0.34375,8.42188,55,561,406,72,0,1,1,0
11.5301,0.0237376,0.735381,-2.10328,-0.112935,0.924615,-1.60737,-0.0903481,0.700985,-2.05928,0.0167132,0.924918,-1.61965,-2.71875,7.78906,4.44922,-3.23828,-1.10938,6.71484,1.82812,7.22266,3.55859,4.59766,0.34375,8.42188,55,561,406,72,0,1,1,0
11.5404,0.0228898,0.544632,-1.65404,-0.107425,1.04149,-1.51783,-0.0866543,0.520047,-1.64221,0.012111,1.04294,-1.55041,-1.10938,2.71875,-0.292969,-3.60938,-3.51172,6.45312,1.75391,4.40234,0.589844,2.86719,-3.1875,8.97656,51,560,748,70,0,1,1,0
11.5507,0.0228898,0.544632,-1.65404,-0.107425,1.04149,-1.51783,-0.0866543,0.520047,-1.64221,0.012111,1.04294,-1.55041,-1.10938,2.71875,-0.292969,-3.60938,-3.51172,6.45312,1.75391,4.40234,0.589844,2.86719,-3.1875,8.97656,51,560,748,70,0,1,1,0
11.561,0.0228898,0.544632,-1.65404,-0.107425,1.04149,-1.51783,-0.0866543,0.520047,-1.64221,0.012111,1.04294,-1.55041,-1.10938,2.71875,-0.292969,-3.60938,-3.51172,6.45312,1.75391,4.40234,0.589844,2.86719,-3.1875,8.97656,51,560,748,70,0,1,1,0
11.5712,0.0228898,0.544632,-1.65404,-0.107425,1.04149,-1.51783,-0.0866543,0.520047,-1.64221,0.012111,1.04294,-1.55041,-1.10938,2.71875,-0.292969,-3.60938,-3.51172,6.45312,1.75391,4.40234,0.589844,2.86719,-3.1875,8.97656,51,560,748,70,0,1,1,0
11.5813,0.0361514,0.729446,-1.61448,-0.105124,1.24356,-1.88738,-0.0887132,0.695354,-1.5844,0.0207704,1.23829,-1.92686,0.886719,0.0976562,8.82812,0.839844,-2.57031,-5.00781,-1.55469,-5.96094,4.82031,-0.367188,-2.02734,-0.257812,916,50,49,1092,1,0,0,1
11.5931,0.0361514,0.729446,-1.61448,-0.105124,1.24356,-1.88738,-0.0887132,0.695354,-1.5844,0.0207704,1.23829,-1.92686,0.886719,0.0976562,8.82812,0.839844,-2.57031,-5.00781,-1.55469,-5.96094,4.82031,-0.367188,-2.02734,-0.257812,916,50,49,1092,1,0,0,1
11.6033,0.0361514,0.729446,-1.61448,-0.105124,1.24356,-1.88738,-0.0887132,0.695354,-1.5844,0.0207704,1.23829,-1.92686,0.886719,0.0976562,8.82812,0.839844,-2.57031,-5.00781,-1.55469,-5.96094,4.82031,-0.367188,-2.02734,-0.257812,916,50,49,1092,1,0,0,1
11.6137,0.0503213,0.916925,-1.63176,-0.0986442,0.980689,-2.20437,-0.0948898,0.879683,-1.61835,0.0234954,0.96337,-2.22399,3.16406,2.94141,11.2422,-0.515625,-5.26562,8.05078,-3.88281,2.17578,7.49219,0.46875,-4.79688,7.49219,715,73,73,541,1,0,0,1
11.624,0.0503213,0.916925,-1.63176,-0.0986442,0.980689,-2.20437,-0.0948898,0.879683,-1.61835,0.0234954,0.96337,-2.22399,3.16406,2.94141,11.2422,-0.515625,-5.26562,8.05078,-3.88281,2.17578,7.49219,0.46875,-4.79688,7.49219,715,73,73,541,1,0,0,1
11.6342,0.0503213,0.916925,-1.63176,-0.0986442,0.980689,-2.20437,-0.0948898,0.879683,-1.61835,0.0234954,0.96337,-2.22399,3.16406,2.94141,11.2422,-0.515625,-5.26562,8.05078,-3.88281,2.17578,7.49219,0.46875,-4.79688,7.49219,715,73,73,541,1,0,0,1
11.6444,0.0503213,0.916925,-1.63176,-0.0986442,0.980689,-2.20437,-0.0948898,0.879683,-1.61835,0.0234954,0.96337,-2.22399,3.16406,2.94141,11.2422,-0.515625,-5.26562,8.05078,-3.88281,2.17578,7.49219,0.46875,-4.79688,7.49219,715,73,73,541,1,0,0,1
11.6551,0.057709,1.04348,-1.60241,-0.0838688,0.507512,-1.69671,-0.0904692,1.02138,-1.57475,0.0198015,0.508481,-1.71964,3.70703,-5.01953,6.52734,2.14844,7.02344,-4.96875,-3.92969,-5.44141,8.86719,-1.16016,6.89844,-5.71094,543,73,72,679,1,0,0,1
11.6662,0.057709,1.04348,-1.60241,-0.0838688,0.507512,-1.69671,-0.0904692,1.02138,-1.57475,0.0198015,0.508481,-1.71964,3.70703,-5.01953,6.52734,2.14844,7.02344,-4.96875,-3.92969,-5.44141,8.86719,-1.16016,6.89844,-5.71094,543,73,72,679,1,0,0,1
11.6764,0.057709,1.04348,-1.60241,-0.0838688,0.507512,-1.69671,-0.0904692,1.02138,-1.57475,0.0198015,0.508481,-1.71964,3.70703,-5.01953,6.52734,2.14844,7.02344,-4.96875,-3.92969,-5.44141,8.86719,-1.16016,6.89844,-5.71094,543,73,72,679,1,0,0,1
11.688,0.057709,1.04348,-1.60241,-0.0838688,0.507512,-1.69671,-0.0904692,1.02138,-1.57475,0.0198015,0.508481,-1.71964,3.70703,-5.01953,6.52734,2.14844,7.02344,-4.96875,-3.92969,-5.44141,8.86719,-1.16016,6.89844,-5.71094,543,73,72,679,1,0,0,1
11.6992,0.0364541,1.20995,-1.66147,-0.0818704,0.604339,-1.60915,-0.0859276,1.18185,-1.62526,0.0277948,0.594651,-1.60382,-0.21875,0.589844,-10.7578,-3.03906,3.4375,9.49609,1.08594,0.664062,-11.9102,3.68359,6.60156,12.5039,107,603,418,128,0,1,1,0
11.7096,0.0364541,1.20995,-1.66147,-0.0818704,0.604339,-1.60915,-0.0859276,1.18185,-1.62526,0.0277948,0.594651,-1.60382,-0.21875,0.589844,-10.7578,-3.03906,3.4375,9.49609,1.08594,0.664062,-11.9102,3.68359,6.60156,12.5039,107,603,418,128,0,1,1,0
11.7199,0.0364541,1.20995,-1.66147,-0.0818704,0.604339,-1.60915,-0.0859276,1.18185,-1.62526,0.0277948,0.594651,-1.60382,-0.21875,0.589844,-10.7578,-3.03906,3.4375,9.49609,1.08594,0.664062,-11.9102,3.68359,6.60156,12.5039,107,603,418,128,0,1,1,0
11.7302,0.0364541,1.20995,-1.66147,-0.0818704,0.604339,-1.60915,-0.0859276,1.18185,-1.62526,0.0277948,0.594651,-1.60382,-0.21875,0.589844,-10.7578,-3.03906,3.4375,9.49609,1.08594,0.664062,-11.9102,3.68359,6.60156,12.5039,107,603,418,128,0,1,1,0
11.7413,0.0563768,1.30254,-2.25208,-0.0894398,0.814708,-1.64213,-0.106032,1.28177,-2.21224,0.0313675,0.804474,-1.65243,1.80469,-6.48047,5.30469,-5.04297,5.04297,14.0234,-1.35938,-5.07031,5.52734,4.625,7.78906,15.3984,48,1048,969,67,0,1,1,0
11.7515,0.0563768,1.30254,-2.25208,-0.0894398,0.814708,-1.64213,-0.106032,1.28177,-2.21224,0.0313675,0.804474,-1.65243,1.80469,-6.48047,5.30469,-5.04297,5.04297,14.0234,-1.35938,-5.07031,5.52734,4.625,7.78906,15.3984,48,1048,969,67,0,1,1,0
11.7617,0.0563768,1.30254,-2.25208,-0.0894398,0.814708,-1.64213,-0.106032,1.28177,-2.21224,0.0313675,0.804474,-1.65243,1.80469,-6.48047,5.30469,-5.04297,5.04297,14.0234,-1.35938,-5.07031,5.52734,4.625,7.78906,15.3984,48,1048,969,67,0,1,1,0
11.7732,0.0299142,0.724905,-2.10308,-0.0974331,0.947505,-1.61714,-0.0860487,0.694082,-2.06327,0.0405113,0.960282,-1.63168,-2.62109,6.50391,4.63672,-3.01562,-0.863281,6.67578,1.90234,7.91406,4.19141,3.68359,-0.46875,7.67969,59,506,395,76,0,1,1,0
11.7839,0.0299142,0.724905,-2.10308,-0.0974331,0.947505,-1.61714,-0.0860487,0.694082,-2.06327,0.0405113,0.960282,-1.63168,-2.62109,6.50391,4.63672,-3.01562,-0.863281,6.67578,1.90234,7.91406,4.19141,3.68359,-0.46875,7.67969,59,506,395,76,0,1,1,0
11.7946,0.0299142,0.724905,-2.10308,-0.0974331,0.947505,-1.61714,-0.0860487,0.694082,-2.06327,0.0405113,0.960282,-1.63168,-2.62109,6.50391,4.63672,-3.01562,-0.863281,6.67578,1.90234,7.91406,4.19141,3.68359,-0.46875,7.67969,59,506,395,76,0,1,1,0
11.8048,0.0299142,0.724905,-2.10308,-0.0974331,0.947505,-1.61714,-0.0860487,0.694082,-2.06327,0.0405113,0.960282,-1.63168,-2.62109,6.50391,4.63672,-3.01562,-0.863281,6.67578,1.90234,7.91406,4.19141,3.68359,-0.46875,7.67969,59,506,395,76,0,1,1,0
11.815,0.0284609,0.512296,-1.65662,-0.0879865,1.07128,-1.52716,-0.0816282,0.519623,-1.62267,0.036878,1.08315,-1.55594,-1.21094,4.92188,1.14844,-3.08984,-3.41016,6.34375,1.43359,2.32422,-0.738281,1.53125,-4.07812,8.125,188,539,733,72,0,1,1,0
11.8309,0.0284609,0.512296,-1.65662,-0.0879865,1.07128,-1.52716,-0.0816282,0.519623,-1.62267,0.036878,1.08315,-1.55594,-1.21094,4.92188,1.14844,-3.08984,-3.41016,6.34375,1.43359,2.32422,-0.738281,1.53125,-4.07812,8.125,188,539,733,72,0,1,1,0
11.8454,0.0284609,0.512296,-1.65662,-0.0879865,1.07128,-1.52716,-0.0816282,0.519623,-1.62267,0.036878,1.08315,-1.55594,-1.21094,4.92188,1.14844,-3.08984,-3.41016,6.34375,1.43359,2.32422,-0.738281,1.53125,-4.07812,8.125,188,539,733,72,0,1,1,0
11.8555,0.037423,0.72442,-1.654,-0.089137,1.27408,-1.91067,-0.0894398,0.701712,-1.6012,0.0554684,1.27989,-1.94277,2.27344,2.19922,10.5742,0.441406,-1.95312,-4.48828,-2.54688,2.05078,10.7969,-0.617188,-1.08594,-3.59766,862,51,52,949,1,0,0,1
11.8666,0.037423,0.72442,-1.654,-0.089137,1.27408,-1.91067,-0.0894398,0.701712,-1.6012,0.0554684,1.27989,-1.94277,2.27344,2.19922,10.5742,0.441406,-1.95312,-4.48828,-2.54688,2.05078,10.7969,-0.617188,-1.08594,-3.59766,862,51,52,949,1,0,0,1
11.8779,0.037423,0.72442,-1.654,-0.089137,1.27408,-1.91067,-0.0894398,0.701712,-1.6012,0.0554684,1.27989,-1.94277,2.27344,2.19922,10.5742,0.441406,-1.95312,-4.48828,-2.54688,2.05078,10.7969,-0.617188,-1.08594,-3.59766,862,51,52,949,1,0,0,1
11.8883,0.037423,0.72442,-1.654,-0.089137,1.27408,-1.91067,-0.0894398,0.701712,-1.6012,0.0554684,1.27989,-1.94277,2.27344,2.19922,10.5742,0.441406,-1.95312,-4.48828,-2.54688,2.05078,10.7969,-0.617188,-1.08594,-3.59766,862,51,52,949,1,0,0,1
11.8987,0.0482624,0.924857,-1.6731,-0.0864121,0.999219,-2.22233,-0.101611,0.877503,-1.62397,0.0480807,0.990802,-2.2455,4.42578,4.57422,13.0586,-0.839844,-5.16797,8.05078,-4.625,2.81641,8.86719,0.195312,-6.13281,7.90234,803,71,73,567,1,0,0,1
11.9093,0.0482624,0.924857,-1.6731,-0.0864121,0.999219,-2.22233,-0.101611,0.877503,-1.62397,0.0480807,0.990802,-2.2455,4.42578,4.57422,13.0586,-0.839844,-5.16797,8.05078,-4.625,2.81641,8.86719,0.195312,-6.13281,7.90234,803,71,73,567,1,0,0,1
11.9203,0.0482624,0.924857,-1.6731,-0.0864121,0.999219,-2.22233,-0.101611,0.877503,-1.62397,0.0480807,0.990802,-2.2455,4.42578,4.57422,13.0586,-0.839844,-5.16797,8.05078,-4.625,2.81641,8.86719,0.195312,-6.13281,7.90234,803,71,73,567,1,0,0,1
11.9305,0.0482624,0.924857,-1.6731,-0.0864121,0.999219,-2.22233,-0.101611,0.877503,-1.62397,0.0480807,0.990802,-2.2455,4.42578,4.57422,13.0586,-0.839844,-5.16797,8.05078,-4.625,2.81641,8.86719,0.195312,-6.13281,7.90234,803,71,73,567,1,0,0,1
11.9407,0.0569218,1.05632,-1.6343,-0.0818099,0.480989,-1.70741,-0.094042,1.01212,-1.57136,0.0200437,0.473662,-1.72675,4.44922,-4.55078,7.08594,2.57031,7.61719,-5.41406,-5.36719,-6.48047,9.46094,-0.789062,8.21094,-6.04688,602,72,71,720,1,0,0,1
11.951,0.0569218,1.05632,-1.6343,-0.0818099,0.480989,-1.70741,-0.094042,1.01212,-1.57136,0.0200437,0.473662,-1.72675,4.44922,-4.55078,7.08594,2.57031,7.61719,-5.41406,-5.36719,-6.48047,9.46094,-0.789062,8.21094,-6.04688,602,72,71,720,1,0,0,1
11.9615,0.0569218,1.05632,-1.6343,-0.0818099,0.480989,-1.70741,-0.094042,1.01212,-1.57136,0.0200437,0.473662,-1.72675,4.44922,-4.55078,7.08594,2.57031,7.61719,-5.41406,-5.36719,-6.48047,9.46094,-0.789062,8.21094,-6.04688,602,72,71,720,1,0,0,1
11.9718,0.0569218,1.05632,-1.6343,-0.0818099,0.480989,-1.70741,-0.094042,1.01212,-1.57136,0.0200437,0.473662,-1.72675,4.44922,-4.55078,7.08594,2.57031,7.61719,-5.41406,-5.36719,-6.48047,9.46094,-0.789062,8.21094,-6.04688,602,72,71,720,1,0,0,1
11.9819,0.0306409,1.22309,-1.67346,-0.083566,0.586476,-1.61868,-0.0890765,1.17731,-1.60632,0.0256148,0.571034,-1.59833,0.046875,1.03516,-11.0938,-2.71875,4.03125,9.86719,0.789062,0.417969,-11.5391,3.83203,6.72656,12.5039,122,522,357,119,0,1,1,0
11.9936,0.0306409,1.22309,-1.67346,-0.083566,0.586476,-1.61868,-0.0890765,1.17731,-1.60632,0.0256148,0.571034,-1.59833,0.046875,1.03516,-11.0938,-2.71875,4.03125,9.86719,0.789062,0.417969,-11.5391,3.83203,6.72656,12.5039,122,522,357,119,0,1,1,0
12.0041,0.0306409,1.22309,-1.67346,-0.083566,0.586476,-1.61868,-0.0890765,1.17731,-1.60632,0.0256148,0.571034,-1.59833,0.046875,1.03516,-11.0938,-2.71875,4.03125,9.86719,0.789062,0.417969,-11.5391,3.83203,6.72656,12.5039,122,522,357,119,0,1,1,0
12.0145,0.0456585,1.30611,-2.26476,-0.0890159,0.808047,-1.65118,-0.113238,1.2811,-2.19427,0.0336686,0.790183,-1.65109,2.22266,-6.60156,5.08203,-4.12891,5.26562,12.3164,-1.18359,-4.87109,5.04297,3.26172,7.26953,13.7656,47,899,873,65,0,1,1,0
12.0247,0.0456585,1.30611,-2.26476,-0.0890159,0.808047,-1.65118,-0.113238,1.2811,-2.19427,0.0336686,0.790183,-1.65109,2.22266,-6.60156,5.08203,-4.12891,5.26562,12.3164,-1.18359,-4.87109,5.04297,3.26172,7.26953,13.7656,47,899,873,65,0,1,1,0
12.0349,0.0456585,1.30611,-2.26476,-0.0890159,0.808047,-1.65118,-0.113238,1.2811,-2.19427,0.0336686,0.790183,-1.65109,2.22266,-6.60156,5.08203,-4.12891,5.26562,12.3164,-1.18359,-4.87109,5.04297,3.26172,7.26953,13.7656,47,899,873,65,0,1,1,0
12.0452,0.0456585,1.30611,-2.26476,-0.0890159,0.808047,-1.65118,-0.113238,1.2811,-2.19427,0.0336686,0.790183,-1.65109,2.22266,-6.60156,5.08203,-4.12891,5.26562,12.3164,-1.18359,-4.87109,5.04297,3.26172,7.26953,13.7656,47,899,873,65,0,1,1,0
12.0561,0.0165315,0.713762,-2.11345,-0.0950714,0.947142,-1.6236,-0.0930731,0.68294,-2.05903,0.0474146,0.952773,-1.62938,-2.10156,6.10938,4.82031,-3.41016,-1.38281,6.34375,1.13672,8.67969,5.37891,4.22656,-0.640625,7.53125,59,499,368,75,0,1,1,0
12.0662,0.0165315,0.713762,-2.11345,-0.0950714,0.947142,-1.6236,-0.0930731,0.68294,-2.05903,0.0474146,0.952773,-1.62938,-2.10156,6.10938,4.82031,-3.41016,-1.38281,6.34375,1.13672,8.67969,5.37891,4.22656,-0.640625,7.53125,59,499,368,75,0,1,1,0
12.0765,0.0165315,0.713762,-2.11345,-0.0950714,0.947142,-1.6236,-0.0930731,0.68294,-2.05903,0.0474146,0.952773,-1.62938,-2.10156,6.10938,4.82031,-3.41016,-1.38281,6.34375,1.13672,8.67969,5.37891,4.22656,-0.640625,7.53125,59,499,368,75,0,1,1,0
12.0869,0.0165315,0.713762,-2.11345,-0.0950714,0.947142,-1.6236,-0.0930731,0.68294,-2.05903,0.0474146,0.952773,-1.62938,-2.10156,6.10938,4.82031,-3.41016,-1.38281,6.34375,1.13672,8.67969,5.37891,4.22656,-0.640625,7.53125,59,499,368,75,0,1,1,0
12.0972,0.0185298,0.491162,-1.6582,-0.0834449,1.07836,-1.52704,-0.086291,0.491344,-1.61076,0.0427519,1.08079,-1.55154,-1.03516,4.42578,1.40625,-3.01562,-4.72266,6.04688,1.16016,3.46094,-0.554688,2.17578,-4.25391,7.23438,84,608,678,73,0,1,1,0
12.1074,0.0185298,0.491162,-1.6582,-0.0834449,1.07836,-1.52704,-0.086291,0.491344,-1.61076,0.0427519,1.08079,-1.55154,-1.03516,4.42578,1.40625,-3.01562,-4.72266,6.04688,1.16016,3.46094,-0.554688,2.17578,-4.25391,7.23438,84,608,678,73,0,1,1,0
12.1196,0.0185298,0.491162,-1.6582,-0.0834449,1.07836,-1.52704,-0.086291,0.491344,-1.61076,0.0427519,1.08079,-1.55154,-1.03516,4.42578,1.40625,-3.01562,-4.72266,6.04688,1.16016,3.46094,-0.554688,2.17578,-4.25391,7.23438,84,608,678,73,0,1,1,0
12.1299,0.0185298,0.491162,-1.6582,-0.0834449,1.07836,-1.52704,-0.086291,0.491344,-1.61076,0.0427519,1.08079,-1.55154,-1.03516,4.42578,1.40625,-3.01562,-4.72266,6.04688,1.16016,3.46094,-0.554688,2.17578,-4.25391,7.23438,84,608,678,73,0,1,1,0
12.1406,0.0287031,0.694688,-1.65541,-0.0872598,1.27408,-1.91588,-0.0941026,0.660837,-1.59232,0.0586779,1.26548,-1.94345,2.25,0.46875,13.1719,0.566406,-2.32422,-4.375,-2.99219,0.121094,10.1641,-0.664062,-0.839844,-2.92969,1014,51,54,930,1,0,0,1
12.1556,0.0287031,0.694688,-1.65541,-0.0872598,1.27408,-1.91588,-0.0941026,0.660837,-1.59232,0.0586779,1.26548,-1.94345,2.25,0.46875,13.1719,0.566406,-2.32422,-4.375,-2.99219,0.121094,10.1641,-0.664062,-0.839844,-2.92969,1014,51,54,930,1,0,0,1
12.1692,0.0287031,0.694688,-1.65541,-0.0872598,1.27408,-1.91588,-0.0941026,0.660837,-1.59232,0.0586779,1.26548,-1.94345,2.25,0.46875,13.1719,0.566406,-2.32422,-4.375,-2.99219,0.121094,10.1641,-0.664062,-0.839844,-2.92969,1014,51,54,930,1,0,0,1
12.1798,0.043963,0.885315,-1.66761,-0.0927704,0.98838,-2.24457,-0.101248,0.826153,-1.60745,0.0427519,0.966822,-2.25596,4.07812,1.62891,13.3203,-0.839844,-6.25781,8.60547,-5.21875,0.960938,6.52734,0.121094,-6.25781,8.67969,867,70,74,484,1,0,0,1
12.1902,0.043963,0.885315,-1.66761,-0.0927704,0.98838,-2.24457,-0.101248,0.826153,-1.60745,0.0427519,0.966822,-2.25596,4.07812,1.62891,13.3203,-0.839844,-6.25781,8.60547,-5.21875,0.960938,6.52734,0.121094,-6.25781,8.67969,867,70,74,484,1,0,0,1
12.2006,0.043963,0.885315,-1.66761,-0.0927704,0.98838,-2.24457,-0.101248,0.826153,-1.60745,0.0427519,0.966822,-2.25596,4.07812,1.62891,13.3203,-0.839844,-6.25781,8.60547,-5.21875,0.960938,6.52734,0.121094,-6.25781,8.67969,867,70,74,484,1,0,0,1
12.2108,0.043963,0.885315,-1.66761,-0.0927704,0.98838,-2.24457,-0.101248,0.826153,-1.60745,0.0427519,0.966822,-2.25596,4.07812,1.62891,13.3203,-0.839844,-6.25781,8.60547,-5.21875,0.960938,6.52734,0.121094,-6.25781,8.67969,867,70,74,484,1,0,0,1
12.221,0.0558923,0.989954,-1.62546,-0.0807804,0.40475,-1.71645,-0.107061,0.934062,-1.55231,0.0205887,0.392397,-1.72223,3.28906,-6.875,5.04297,2.76953,7.71484,-4.96875,-5.6875,-7.74219,3.74609,-0.691406,8.45703,-5.78516,689,72,73,571,1,0,0,1
12.2317,0.0558923,0.989954,-1.62546,-0.0807804,0.40475,-1.71645,-0.107061,0.934062,-1.55231,0.0205887,0.392397,-1.72223,3.28906,-6.875,5.04297,2.76953,7.71484,-4.96875,-5.6875,-7.74219,3.74609,-0.691406,8.45703,-5.78516,689,72,73,571,1,0,0,1
12.2425,0.0558923,0.989954,-1.62546,-0.0807804,0.40475,-1.71645,-0.107061,0.934062,-1.55231,0.0205887,0.392397,-1.72223,3.28906,-6.875,5.04297,2.76953,7.71484,-4.96875,-5.6875,-7.74219,3.74609,-0.691406,8.45703,-5.78516,689,72,73,571,1,0,0,1
12.2527,0.0378469,1.15085,-1.67943,-0.080841,0.467303,-1.58634,-0.101672,1.08848,-1.59526,0.0337897,0.43745,-1.52171,0.144531,-2.19922,-10.5,-1.70312,1.25781,11.9453,2.27344,-2.39844,-11.3906,0.492188,0.640625,5.15625,130,548,130,93,0,1,0,0
12.2629,0.0378469,1.15085,-1.67943,-0.080841,0.467303,-1.58634,-0.101672,1.08848,-1.59526,0.0337897,0.43745,-1.52171,0.144531,-2.19922,-10.5,-1.70312,1.25781,11.9453,2.27344,-2.39844,-11.3906,0.492188,0.640625,5.15625,130,548,130,93,0,1,0,0
12.2731,0.0378469,1.15085,-1.67943,-0.080841,0.467303,-1.58634,-0.101672,1.08848,-1.59526,0.0337897,0.43745,-1.52171,0.144531,-2.19922,-10.5,-1.70312,1.25781,11.9453,2.27344,-2.39844,-11.3906,0.492188,0.640625,5.15625,130,548,130,93,0,1,0,0
12.2833,0.0378469,1.15085,-1.67943,-0.080841,0.467303,-1.58634,-0.101672,1.08848,-1.59526,0.0337897,0.43745,-1.52171,0.144531,-2.19922,-10.5,-1.70312,1.25781,11.9453,2.27344,-2.39844,-11.3906,0.492188,0.640625,5.15625,130,548,130,93,0,1,0,0
12.2935,0.0645517,1.21807,-2.23916,-0.0979781,0.664773,-1.63147,-0.1113,1.17132,-2.178,0.0320336,0.605853,-1.55788,2.22266,-5.44141,5.71094,-4.32812,1.58203,14.7656,-1.60547,-4.94531,5.82422,6.55469,4.69922,10.4258,44,1229,574,71,0,1,1,0
12.3037,0.0645517,1.21807,-2.23916,-0.0979781,0.664773,-1.63147,-0.1113,1.17132,-2.178,0.0320336,0.605853,-1.55788,2.22266,-5.44141,5.71094,-4.32812,1.58203,14.7656,-1.60547,-4.94531,5.82422,6.55469,4.69922,10.4258,44,1229,574,71,0,1,1,0
12.3142,0.0645517,1.21807,-2.23916,-0.0979781,0.664773,-1.63147,-0.1113,1.17132,-2.178,0.0320336,0.605853,-1.55788,2.22266,-5.44141,5.71094,-4.32812,1.58203,14.7656,-1.60547,-4.94531,5.82422,6.55469,4.69922,10.4258,44,1229,574,71,0,1,1,0
12.3243,0.0645517,1.21807,-2.23916,-0.0979781,0.664773,-1.63147,-0.1113,1.17132,-2.178,0.0320336,0.605853,-1.55788,2.22266,-5.44141,5.71094,-4.32812,1.58203,14.7656,-1.60547,-4.94531,5.82422,6.55469,4.69922,10.4258,44,1229,574,71,0,1,1,0
12.3346,0.0455374,0.669315,-2.06222,-0.103912,0.779101,-1.63608,-0.0707283,0.630984,-1.99367,0.0273103,0.710129,-1.56616,-2.96484,7.07422,4.67188,-3.85547,-5.01953,6.75,1.30859,5.8125,3.33594,6.42969,-1.40625,4.59766,54,817,438,79,0,1,1,0
12.3448,0.0455374,0.669315,-2.06222,-0.103912,0.779101,-1.63608,-0.0707283,0.630984,-1.99367,0.0273103,0.710129,-1.56616,-2.96484,7.07422,4.67188,-3.85547,-5.01953,6.75,1.30859,5.8125,3.33594,6.42969,-1.40625,4.59766,54,817,438,79,0,1,1,0
12.3557,0.0455374,0.669315,-2.06222,-0.103912,0.779101,-1.63608,-0.0707283,0.630984,-1.99367,0.0273103,0.710129,-1.56616,-2.96484,7.07422,4.67188,-3.85547,-5.01953,6.75,1.30859,5.8125,3.33594,6.42969,-1.40625,4.59766,54,817,438,79,0,1,1,0
12.3664,0.0455374,0.669315,-2.06222,-0.103912,0.779101,-1.63608,-0.0707283,0.630984,-1.99367,0.0273103,0.710129,-1.56616,-2.96484,7.07422,4.67188,-3.85547,-5.01953,6.75,1.30859,5.8125,3.33594,6.42969,-1.40625,4.59766,54,817,438,79,0,1,1,0
12.3768,0.0298536,0.445685,-1.58303,-0.0916198,0.89246,-1.60176,-0.066005,0.408323,-1.54569,0.0270681,0.812952,-1.54755,0,1.87891,1.70312,-3.06641,-5.6875,6.12109,0.691406,2.37109,0.0351562,2.19922,-4.55078,4.93359,272,786,661,76,1,1,1,0
12.387,0.0298536,0.445685,-1.58303,-0.0916198,0.89246,-1.60176,-0.066005,0.408323,-1.54569,0.0270681,0.812952,-1.54755,0,1.87891,1.70312,-3.06641,-5.6875,6.12109,0.691406,2.37109,0.0351562,2.19922,-4.55078,4.93359,272,786,661,76,1,1,1,0
12.3972,0.0298536,0.445685,-1.58303,-0.0916198,0.89246,-1.60176,-0.066005,0.408323,-1.54569,0.0270681,0.812952,-1.54755,0,1.87891,1.70312,-3.06641,-5.6875,6.12109,0.691406,2.37109,0.0351562,2.19922,-4.55078,4.93359,272,786,661,76,1,1,1,0
12.4083,0.0298536,0.445685,-1.58303,-0.0916198,0.89246,-1.60176,-0.066005,0.408323,-1.54569,0.0270681,0.812952,-1.54755,0,1.87891,1.70312,-3.06641,-5.6875,6.12109,0.691406,2.37109,0.0351562,2.19922,-4.55078,4.93359,272,786,661,76,1,1,1,0
12.4225,0.0760572,0.55638,-1.59522,-0.0889554,1.04439,-1.91754,-0.0876232,0.499458,-1.47238,0.0407536,0.969365,-1.86837,6.50391,-1.62891,11.8711,1.23438,0.0234375,0.292969,-7.37109,-0.8125,9.38672,-0.914062,0.492188,-0.144531,1060,38,61,1083,1,0,0,1
12.4341,0.0760572,0.55638,-1.59522,-0.0889554,1.04439,-1.91754,-0.0876232,0.499458,-1.47238,0.0407536,0.969365,-1.86837,6.50391,-1.62891,11.8711,1.23438,0.0234375,0.292969,-7.37109,-0.8125,9.38672,-0.914062,0.492188,-0.144531,1060,38,61,1083,1,0,0,1
12.4465,0.0760572,0.55638,-1.59522,-0.0889554,1.04439,-1.91754,-0.0876232,0.499458,-1.47238,0.0407536,0.969365,-1.86837,6.50391,-1.62891,11.8711,1.23438,0.0234375,0.292969,-7.37109,-0.8125,9.38672,-0.914062,0.492188,-0.144531,1060,38,61,1083,1,0,0,1
12.4572,0.0969487,0.655569,-1.61896,-0.107849,0.964521,-2.20869,-0.0932548,0.627653,-1.48957,0.0825365,0.922556,-2.1734,7.66797,-2.54688,11.4258,-0.960938,-4.42578,8.38281,-9.22656,4.20312,9.19922,0.839844,-4.44922,8.08594,1011,66,77,684,1,0,0,1
12.4675,0.0969487,0.655569,-1.61896,-0.107849,0.964521,-2.20869,-0.0932548,0.627653,-1.48957,0.0825365,0.922556,-2.1734,7.66797,-2.54688,11.4258,-0.960938,-4.42578,8.38281,-9.22656,4.20312,9.19922,0.839844,-4.44922,8.08594,1011,66,77,684,1,0,0,1
12.4778,0.0969487,0.655569,-1.61896,-0.107849,0.964521,-2.20869,-0.0932548,0.627653,-1.48957,0.0825365,0.922556,-2.1734,7.66797,-2.54688,11.4258,-0.960938,-4.42578,8.38281,-9.22656,4.20312,9.19922,0.839844,-4.44922,8.08594,1011,66,77,684,1,0,0,1
12.4882,0.0969487,0.655569,-1.61896,-0.107849,0.964521,-2.20869,-0.0932548,0.627653,-1.48957,0.0825365,0.922556,-2.1734,7.66797,-2.54688,11.4258,-0.960938,-4.42578,8.38281,-9.22656,4.20312,9.19922,0.839844,-4.44922,8.08594,1011,66,77,684,1,0,0,1
12.4986,0.128256,0.7091,-1.6129,-0.0855037,0.618388,-1.91136,-0.110331,0.702136,-1.47464,0.115721,0.641036,-1.90413,5.98438,-5.24219,7.78906,1.65625,2.91797,1.51953,-8.23438,0.492188,7.16016,-0.914062,3.51172,1.48047,738,69,78,526,1,0,0,1
12.5144,0.128256,0.7091,-1.6129,-0.0855037,0.618388,-1.91136,-0.110331,0.702136,-1.47464,0.115721,0.641036,-1.90413,5.98438,-5.24219,7.78906,1.65625,2.91797,1.51953,-8.23438,0.492188,7.16016,-0.914062,3.51172,1.48047,738,69,78,526,1,0,0,1
12.5247,0.128256,0.7091,-1.6129,-0.0855037,0.618388,-1.91136,-0.110331,0.702136,-1.47464,0.115721,0.641036,-1.90413,5.98438,-5.24219,7.78906,1.65625,2.91797,1.51953,-8.23438,0.492188,7.16016,-0.914062,3.51172,1.48047,738,69,78,526,1,0,0,1
12.5349,0.161803,0.780858,-1.59938,-0.0319731,0.453557,-1.50948,-0.149692,0.794664,-1.45465,0.130012,0.472087,-1.52881,6.08203,-3.80859,8.05078,-0.566406,0.441406,3.92969,-4.42578,-2.07422,5.04297,-1.03516,1.62891,1.81641,754,226,79,531,1,1,0,1
12.5455,0.161803,0.780858,-1.59938,-0.0319731,0.453557,-1.50948,-0.149692,0.794664,-1.45465,0.130012,0.472087,-1.52881,6.08203,-3.80859,8.05078,-0.566406,0.441406,3.92969,-4.42578,-2.07422,5.04297,-1.03516,1.62891,1.81641,754,226,79,531,1,1,0,1
12.5556,0.161803,0.780858,-1.59938,-0.0319731,0.453557,-1.50948,-0.149692,0.794664,-1.45465,0.130012,0.472087,-1.52881,6.08203,-3.80859,8.05078,-0.566406,0.441406,3.92969,-4.42578,-2.07422,5.04297,-1.03516,1.62891,1.81641,754,226,79,531,1,1,0,1
12.566,0.161803,0.780858,-1.59938,-0.0319731,0.453557,-1.50948,-0.149692,0.794664,-1.45465,0.130012,0.472087,-1.52881,6.08203,-3.80859,8.05078,-0.566406,0.441406,3.92969,-4.42578,-2.07422,5.04297,-1.03516,1.62891,1.81641,754,226,79,531,1,1,0,1
12.5792,0.160047,0.956043,-1.90522,0.0334869,0.536881,-1.4488,-0.154536,0.955014,-1.79703,0.0895004,0.48983,-1.41889,-2.84375,1.62891,0.851562,-0.988281,-1.92578,10.1641,2.02734,-0.542969,0.40625,1.75391,-2.96484,8.08594,20,972,994,57,0,1,1,0
12.5911,0.160047,0.956043,-1.90522,0.0334869,0.536881,-1.4488,-0.154536,0.955014,-1.79703,0.0895004,0.48983,-1.41889,-2.84375,1.62891,0.851562,-0.988281,-1.92578,10.1641,2.02734,-0.542969,0.40625,1.75391,-2.96484,8.08594,20,972,994,57,0,1,1,0
12.602,0.160047,0.956043,-1.90522,0.0334869,0.536881,-1.4488,-0.154536,0.955014,-1.79703,0.0895004,0.48983,-1.41889,-2.84375,1.62891,0.851562,-0.988281,-1.92578,10.1641,2.02734,-0.542969,0.40625,1.75391,-2.96484,8.08594,20,972,994,57,0,1,1,0
12.6125,0.119293,1.07055,-2.14894,0.0746038,0.640854,-1.44904,-0.0380892,0.883801,-2.07522,0.0656417,0.545843,-1.43063,-0.515625,-3.70703,7.41797,-2.69531,-0.664062,9.49609,0.34375,-3.14062,7.82812,3.92969,1.38281,6.86328,51,853,626,78,0,1,1,0
12.623,0.119293,1.07055,-2.14894,0.0746038,0.640854,-1.44904,-0.0380892,0.883801,-2.07522,0.0656417,0.545843,-1.43063,-0.515625,-3.70703,7.41797,-2.69531,-0.664062,9.49609,0.34375,-3.14062,7.82812,3.92969,1.38281,6.86328,51,853,626,78,0,1,1,0
12.635,0.119293,1.07055,-2.14894,0.0746038,0.640854,-1.44904,-0.0380892,0.883801,-2.07522,0.0656417,0.545843,-1.43063,-0.515625,-3.70703,7.41797,-2.69531,-0.664062,9.49609,0.34375,-3.14062,7.82812,3.92969,1.38281,6.86328,51,853,626,78,0,1,1,0
12.6454,0.119293,1.07055,-2.14894,0.0746038,0.640854,-1.44904,-0.0380892,0.883801,-2.07522,0.0656417,0.545843,-1.43063,-0.515625,-3.70703,7.41797,-2.69531,-0.664062,9.49609,0.34375,-3.14062,7.82812,3.92969,1.38281,6.86328,51,853,626,78,0,1,1,0
12.6558,0.00853826,0.861093,-1.82505,0.100219,0.712975,-1.44097,0.121897,0.569036,-1.67427,0.0417224,0.555229,-1.41017,0.171875,0.0234375,0.851562,-5.16797,-5.29297,6.00781,-1.16016,1.43359,0.21875,7.59375,2.14844,6.60156,57,713,491,80,0,1,1,0
12.666,0.00853826,0.861093,-1.82505,0.100219,0.712975,-1.44097,0.121897,0.569036,-1.67427,0.0417224,0.555229,-1.41017,0.171875,0.0234375,0.851562,-5.16797,-5.29297,6.00781,-1.16016,1.43359,0.21875,7.59375,2.14844,6.60156,57,713,491,80,0,1,1,0
12.6763,0.00853826,0.861093,-1.82505,0.100219,0.712975,-1.44097,0.121897,0.569036,-1.67427,0.0417224,0.555229,-1.41017,0.171875,0.0234375,0.851562,-5.16797,-5.29297,6.00781,-1.16016,1.43359,0.21875,7.59375,2.14844,6.60156,57,713,491,80,0,1,1,0
12.6865,0.00853826,0.861093,-1.82505,0.100219,0.712975,-1.44097,0.121897,0.569036,-1.67427,0.0417224,0.555229,-1.41017,0.171875,0.0234375,0.851562,-5.16797,-5.29297,6.00781,-1.16016,1.43359,0.21875,7.59375,2.14844,6.60156,57,713,491,80,0,1,1,0
12.6966,-0.00333053,0.696807,-1.52675,0.126439,0.78443,-1.41521,0.139398,0.431818,-1.31978,0.0150782,0.575273,-1.39947,0.0976562,-0.0976562,4.41406,-7.49219,-7.51953,4.67188,-1.55469,-0.8125,-0.292969,8.16016,2.59375,8.42188,571,715,597,345,1,1,1,1
12.7068,-0.00333053,0.696807,-1.52675,0.126439,0.78443,-1.41521,0.139398,0.431818,-1.31978,0.0150782,0.575273,-1.39947,0.0976562,-0.0976562,4.41406,-7.49219,-7.51953,4.67188,-1.55469,-0.8125,-0.292969,8.16016,2.59375,8.42188,571,715,597,345,1,1,1,1
12.717,-0.00333053,0.696807,-1.52675,0.126439,0.78443,-1.41521,0.139398,0.431818,-1.31978,0.0150782,0.575273,-1.39947,0.0976562,-0.0976562,4.41406,-7.49219,-7.51953,4.67188,-1.55469,-0.8125,-0.292969,8.16016,2.59375,8.42188,571,715,597,345,1,1,1,1
12.7273,-0.00333053,0.696807,-1.52675,0.126439,0.78443,-1.41521,0.139398,0.431818,-1.31978,0.0150782,0.575273,-1.39947,0.0976562,-0.0976562,4.41406,-7.49219,-7.51953,4.67188,-1.55469,-0.8125,-0.292969,8.16016,2.59375,8.42188,571,715,597,345,1,1,1,1
12.7376,0.0262203,0.723391,-1.51945,0.140124,0.970031,-1.74072,0.114267,0.502607,-1.32507,0.0053894,0.72327,-1.74915,3.51172,-2.57031,7.67969,0.21875,-0.144531,-0.515625,-2.17578,-0.121094,6.56641,-0.886719,-0.144531,0.664062,822,35,63,793,1,0,0,1
12.7477,0.0262203,0.723391,-1.51945,0.140124,0.970031,-1.74072,0.114267,0.502607,-1.32507,0.0053894,0.72327,-1.74915,3.51172,-2.57031,7.67969,0.21875,-0.144531,-0.515625,-2.17578,-0.121094,6.56641,-0.886719,-0.144531,0.664062,822,35,63,793,1,0,0,1
12.7581,0.0262203,0.723391,-1.51945,0.140124,0.970031,-1.74072,0.114267,0.502607,-1.32507,0.0053894,0.72327,-1.74915,3.51172,-2.57031,7.67969,0.21875,-0.144531,-0.515625,-2.17578,-0.121094,6.56641,-0.886719,-0.144531,0.664062,822,35,63,793,1,0,0,1
12.7683,0.0262203,0.723391,-1.51945,0.140124,0.970031,-1.74072,0.114267,0.502607,-1.32507,0.0053894,0.72327,-1.74915,3.51172,-2.57031,7.67969,0.21875,-0.144531,-0.515625,-2.17578,-0.121094,6.56641,-0.886719,-0.144531,0.664062,822,35,63,793,1,0,0,1
12.7786,0.0518957,0.741618,-1.52542,0.0457191,1.04494,-2.10401,0.0795088,0.565221,-1.35413,0.102399,0.854432,-2.07817,5.85938,-1.77734,7.67969,-2.14844,-4.55078,7.53125,-3.85547,2.91797,5.33984,-0.0703125,-2,7.78906,801,70,80,582,1,0,0,1
12.7888,0.0518957,0.741618,-1.52542,0.0457191,1.04494,-2.10401,0.0795088,0.565221,-1.35413,0.102399,0.854432,-2.07817,5.85938,-1.77734,7.67969,-2.14844,-4.55078,7.53125,-3.85547,2.91797,5.33984,-0.0703125,-2,7.78906,801,70,80,582,1,0,0,1
12.799,0.0518957,0.741618,-1.52542,0.0457191,1.04494,-2.10401,0.0795088,0.565221,-1.35413,0.102399,0.854432,-2.07817,5.85938,-1.77734,7.67969,-2.14844,-4.55078,7.53125,-3.85547,2.91797,5.33984,-0.0703125,-2,7.78906,801,70,80,582,1,0,0,1
12.8097,0.0518957,0.741618,-1.52542,0.0457191,1.04494,-2.10401,0.0795088,0.565221,-1.35413,0.102399,0.854432,-2.07817,5.85938,-1.77734,7.67969,-2.14844,-4.55078,7.53125,-3.85547,2.91797,5.33984,-0.0703125,-2,7.78906,801,70,80,582,1,0,0,1
12.8204,0.06873,0.746644,-1.51852,-0.0749672,0.792242,-1.87248,0.0659444,0.599313,-1.36265,0.138732,0.774802,-1.81702,3.28906,-1.13672,7.23438,2.37109,1.85156,1.48047,-4.72266,1.16016,4.89453,-0.960938,-0.34375,1.37109,563,74,83,530,1,0,0,1
12.8306,0.06873,0.746644,-1.51852,-0.0749672,0.792242,-1.87248,0.0659444,0.599313,-1.36265,0.138732,0.774802,-1.81702,3.28906,-1.13672,7.23438,2.37109,1.85156,1.48047,-4.72266,1.16016,4.89453,-0.960938,-0.34375,1.37109,563,74,83,530,1,0,0,1
12.8408,0.06873,0.746644,-1.51852,-0.0749672,0.792242,-1.87248,0.0659444,0.599313,-1.36265,0.138732,0.774802,-1.81702,3.28906,-1.13672,7.23438,2.37109,1.85156,1.48047,-4.72266,1.16016,4.89453,-0.960938,-0.34375,1.37109,563,74,83,530,1,0,0,1
12.8592,0.06873,0.746644,-1.51852,-0.0749672,0.792242,-1.87248,0.0659444,0.599313,-1.36265,0.138732,0.774802,-1.81702,3.28906,-1.13672,7.23438,2.37109,1.85156,1.48047,-4.72266,1.16016,4.89453,-0.960938,-0.34375,1.37109,563,74,83,530,1,0,0,1
12.8699,0.0692144,0.761662,-1.51892,-0.0944053,0.645093,-1.59167,0.0546812,0.635646,-1.38049,0.130859,0.660232,-1.5165,2.66797,-0.046875,9.125,1.40625,-0.589844,5.30469,-2.64453,0,6.23047,-0.394531,-0.394531,1.81641,834,491,111,757,1,1,0,1
12.8801,0.0692144,0.761662,-1.51892,-0.0944053,0.645093,-1.59167,0.0546812,0.635646,-1.38049,0.130859,0.660232,-1.5165,2.66797,-0.046875,9.125,1.40625,-0.589844,5.30469,-2.64453,0,6.23047,-0.394531,-0.394531,1.81641,834,491,111,757,1,1,0,1
12.8904,0.0692144,0.761662,-1.51892,-0.0944053,0.645093,-1.59167,0.0546812,0.635646,-1.38049,0.130859,0.660232,-1.5165,2.66797,-0.046875,9.125,1.40625,-0.589844,5.30469,-2.64453,0,6.23047,-0.394531,-0.394531,1.81641,834,491,111,757,1,1,0,1
12.9005,0.0715761,0.917772,-1.85904,-0.092407,0.679488,-1.55913,0.0477779,0.815253,-1.75739,0.124501,0.673675,-1.47411,-0.617188,0.0234375,0.960938,-2.69531,-0.863281,8.125,1.21094,-0.121094,1.44531,2.44531,-0.144531,7.67969,26,899,688,56,0,1,1,0
12.9111,0.0715761,0.917772,-1.85904,-0.092407,0.679488,-1.55913,0.0477779,0.815253,-1.75739,0.124501,0.673675,-1.47411,-0.617188,0.0234375,0.960938,-2.69531,-0.863281,8.125,1.21094,-0.121094,1.44531,2.44531,-0.144531,7.67969,26,899,688,56,0,1,1,0
12.9215,0.0715761,0.917772,-1.85904,-0.092407,0.679488,-1.55913,0.0477779,0.815253,-1.75739,0.124501,0.673675,-1.47411,-0.617188,0.0234375,0.960938,-2.69531,-0.863281,8.125,1.21094,-0.121094,1.44531,2.44531,-0.144531,7.67969,26,899,688,56,0,1,1,0
12.9318,0.0715761,0.917772,-1.85904,-0.092407,0.679488,-1.55913,0.0477779,0.815253,-1.75739,0.124501,0.673675,-1.47411,-0.617188,0.0234375,0.960938,-2.69531,-0.863281,8.125,1.21094,-0.121094,1.44531,2.44531,-0.144531,7.67969,26,899,688,56,0,1,1,0
12.9422,0.0632195,1.00988,-2.10623,-0.083566,0.720302,-1.55824,0.0348191,0.908992,-2.04595,0.11457,0.712249,-1.48416,0.46875,-3.68359,7.38281,-2.74219,1.55469,9.16406,-0.441406,-2.51953,7.26953,2.84375,2.29688,7.71484,56,835,627,79,0,1,1,0
12.9524,0.0632195,1.00988,-2.10623,-0.083566,0.720302,-1.55824,0.0348191,0.908992,-2.04595,0.11457,0.712249,-1.48416,0.46875,-3.68359,7.38281,-2.74219,1.55469,9.16406,-0.441406,-2.51953,7.26953,2.84375,2.29688,7.71484,56,835,627,79,0,1,1,0
12.9629,0.0632195,1.00988,-2.10623,-0.083566,0.720302,-1.55824,0.0348191,0.908992,-2.04595,0.11457,0.712249,-1.48416,0.46875,-3.68359,7.38281,-2.74219,1.55469,9.16406,-0.441406,-2.51953,7.26953,2.84375,2.29688,7.71484,56,835,627,79,0,1,1,0
12.974,0.0443263,0.842139,-1.82154,-0.0804171,0.737197,-1.55824,0.0121716,0.771956,-1.77495,0.103307,0.72109,-1.48311,-0.691406,0,1.18359,-2.66797,0.121094,8.49609,0.664062,-0.0976562,0.851562,2.76953,0.542969,7.12109,60,736,560,84,0,1,1,0
12.9853,0.0443263,0.842139,-1.82154,-0.0804171,0.737197,-1.55824,0.0121716,0.771956,-1.77495,0.103307,0.72109,-1.48311,-0.691406,0,1.18359,-2.66797,0.121094,8.49609,0.664062,-0.0976562,0.851562,2.76953,0.542969,7.12109,60,736,560,84,0,1,1,0
12.9955,0.0443263,0.842139,-1.82154,-0.0804171,0.737197,-1.55824,0.0121716,0.771956,-1.77495,0.103307,0.72109,-1.48311,-0.691406,0,1.18359,-2.66797,0.121094,8.49609,0.664062,-0.0976562,0.851562,2.76953,0.542969,7.12109,60,736,560,84,0,1,1,0
13.0058,0.0443263,0.842139,-1.82154,-0.0804171,0.737197,-1.55824,0.0121716,0.771956,-1.77495,0.103307,0.72109,-1.48311,-0.691406,0,1.18359,-2.66797,0.121094,8.49609,0.664062,-0.0976562,0.851562,2.76953,0.542969,7.12109,60,736,560,84,0,1,1,0
13.016,0.0463852,0.697715,-1.52647,-0.078116,0.755606,-1.55844,0.0023011,0.656659,-1.51335,0.0887132,0.728538,-1.48667,-0.0976562,0.417969,3.00391,-2.71875,-0.367188,8.125,0.640625,-1.13672,4.11719,2.29688,-0.171875,7.9375,289,844,760,553,1,1,1,1
13.0263,0.0463852,0.697715,-1.52647,-0.078116,0.755606,-1.55844,0.0023011,0.656659,-1.51335,0.0887132,0.728538,-1.48667,-0.0976562,0.417969,3.00391,-2.71875,-0.367188,8.125,0.640625,-1.13672,4.11719,2.29688,-0.171875,7.9375,289,844,760,553,1,1,1,1
13.0371,0.0463852,0.697715,-1.52647,-0.078116,0.755606,-1.55844,0.0023011,0.656659,-1.51335,0.0887132,0.728538,-1.48667,-0.0976562,0.417969,3.00391,-2.71875,-0.367188,8.125,0.640625,-1.13672,4.11719,2.29688,-0.171875,7.9375,289,844,760,553,1,1,1,1
13.0477,0.0463852,0.697715,-1.52647,-0.078116,0.755606,-1.55844,0.0023011,0.656659,-1.51335,0.0887132,0.728538,-1.48667,-0.0976562,0.417969,3.00391,-2.71875,-0.367188,8.125,0.640625,-1.13672,4.11719,2.29688,-0.171875,7.9375,289,844,760,553,1,1,1,1
13.0579,0.0611001,0.699229,-1.50673,-0.086291,0.894156,-1.8703,-0.0227081,0.667256,-1.49103,0.0890159,0.883377,-1.81899,4.44922,-0.320312,7.71484,0.886719,0.0976562,0.589844,-3.38672,0.738281,8.86719,-1.35938,-0.144531,0.703125,705,43,54,807,1,0,0,1
13.0681,0.0611001,0.699229,-1.50673,-0.086291,0.894156,-1.8703,-0.0227081,0.667256,-1.49103,0.0890159,0.883377,-1.81899,4.44922,-0.320312,7.71484,0.886719,0.0976562,0.589844,-3.38672,0.738281,8.86719,-1.35938,-0.144531,0.703125,705,43,54,807,1,0,0,1
13.0784,0.0611001,0.699229,-1.50673,-0.086291,0.894156,-1.8703,-0.0227081,0.667256,-1.49103,0.0890159,0.883377,-1.81899,4.44922,-0.320312,7.71484,0.886719,0.0976562,0.589844,-3.38672,0.738281,8.86719,-1.35938,-0.144531,0.703125,705,43,54,807,1,0,0,1
13.0885,0.0611001,0.699229,-1.50673,-0.086291,0.894156,-1.8703,-0.0227081,0.667256,-1.49103,0.0890159,0.883377,-1.81899,4.44922,-0.320312,7.71484,0.886719,0.0976562,0.589844,-3.38672,0.738281,8.86719,-1.35938,-0.144531,0.703125,705,43,54,807,1,0,0,1
13.1021,0.0572851,0.706496,-1.50693,-0.0856249,1.00388,-2.13174,-0.0394213,0.678338,-1.49151,0.0998553,1.0037,-2.10893,4.20312,1.48047,9.125,-0.566406,-2.42188,6.9375,-4.375,3.95703,8.90234,0.0976562,-2.32422,6.89844,708,72,75,689,1,0,0,1
13.1127,0.0572851,0.706496,-1.50693,-0.0856249,1.00388,-2.13174,-0.0394213,0.678338,-1.49151,0.0998553,1.0037,-2.10893,4.20312,1.48047,9.125,-0.566406,-2.42188,6.9375,-4.375,3.95703,8.90234,0.0976562,-2.32422,6.89844,708,72,75,689,1,0,0,1
13.1232,0.0572851,0.706496,-1.50693,-0.0856249,1.00388,-2.13174,-0.0394213,0.678338,-1.49151,0.0998553,1.0037,-2.10893,4.20312,1.48047,9.125,-0.566406,-2.42188,6.9375,-4.375,3.95703,8.90234,0.0976562,-2.32422,6.89844,708,72,75,689,1,0,0,1
13.1334,0.0581934,0.704134,-1.50536,-0.0541968,0.863818,-1.83272,-0.0451741,0.679549,-1.49083,0.0784794,0.867996,-1.81597,3.21484,1.38281,8.49609,0.714844,-0.394531,1.03516,-3.78125,2.17578,8.27344,-0.417969,-0.394531,0.851562,537,77,80,592,1,0,0,1
13.1436,0.0581934,0.704134,-1.50536,-0.0541968,0.863818,-1.83272,-0.0451741,0.679549,-1.49083,0.0784794,0.867996,-1.81597,3.21484,1.38281,8.49609,0.714844,-0.394531,1.03516,-3.78125,2.17578,8.27344,-0.417969,-0.394531,0.851562,537,77,80,592,1,0,0,1
13.1542,0.0581934,0.704134,-1.50536,-0.0541968,0.863818,-1.83272,-0.0451741,0.679549,-1.49083,0.0784794,0.867996,-1.81597,3.21484,1.38281,8.49609,0.714844,-0.394531,1.03516,-3.78125,2.17578,8.27344,-0.417969,-0.394531,0.851562,537,77,80,592,1,0,0,1
13.1646,0.0581934,0.704134,-1.50536,-0.0541968,0.863818,-1.83272,-0.0451741,0.679549,-1.49083,0.0784794,0.867996,-1.81597,3.21484,1.38281,8.49609,0.714844,-0.394531,1.03516,-3.78125,2.17578,8.27344,-0.417969,-0.394531,0.851562,537,77,80,592,1,0,0,1
13.1748,0.0485046,0.710129,-1.5058,-0.040693,0.736047,-1.56087,-0.0517746,0.686392,-1.49353,0.0702439,0.738832,-1.52663,4.40234,0.789062,8.67969,0.664062,-1.92578,3.78125,-2.17578,0.292969,8.64453,-0.046875,-0.863281,2.74219,698,541,187,814,1,1,0,1
13.1851,0.0485046,0.710129,-1.5058,-0.040693,0.736047,-1.56087,-0.0517746,0.686392,-1.49353,0.0702439,0.738832,-1.52663,4.40234,0.789062,8.67969,0.664062,-1.92578,3.78125,-2.17578,0.292969,8.64453,-0.046875,-0.863281,2.74219,698,541,187,814,1,1,0,1
13.1953,0.0485046,0.710129,-1.5058,-0.040693,0.736047,-1.56087,-0.0517746,0.686392,-1.49353,0.0702439,0.738832,-1.52663,4.40234,0.789062,8.67969,0.664062,-1.92578,3.78125,-2.17578,0.292969,8.64453,-0.046875,-0.863281,2.74219,698,541,187,814,1,1,0,1
13.2055,0.0485046,0.710129,-1.5058,-0.040693,0.736047,-1.56087,-0.0517746,0.686392,-1.49353,0.0702439,0.738832,-1.52663,4.40234,0.789062,8.67969,0.664062,-1.92578,3.78125,-2.17578,0.292969,8.64453,-0.046875,-0.863281,2.74219,698,541,187,814,1,1,0,1
13.216,0.0438419,0.856612,-1.83195,-0.0373019,0.745312,-1.52449,-0.0567401,0.842987,-1.83752,0.0620689,0.727085,-1.48723,-1.45703,0.21875,0.886719,-1.40625,0.492188,8.19922,1.85156,0.046875,1.03516,0,-1.97656,7.23438,35,845,818,51,0,1,1,0
13.2265,0.0438419,0.856612,-1.83195,-0.0373019,0.745312,-1.52449,-0.0567401,0.842987,-1.83752,0.0620689,0.727085,-1.48723,-1.45703,0.21875,0.886719,-1.40625,0.492188,8.19922,1.85156,0.046875,1.03516,0,-1.97656,7.23438,35,845,818,51,0,1,1,0
13.2366,0.0438419,0.856612,-1.83195,-0.0373019,0.745312,-1.52449,-0.0567401,0.842987,-1.83752,0.0620689,0.727085,-1.48723,-1.45703,0.21875,0.886719,-1.40625,0.492188,8.19922,1.85156,0.046875,1.03516,0,-1.97656,7.23438,35,845,818,51,0,1,1,0
13.2469,0.0438419,0.856612,-1.83195,-0.0373019,0.745312,-1.52449,-0.0567401,0.842987,-1.83752,0.0620689,0.727085,-1.48723,-1.45703,0.21875,0.886719,-1.40625,0.492188,8.19922,1.85156,0.046875,1.03516,0,-1.97656,7.23438,35,845,818,51,0,1,1,0
13.2573,0.039603,1.00527,-2.09484,-0.0167738,0.765477,-1.52179,-0.0398452,0.957981,-2.10352,0.0429335,0.730294,-1.49074,0.589844,-2.81641,7.38281,0.0703125,3.85547,10.832,0.46875,-2.37109,7.19531,-1.40625,0.046875,7.90234,62,725,637,78,0,1,1,0
13.2675,0.039603,1.00527,-2.09484,-0.0167738,0.765477,-1.52179,-0.0398452,0.957981,-2.10352,0.0429335,0.730294,-1.49074,0.589844,-2.81641,7.38281,0.0703125,3.85547,10.832,0.46875,-2.37109,7.19531,-1.40625,0.046875,7.90234,62,725,637,78,0,1,1,0
13.278,0.039603,1.00527,-2.09484,-0.0167738,0.765477,-1.52179,-0.0398452,0.957981,-2.10352,0.0429335,0.730294,-1.49074,0.589844,-2.81641,7.38281,0.0703125,3.85547,10.832,0.46875,-2.37109,7.19531,-1.40625,0.046875,7.90234,62,725,637,78,0,1,1,0
13.2885,0.039603,1.00527,-2.09484,-0.0167738,0.765477,-1.52179,-0.0398452,0.957981,-2.10352,0.0429335,0.730294,-1.49074,0.589844,-2.81641,7.38281,0.0703125,3.85547,10.832,0.46875,-2.37109,7.19531,-1.40625,0.046875,7.90234,62,725,637,78,0,1,1,0
13.2989,0.0287637,0.924615,-1.82364,0.0059344,0.777527,-1.51505,0.0050866,0.852434,-1.81064,0.0187115,0.716366,-1.48307,-0.320312,-1.13672,1.10938,0.441406,2.94141,11.168,0.0976562,-0.417969,0.8125,-0.144531,-0.195312,8.30859,64,700,601,83,0,1,1,0
13.3125,0.0287637,0.924615,-1.82364,0.0059344,0.777527,-1.51505,0.0050866,0.852434,-1.81064,0.0187115,0.716366,-1.48307,-0.320312,-1.13672,1.10938,0.441406,2.94141,11.168,0.0976562,-0.417969,0.8125,-0.144531,-0.195312,8.30859,64,700,601,83,0,1,1,0
13.3231,0.0287637,0.924615,-1.82364,0.0059344,0.777527,-1.51505,0.0050866,0.852434,-1.81064,0.0187115,0.716366,-1.48307,-0.320312,-1.13672,1.10938,0.441406,2.94141,11.168,0.0976562,-0.417969,0.8125,-0.144531,-0.195312,8.30859,64,700,601,83,0,1,1,0
13.3337,0.0354247,0.791818,-1.54492,0.0271287,0.799508,-1.50391,0.00435996,0.747794,-1.54601,-0.0131404,0.685665,-1.47871,-0.617188,-0.492188,3.00391,-0.542969,2.10156,11.2773,0.269531,-2.57031,3.22656,0.960938,-0.542969,9.53516,418,775,711,499,1,1,1,1
13.3458,0.0354247,0.791818,-1.54492,0.0271287,0.799508,-1.50391,0.00435996,0.747794,-1.54601,-0.0131404,0.685665,-1.47871,-0.617188,-0.492188,3.00391,-0.542969,2.10156,11.2773,0.269531,-2.57031,3.22656,0.960938,-0.542969,9.53516,418,775,711,499,1,1,1,1
13.358,0.0354247,0.791818,-1.54492,0.0271287,0.799508,-1.50391,0.00435996,0.747794,-1.54601,-0.0131404,0.685665,-1.47871,-0.617188,-0.492188,3.00391,-0.542969,2.10156,11.2773,0.269531,-2.57031,3.22656,0.960938,-0.542969,9.53516,418,775,711,499,1,1,1,1
13.3737,0.115055,0.770079,-1.545,0.00581329,0.966338,-1.84382,-0.0667317,0.79745,-1.54218,0.00205887,0.836508,-1.82279,6.77734,-1.43359,8.19922,0,0,0.367188,-5.71094,1.10938,10.1289,-0.144531,0.292969,0.925781,866,47,52,890,1,0,0,1
13.3859,0.115055,0.770079,-1.545,0.00581329,0.966338,-1.84382,-0.0667317,0.79745,-1.54218,0.00205887,0.836508,-1.82279,6.77734,-1.43359,8.19922,0,0,0.367188,-5.71094,1.10938,10.1289,-0.144531,0.292969,0.925781,866,47,52,890,1,0,0,1
13.3961,0.115055,0.770079,-1.545,0.00581329,0.966338,-1.84382,-0.0667317,0.79745,-1.54218,0.00205887,0.836508,-1.82279,6.77734,-1.43359,8.19922,0,0,0.367188,-5.71094,1.10938,10.1289,-0.144531,0.292969,0.925781,866,47,52,890,1,0,0,1
13.4064,0.115055,0.770079,-1.545,0.00581329,0.966338,-1.84382,-0.0667317,0.79745,-1.54218,0.00205887,0.836508,-1.82279,6.77734,-1.43359,8.19922,0,0,0.367188,-5.71094,1.10938,10.1289,-0.144531,0.292969,0.925781,866,47,52,890,1,0,0,1
13.4166,0.164044,0.755848,-1.545,-0.122018,1.08733,-2.14619,-0.130012,0.829604,-1.5452,0.134796,1.01848,-2.13267,7.26953,2.34766,9.86719,-1.60547,-2.79297,6.67578,-6.00781,2.69531,8.82812,0.394531,-1.90234,7.04688,739,74,73,688,1,0,0,1
13.4311,0.164044,0.755848,-1.545,-0.122018,1.08733,-2.14619,-0.130012,0.829604,-1.5452,0.134796,1.01848,-2.13267,7.26953,2.34766,9.86719,-1.60547,-2.79297,6.67578,-6.00781,2.69531,8.82812,0.394531,-1.90234,7.04688,739,74,73,688,1,0,0,1
13.4494,0.164044,0.755848,-1.545,-0.122018,1.08733,-2.14619,-0.130012,0.829604,-1.5452,0.134796,1.01848,-2.13267,7.26953,2.34766,9.86719,-1.60547,-2.79297,6.67578,-6.00781,2.69531,8.82812,0.394531,-1.90234,7.04688,739,74,73,688,1,0,0,1
13.4595,0.225507,0.72769,-1.53794,-0.22363,0.906751,-1.90341,-0.189235,0.854553,-1.54331,0.209884,0.976511,-1.87951,4.67188,2.71875,9.3125,1.75391,0.046875,0.960938,-4.96875,0.144531,7.75391,-1.33203,-0.960938,1.29688,418,78,78,470,1,0,0,1
13.4697,0.225507,0.72769,-1.53794,-0.22363,0.906751,-1.90341,-0.189235,0.854553,-1.54331,0.209884,0.976511,-1.87951,4.67188,2.71875,9.3125,1.75391,0.046875,0.960938,-4.96875,0.144531,7.75391,-1.33203,-0.960938,1.29688,418,78,78,470,1,0,0,1
13.4807,0.225507,0.72769,-1.53794,-0.22363,0.906751,-1.90341,-0.189235,0.854553,-1.54331,0.209884,0.976511,-1.87951,4.67188,2.71875,9.3125,1.75391,0.046875,0.960938,-4.96875,0.144531,7.75391,-1.33203,-0.960938,1.29688,418,78,78,470,1,0,0,1
13.4911,0.225507,0.72769,-1.53794,-0.22363,0.906751,-1.90341,-0.189235,0.854553,-1.54331,0.209884,0.976511,-1.87951,4.67188,2.71875,9.3125,1.75391,0.046875,0.960938,-4.96875,0.144531,7.75391,-1.33203,-0.960938,1.29688,418,78,78,470,1,0,0,1
13.5013,0.289574,0.705951,-1.53709,-0.201467,0.752881,-1.60354,-0.254755,0.885012,-1.54379,0.173248,0.853645,-1.5821,3.70703,1.70312,9.49609,0.765625,-1.13672,1.89062,-3.33594,-0.789062,8.27344,0.046875,-1.25781,2.41016,577,146,163,681,1,0,0,1
13.5115,0.289574,0.705951,-1.53709,-0.201467,0.752881,-1.60354,-0.254755,0.885012,-1.54379,0.173248,0.853645,-1.5821,3.70703,1.70312,9.49609,0.765625,-1.13672,1.89062,-3.33594,-0.789062,8.27344,0.046875,-1.25781,2.41016,577,146,163,681,1,0,0,1
13.5218,0.289574,0.705951,-1.53709,-0.201467,0.752881,-1.60354,-0.254755,0.885012,-1.54379,0.173248,0.853645,-1.5821,3.70703,1.70312,9.49609,0.765625,-1.13672,1.89062,-3.33594,-0.789062,8.27344,0.046875,-1.25781,2.41016,577,146,163,681,1,0,0,1
13.5354,0.289574,0.705951,-1.53709,-0.201467,0.752881,-1.60354,-0.254755,0.885012,-1.54379,0.173248,0.853645,-1.5821,3.70703,1.70312,9.49609,0.765625,-1.13672,1.89062,-3.33594,-0.789062,8.27344,0.046875,-1.25781,2.41016,577,146,163,681,1,0,0,1
13.5459,0.323303,0.920679,-1.89404,-0.114449,0.767959,-1.52562,-0.298173,1.00467,-1.90785,0.0925281,0.793392,-1.51977,-2.32422,1.13672,0.257812,-0.566406,-0.21875,9.64453,2,-0.515625,0.960938,0.515625,-0.492188,9.86719,38,976,874,56,0,1,1,0
13.5561,0.323303,0.920679,-1.89404,-0.114449,0.767959,-1.52562,-0.298173,1.00467,-1.90785,0.0925281,0.793392,-1.51977,-2.32422,1.13672,0.257812,-0.566406,-0.21875,9.64453,2,-0.515625,0.960938,0.515625,-0.492188,9.86719,38,976,874,56,0,1,1,0
13.5663,0.323303,0.920679,-1.89404,-0.114449,0.767959,-1.52562,-0.298173,1.00467,-1.90785,0.0925281,0.793392,-1.51977,-2.32422,1.13672,0.257812,-0.566406,-0.21875,9.64453,2,-0.515625,0.960938,0.515625,-0.492188,9.86719,38,976,874,56,0,1,1,0
13.5765,0.198257,1.25403,-2.15855,-0.0493524,0.814526,-1.52433,-0.171674,0.924736,-2.17316,0.0244642,0.759784,-1.51658,-1.40625,-4.47656,8.86719,-0.789062,1.87891,11.5742,2.19922,-2.76953,8.19922,1.43359,1.40625,9.125,61,893,612,75,0,1,1,0
13.5867,0.198257,1.25403,-2.15855,-0.0493524,0.814526,-1.52433,-0.171674,0.924736,-2.17316,0.0244642,0.759784,-1.51658,-1.40625,-4.47656,8.86719,-0.789062,1.87891,11.5742,2.19922,-2.76953,8.19922,1.43359,1.40625,9.125,61,893,612,75,0,1,1,0
13.5968,0.198257,1.25403,-2.15855,-0.0493524,0.814526,-1.52433,-0.171674,0.924736,-2.17316,0.0244642,0.759784,-1.51658,-1.40625,-4.47656,8.86719,-0.789062,1.87891,11.5742,2.19922,-2.76953,8.19922,1.43359,1.40625,9.125,61,893,612,75,0,1,1,0
13.607,0.198257,1.25403,-2.15855,-0.0493524,0.814526,-1.52433,-0.171674,0.924736,-2.17316,0.0244642,0.759784,-1.51658,-1.40625,-4.47656,8.86719,-0.789062,1.87891,11.5742,2.19922,-2.76953,8.19922,1.43359,1.40625,9.125,61,893,612,75,0,1,1,0
13.6176,-0.0970092,1.10749,-1.77463,0.0124138,0.850556,-1.51238,0.095677,0.659081,-1.78064,-0.0412985,0.695596,-1.48481,1.85156,-1.43359,0.703125,-3.92969,-0.789062,10.1289,-1.80469,1.23438,0,2.32422,0.738281,9.49609,66,779,600,80,0,1,1,0
13.6278,-0.0970092,1.10749,-1.77463,0.0124138,0.850556,-1.51238,0.095677,0.659081,-1.78064,-0.0412985,0.695596,-1.48481,1.85156,-1.43359,0.703125,-3.92969,-0.789062,10.1289,-1.80469,1.23438,0,2.32422,0.738281,9.49609,66,779,600,80,0,1,1,0
13.6382,-0.0970092,1.10749,-1.77463,0.0124138,0.850556,-1.51238,0.095677,0.659081,-1.78064,-0.0412985,0.695596,-1.48481,1.85156,-1.43359,0.703125,-3.92969,-0.789062,10.1289,-1.80469,1.23438,0,2.32422,0.738281,9.49609,66,779,600,80,0,1,1,0
13.6489,-0.0970092,1.10749,-1.77463,0.0124138,0.850556,-1.51238,0.095677,0.659081,-1.78064,-0.0412985,0.695596,-1.48481,1.85156,-1.43359,0.703125,-3.92969,-0.789062,10.1289,-1.80469,1.23438,0,2.32422,0.738281,9.49609,66,779,600,80,0,1,1,0
13.6624,-0.11996,0.851949,-1.39232,0.0672161,0.884104,-1.46063,0.138853,0.592289,-1.49288,-0.0953137,0.626079,-1.44727,0.246094,1.25781,-0.441406,-5.58984,-3.53516,7.53125,-2.39844,-1.21094,1.55469,5.78516,2.86719,10.6484,334,701,601,186,1,1,1,0
13.6727,-0.11996,0.851949,-1.39232,0.0672161,0.884104,-1.46063,0.138853,0.592289,-1.49288,-0.0953137,0.626079,-1.44727,0.246094,1.25781,-0.441406,-5.58984,-3.53516,7.53125,-2.39844,-1.21094,1.55469,5.78516,2.86719,10.6484,334,701,601,186,1,1,1,0
13.6829,-0.11996,0.851949,-1.39232,0.0672161,0.884104,-1.46063,0.138853,0.592289,-1.49288,-0.0953137,0.626079,-1.44727,0.246094,1.25781,-0.441406,-5.58984,-3.53516,7.53125,-2.39844,-1.21094,1.55469,5.78516,2.86719,10.6484,334,701,601,186,1,1,1,0
13.6931,-0.066005,0.82373,-1.42179,0.0460824,1.10985,-1.78205,0.0752699,0.668286,-1.51945,-0.0798721,0.726116,-1.78646,4.17969,-0.664062,5.63672,0.8125,0.046875,-0.367188,-2.86719,-0.0234375,9.34766,0.292969,0.0976562,0.554688,728,39,54,882,1,0,0,1
13.7033,-0.066005,0.82373,-1.42179,0.0460824,1.10985,-1.78205,0.0752699,0.668286,-1.51945,-0.0798721,0.726116,-1.78646,4.17969,-0.664062,5.63672,0.8125,0.046875,-0.367188,-2.86719,-0.0234375,9.34766,0.292969,0.0976562,0.554688,728,39,54,882,1,0,0,1
13.7139,-0.066005,0.82373,-1.42179,0.0460824,1.10985,-1.78205,0.0752699,0.668286,-1.51945,-0.0798721,0.726116,-1.78646,4.17969,-0.664062,5.63672,0.8125,0.046875,-0.367188,-2.86719,-0.0234375,9.34766,0.292969,0.0976562,0.554688,728,39,54,882,1,0,0,1
13.7241,-0.066005,0.82373,-1.42179,0.0460824,1.10985,-1.78205,0.0752699,0.668286,-1.51945,-0.0798721,0.726116,-1.78646,4.17969,-0.664062,5.63672,0.8125,0.046875,-0.367188,-2.86719,-0.0234375,9.34766,0.292969,0.0976562,0.554688,728,39,54,882,1,0,0,1
13.7345,-0.0257965,0.803808,-1.4752,-0.141154,1.26621,-2.17421,0.0147148,0.733261,-1.54783,0.159684,0.93273,-2.17796,5.26562,-0.34375,6.71484,-2.57031,-5.01953,8.16016,-1.80469,2.37109,7.12109,-0.21875,-0.417969,7.82812,738,74,74,734,1,0,0,1
13.7473,-0.0257965,0.803808,-1.4752,-0.141154,1.26621,-2.17421,0.0147148,0.733261,-1.54783,0.159684,0.93273,-2.17796,5.26562,-0.34375,6.71484,-2.57031,-5.01953,8.16016,-1.80469,2.37109,7.12109,-0.21875,-0.417969,7.82812,738,74,74,734,1,0,0,1
13.7581,-0.0257965,0.803808,-1.4752,-0.141154,1.26621,-2.17421,0.0147148,0.733261,-1.54783,0.159684,0.93273,-2.17796,5.26562,-0.34375,6.71484,-2.57031,-5.01953,8.16016,-1.80469,2.37109,7.12109,-0.21875,-0.417969,7.82812,738,74,74,734,1,0,0,1
13.7684,-0.0257965,0.803808,-1.4752,-0.141154,1.26621,-2.17421,0.0147148,0.733261,-1.54783,0.159684,0.93273,-2.17796,5.26562,-0.34375,6.71484,-2.57031,-5.01953,8.16016,-1.80469,2.37109,7.12109,-0.21875,-0.417969,7.82812,738,74,74,734,1,0,0,1
13.7809,0.0130799,0.769473,-1.4943,-0.273527,0.966217,-1.96162,-0.030762,0.764508,-1.55538,0.307014,0.983535,-1.94543,2.86719,0.34375,7.49219,2.42188,2.76953,1.77734,-2.66797,0.46875,6.60156,-2.59375,-1.08594,0.925781,796,75,78,702,1,0,0,1
13.7963,0.0130799,0.769473,-1.4943,-0.273527,0.966217,-1.96162,-0.030762,0.764508,-1.55538,0.307014,0.983535,-1.94543,2.86719,0.34375,7.49219,2.42188,2.76953,1.77734,-2.66797,0.46875,6.60156,-2.59375,-1.08594,0.925781,796,75,78,702,1,0,0,1
13.8068,0.0130799,0.769473,-1.4943,-0.273527,0.966217,-1.96162,-0.030762,0.764508,-1.55538,0.307014,0.983535,-1.94543,2.86719,0.34375,7.49219,2.42188,2.76953,1.77734,-2.66797,0.46875,6.60156,-2.59375,-1.08594,0.925781,796,75,78,702,1,0,0,1
13.817,0.0449924,0.739377,-1.50835,-0.255724,0.768625,-1.65085,-0.0548629,0.794906,-1.58222,0.266987,0.909053,-1.66244,0,1.10938,8.01172,2.49609,-0.0976562,4.07812,-1.08594,-1.33203,7.23438,0.640625,1.33203,0.960938,878,208,142,867,1,1,0,1
13.8272,0.0449924,0.739377,-1.50835,-0.255724,0.768625,-1.65085,-0.0548629,0.794906,-1.58222,0.266987,0.909053,-1.66244,0,1.10938,8.01172,2.49609,-0.0976562,4.07812,-1.08594,-1.33203,7.23438,0.640625,1.33203,0.960938,878,208,142,867,1,1,0,1
13.8374,0.0449924,0.739377,-1.50835,-0.255724,0.768625,-1.65085,-0.0548629,0.794906,-1.58222,0.266987,0.909053,-1.66244,0,1.10938,8.01172,2.49609,-0.0976562,4.07812,-1.08594,-1.33203,7.23438,0.640625,1.33203,0.960938,878,208,142,867,1,1,0,1
13.8476,0.0449924,0.739377,-1.50835,-0.255724,0.768625,-1.65085,-0.0548629,0.794906,-1.58222,0.266987,0.909053,-1.66244,0,1.10938,8.01172,2.49609,-0.0976562,4.07812,-1.08594,-1.33203,7.23438,0.640625,1.33203,0.960938,878,208,142,867,1,1,0,1
13.8581,0.0784188,0.904148,-1.8676,-0.219149,0.76039,-1.60039,-0.0659444,0.940602,-1.91467,0.22472,0.880047,-1.63341,-1.16016,0.121094,1.07422,-1.90234,-0.8125,8.125,1.40625,-0.246094,1.03516,1.67969,-1.01172,8.53125,23,757,645,51,0,1,1,0
13.8684,0.0784188,0.904148,-1.8676,-0.219149,0.76039,-1.60039,-0.0659444,0.940602,-1.91467,0.22472,0.880047,-1.63341,-1.16016,0.121094,1.07422,-1.90234,-0.8125,8.125,1.40625,-0.246094,1.03516,1.67969,-1.01172,8.53125,23,757,645,51,0,1,1,0
13.8786,0.0784188,0.904148,-1.8676,-0.219149,0.76039,-1.60039,-0.0659444,0.940602,-1.91467,0.22472,0.880047,-1.63341,-1.16016,0.121094,1.07422,-1.90234,-0.8125,8.125,1.40625,-0.246094,1.03516,1.67969,-1.01172,8.53125,23,757,645,51,0,1,1,0
13.8892,0.0784188,0.904148,-1.8676,-0.219149,0.76039,-1.60039,-0.0659444,0.940602,-1.91467,0.22472,0.880047,-1.63341,-1.16016,0.121094,1.07422,-1.90234,-0.8125,8.125,1.40625,-0.246094,1.03516,1.67969,-1.01172,8.53125,23,757,645,51,0,1,1,0
13.8994,0.0437813,1.078,-2.10812,-0.186086,0.779404,-1.60584,-0.0166526,0.986079,-2.13719,0.188387,0.870782,-1.63826,-0.0703125,-3.28906,7.26953,-1.23438,2.05078,10.1289,-0.121094,-2.47266,6.97266,1.48047,1.60547,8.60547,57,870,634,79,0,1,1,0
13.9096,0.0437813,1.078,-2.10812,-0.186086,0.779404,-1.60584,-0.0166526,0.986079,-2.13719,0.188387,0.870782,-1.63826,-0.0703125,-3.28906,7.26953,-1.23438,2.05078,10.1289,-0.121094,-2.47266,6.97266,1.48047,1.60547,8.60547,57,870,634,79,0,1,1,0
13.9199,0.0437813,1.078,-2.10812,-0.186086,0.779404,-1.60584,-0.0166526,0.986079,-2.13719,0.188387,0.870782,-1.63826,-0.0703125,-3.28906,7.26953,-1.23438,2.05078,10.1289,-0.121094,-2.47266,6.97266,1.48047,1.60547,8.60547,57,870,634,79,0,1,1,0
13.9301,0.0437813,1.078,-2.10812,-0.186086,0.779404,-1.60584,-0.0166526,0.986079,-2.13719,0.188387,0.870782,-1.63826,-0.0703125,-3.28906,7.26953,-1.23438,2.05078,10.1289,-0.121094,-2.47266,6.97266,1.48047,1.60547,8.60547,57,870,634,79,0,1,1,0
13.9408,-0.017561,0.952168,-1.81023,-0.166769,0.779586,-1.60552,0.033487,0.823609,-1.82832,0.15932,0.848921,-1.63705,0.171875,-0.738281,1.14844,-1.48047,0.886719,9.16406,-0.492188,0.0976562,0.589844,2.17578,0.839844,8.86719,63,727,542,84,0,1,1,0
13.9512,-0.017561,0.952168,-1.81023,-0.166769,0.779586,-1.60552,0.033487,0.823609,-1.82832,0.15932,0.848921,-1.63705,0.171875,-0.738281,1.14844,-1.48047,0.886719,9.16406,-0.492188,0.0976562,0.589844,2.17578,0.839844,8.86719,63,727,542,84,0,1,1,0
13.9614,-0.017561,0.952168,-1.81023,-0.166769,0.779586,-1.60552,0.033487,0.823609,-1.82832,0.15932,0.848921,-1.63705,0.171875,-0.738281,1.14844,-1.48047,0.886719,9.16406,-0.492188,0.0976562,0.589844,2.17578,0.839844,8.86719,63,727,542,84,0,1,1,0
13.9718,-0.017561,0.952168,-1.81023,-0.166769,0.779586,-1.60552,0.033487,0.823609,-1.82832,0.15932,0.848921,-1.63705,0.171875,-0.738281,1.14844,-1.48047,0.886719,9.16406,-0.492188,0.0976562,0.589844,2.17578,0.839844,8.86719,63,727,542,84,0,1,1,0
13.982,-0.0227081,0.793998,-1.52962,-0.133039,0.786731,-1.60055,0.0301564,0.71891,-1.58469,0.12323,0.822822,-1.63523,0.195312,-0.21875,4.07812,-0.9375,1.03516,8.49609,-0.34375,-2.10156,4.07812,0.171875,-0.171875,9.53516,668,642,652,571,1,1,1,1
13.9923,-0.0227081,0.793998,-1.52962,-0.133039,0.786731,-1.60055,0.0301564,0.71891,-1.58469,0.12323,0.822822,-1.63523,0.195312,-0.21875,4.07812,-0.9375,1.03516,8.49609,-0.34375,-2.10156,4.07812,0.171875,-0.171875,9.53516,668,642,652,571,1,1,1,1
14.0026,-0.0227081,0.793998,-1.52962,-0.133039,0.786731,-1.60055,0.0301564,0.71891,-1.58469,0.12323,0.822822,-1.63523,0.195312,-0.21875,4.07812,-0.9375,1.03516,8.49609,-0.34375,-2.10156,4.07812,0.171875,-0.171875,9.53516,668,642,652,571,1,1,1,1
14.0127,0.0453557,0.778496,-1.53967,-0.151751,0.923404,-1.90256,-0.0248882,0.745312,-1.5691,0.135946,0.959798,-1.9292,9.25,-2.34766,8.45703,0.292969,-0.121094,0.332031,-7.66797,1.77734,11.0938,-1.08594,0.566406,0.109375,822,45,57,873,1,0,0,1
14.0229,0.0453557,0.778496,-1.53967,-0.151751,0.923404,-1.90256,-0.0248882,0.745312,-1.5691,0.135946,0.959798,-1.9292,9.25,-2.34766,8.45703,0.292969,-0.121094,0.332031,-7.66797,1.77734,11.0938,-1.08594,0.566406,0.109375,822,45,57,873,1,0,0,1
14.0335,0.0453557,0.778496,-1.53967,-0.151751,0.923404,-1.90256,-0.0248882,0.745312,-1.5691,0.135946,0.959798,-1.9292,9.25,-2.34766,8.45703,0.292969,-0.121094,0.332031,-7.66797,1.77734,11.0938,-1.08594,0.566406,0.109375,822,45,57,873,1,0,0,1
14.0438,0.0453557,0.778496,-1.53967,-0.151751,0.923404,-1.90256,-0.0248882,0.745312,-1.5691,0.135946,0.959798,-1.9292,9.25,-2.34766,8.45703,0.292969,-0.121094,0.332031,-7.66797,1.77734,11.0938,-1.08594,0.566406,0.109375,822,45,57,873,1,0,0,1
14.0541,0.0873204,0.762873,-1.53935,-0.225204,1.043,-2.1925,-0.0772077,0.763054,-1.56842,0.200922,1.10634,-2.20259,9.89453,1.77734,10.0156,-0.664062,-2.02734,7.38281,-8.75391,3.70703,10.5,-0.0976562,-2.32422,7.30859,812,73,78,765,1,0,0,1
14.0645,0.0873204,0.762873,-1.53935,-0.225204,1.043,-2.1925,-0.0772077,0.763054,-1.56842,0.200922,1.10634,-2.20259,9.89453,1.77734,10.0156,-0.664062,-2.02734,7.38281,-8.75391,3.70703,10.5,-0.0976562,-2.32422,7.30859,812,73,78,765,1,0,0,1
14.0746,0.0873204,0.762873,-1.53935,-0.225204,1.043,-2.1925,-0.0772077,0.763054,-1.56842,0.200922,1.10634,-2.20259,9.89453,1.77734,10.0156,-0.664062,-2.02734,7.38281,-8.75391,3.70703,10.5,-0.0976562,-2.32422,7.30859,812,73,78,765,1,0,0,1
14.0847,0.0873204,0.762873,-1.53935,-0.225204,1.043,-2.1925,-0.0772077,0.763054,-1.56842,0.200922,1.10634,-2.20259,9.89453,1.77734,10.0156,-0.664062,-2.02734,7.38281,-8.75391,3.70703,10.5,-0.0976562,-2.32422,7.30859,812,73,78,765,1,0,0,1
14.095,0.149329,0.723815,-1.5379,-0.242462,0.902331,-1.90212,-0.118627,0.781947,-1.56692,0.157564,0.995222,-1.89901,6.05859,2.99219,8.79297,1.13672,-0.269531,0.738281,-7.02344,1.95312,8.97656,-0.46875,-0.441406,1.07422,464,77,82,596,1,0,0,1
14.1052,0.149329,0.723815,-1.5379,-0.242462,0.902331,-1.90212,-0.118627,0.781947,-1.56692,0.157564,0.995222,-1.89901,6.05859,2.99219,8.79297,1.13672,-0.269531,0.738281,-7.02344,1.95312,8.97656,-0.46875,-0.441406,1.07422,464,77,82,596,1,0,0,1
14.1155,0.149329,0.723815,-1.5379,-0.242462,0.902331,-1.90212,-0.118627,0.781947,-1.56692,0.157564,0.995222,-1.89901,6.05859,2.99219,8.79297,1.13672,-0.269531,0.738281,-7.02344,1.95312,8.97656,-0.46875,-0.441406,1.07422,464,77,82,596,1,0,0,1
14.126,0.149329,0.723815,-1.5379,-0.242462,0.902331,-1.90212,-0.118627,0.781947,-1.56692,0.157564,0.995222,-1.89901,6.05859,2.99219,8.79297,1.13672,-0.269531,0.738281,-7.02344,1.95312,8.97656,-0.46875,-0.441406,1.07422,464,77,82,596,1,0,0,1
14.1362,0.209823,0.686089,-1.53862,-0.206674,0.770987,-1.60313,-0.167435,0.815495,-1.56854,0.0964642,0.852131,-1.61775,4.375,1.65625,8.34766,0.664062,-0.8125,1.77734,-4.30078,0.839844,8.97656,0.0976562,-0.394531,3.67188,571,82,216,828,1,0,1,1
14.1464,0.209823,0.686089,-1.53862,-0.206674,0.770987,-1.60313,-0.167435,0.815495,-1.56854,0.0964642,0.852131,-1.61775,4.375,1.65625,8.34766,0.664062,-0.8125,1.77734,-4.30078,0.839844,8.97656,0.0976562,-0.394531,3.67188,571,82,216,828,1,0,1,1
14.1566,0.209823,0.686089,-1.53862,-0.206674,0.770987,-1.60313,-0.167435,0.815495,-1.56854,0.0964642,0.852131,-1.61775,4.375,1.65625,8.34766,0.664062,-0.8125,1.77734,-4.30078,0.839844,8.97656,0.0976562,-0.394531,3.67188,571,82,216,828,1,0,1,1
14.181,0.209823,0.686089,-1.53862,-0.206674,0.770987,-1.60313,-0.167435,0.815495,-1.56854,0.0964642,0.852131,-1.61775,4.375,1.65625,8.34766,0.664062,-0.8125,1.77734,-4.30078,0.839844,8.97656,0.0976562,-0.394531,3.67188,571,82,216,828,1,0,1,1
14.1933,0.23895,0.891673,-1.89146,-0.123653,0.772561,-1.51771,-0.19529,0.935212,-1.92266,0.0219209,0.776376,-1.54658,-2.07422,0.988281,0.628906,-0.367188,0.863281,8.19922,1.92578,-1.13672,1.77734,-0.269531,-0.960938,8.71875,35,788,877,51,0,1,1,0
14.2043,0.23895,0.891673,-1.89146,-0.123653,0.772561,-1.51771,-0.19529,0.935212,-1.92266,0.0219209,0.776376,-1.54658,-2.07422,0.988281,0.628906,-0.367188,0.863281,8.19922,1.92578,-1.13672,1.77734,-0.269531,-0.960938,8.71875,35,788,877,51,0,1,1,0
14.2153,0.11348,1.21425,-2.14425,-0.0526223,0.809076,-1.51537,-0.112269,0.889554,-2.15156,-0.0391791,0.714247,-1.53463,-1.50781,-4.67188,8.53125,-0.195312,3.80859,11.7969,1.23438,-2.14844,8.01172,0.195312,1.0625,9.71875,60,798,622,75,0,1,1,0
14.2264,0.11348,1.21425,-2.14425,-0.0526223,0.809076,-1.51537,-0.112269,0.889554,-2.15156,-0.0391791,0.714247,-1.53463,-1.50781,-4.67188,8.53125,-0.195312,3.80859,11.7969,1.23438,-2.14844,8.01172,0.195312,1.0625,9.71875,60,798,622,75,0,1,1,0
14.2366,0.11348,1.21425,-2.14425,-0.0526223,0.809076,-1.51537,-0.112269,0.889554,-2.15156,-0.0391791,0.714247,-1.53463,-1.50781,-4.67188,8.53125,-0.195312,3.80859,11.7969,1.23438,-2.14844,8.01172,0.195312,1.0625,9.71875,60,798,622,75,0,1,1,0
14.2468,0.11348,1.21425,-2.14425,-0.0526223,0.809076,-1.51537,-0.112269,0.889554,-2.15156,-0.0391791,0.714247,-1.53463,-1.50781,-4.67188,8.53125,-0.195312,3.80859,11.7969,1.23438,-2.14844,8.01172,0.195312,1.0625,9.71875,60,798,622,75,0,1,1,0
14.2574,-0.144545,1.09387,-1.77212,-0.00502607,0.841655,-1.50984,0.0492918,0.676582,-1.79312,-0.0968275,0.639764,-1.49979,1.77734,-2.42188,0.480469,-4.57422,-0.046875,10.3125,-1.25781,1.23438,0.0351562,2.99219,2.49609,11.7969,64,763,664,79,0,1,1,0
14.2677,-0.144545,1.09387,-1.77212,-0.00502607,0.841655,-1.50984,0.0492918,0.676582,-1.79312,-0.0968275,0.639764,-1.49979,1.77734,-2.42188,0.480469,-4.57422,-0.046875,10.3125,-1.25781,1.23438,0.0351562,2.99219,2.49609,11.7969,64,763,664,79,0,1,1,0
14.2781,-0.144545,1.09387,-1.77212,-0.00502607,0.841655,-1.50984,0.0492918,0.676582,-1.79312,-0.0968275,0.639764,-1.49979,1.77734,-2.42188,0.480469,-4.57422,-0.046875,10.3125,-1.25781,1.23438,0.0351562,2.99219,2.49609,11.7969,64,763,664,79,0,1,1,0
14.2886,-0.144545,1.09387,-1.77212,-0.00502607,0.841655,-1.50984,0.0492918,0.676582,-1.79312,-0.0968275,0.639764,-1.49979,1.77734,-2.42188,0.480469,-4.57422,-0.046875,10.3125,-1.25781,1.23438,0.0351562,2.99219,2.49609,11.7969,64,763,664,79,0,1,1,0
14.2989,-0.179364,0.869389,-1.42712,0.0492313,0.868178,-1.46329,0.0641278,0.603492,-1.51807,-0.142426,0.557894,-1.45752,1.87891,-0.441406,3.85547,-7.44531,-3.60938,7.53125,-2.14844,-1.25781,1.81641,5.5625,4.47656,12.6875,848,727,654,295,1,1,1,1
14.3092,-0.179364,0.869389,-1.42712,0.0492313,0.868178,-1.46329,0.0641278,0.603492,-1.51807,-0.142426,0.557894,-1.45752,1.87891,-0.441406,3.85547,-7.44531,-3.60938,7.53125,-2.14844,-1.25781,1.81641,5.5625,4.47656,12.6875,848,727,654,295,1,1,1,1
14.3227,-0.179364,0.869389,-1.42712,0.0492313,0.868178,-1.46329,0.0641278,0.603492,-1.51807,-0.142426,0.557894,-1.45752,1.87891,-0.441406,3.85547,-7.44531,-3.60938,7.53125,-2.14844,-1.25781,1.81641,5.5625,4.47656,12.6875,848,727,654,295,1,1,1,1
14.333,-0.109423,0.836144,-1.47221,0.0254331,1.1084,-1.8005,-0.0143515,0.692992,-1.5431,-0.114086,0.65133,-1.8068,6.62891,-3.63281,5.5625,0.46875,0.0976562,-0.664062,-6.35547,2.125,10.832,0.515625,0.246094,0,761,42,52,851,1,0,0,1
14.3433,-0.109423,0.836144,-1.47221,0.0254331,1.1084,-1.8005,-0.0143515,0.692992,-1.5431,-0.114086,0.65133,-1.8068,6.62891,-3.63281,5.5625,0.46875,0.0976562,-0.664062,-6.35547,2.125,10.832,0.515625,0.246094,0,761,42,52,851,1,0,0,1
14.3535,-0.109423,0.836144,-1.47221,0.0254331,1.1084,-1.8005,-0.0143515,0.692992,-1.5431,-0.114086,0.65133,-1.8068,6.62891,-3.63281,5.5625,0.46875,0.0976562,-0.664062,-6.35547,2.125,10.832,0.515625,0.246094,0,761,42,52,851,1,0,0,1
14.3682,-0.109423,0.836144,-1.47221,0.0254331,1.1084,-1.8005,-0.0143515,0.692992,-1.5431,-0.114086,0.65133,-1.8068,6.62891,-3.63281,5.5625,0.46875,0.0976562,-0.664062,-6.35547,2.125,10.832,0.515625,0.246094,0,761,42,52,851,1,0,0,1
14.3798,-0.0518957,0.792484,-1.51049,-0.192747,1.27632,-2.19234,-0.0930731,0.754516,-1.55598,0.163983,0.854492,-2.19657,7.71484,-2.59375,5.60156,-2.17578,-4.79688,7.45703,-4.94531,4.77344,8.23438,0.0234375,0.0703125,7.23438,752,74,74,752,1,0,0,1
14.3907,-0.0518957,0.792484,-1.51049,-0.192747,1.27632,-2.19234,-0.0930731,0.754516,-1.55598,0.163983,0.854492,-2.19657,7.71484,-2.59375,5.60156,-2.17578,-4.79688,7.45703,-4.94531,4.77344,8.23438,0.0234375,0.0703125,7.23438,752,74,74,752,1,0,0,1
14.4016,-0.0518957,0.792484,-1.51049,-0.192747,1.27632,-2.19234,-0.0930731,0.754516,-1.55598,0.163983,0.854492,-2.19657,7.71484,-2.59375,5.60156,-2.17578,-4.79688,7.45703,-4.94531,4.77344,8.23438,0.0234375,0.0703125,7.23438,752,74,74,752,1,0,0,1
14.4126,-0.0518957,0.792484,-1.51049,-0.192747,1.27632,-2.19234,-0.0930731,0.754516,-1.55598,0.163983,0.854492,-2.19657,7.71484,-2.59375,5.60156,-2.17578,-4.79688,7.45703,-4.94531,4.77344,8.23438,0.0234375,0.0703125,7.23438,752,74,74,752,1,0,0,1
14.4229,-0.00787216,0.755727,-1.5102,-0.351643,0.970516,-1.977,-0.141093,0.779041,-1.55921,0.315734,0.965732,-1.96424,2.17578,1.08594,7.19531,2.37109,3.1875,1.89062,-1.08594,-0.367188,5.85938,-2.99219,-1.60547,0.886719,533,76,78,580,1,0,0,1
14.4379,-0.00787216,0.755727,-1.5102,-0.351643,0.970516,-1.977,-0.141093,0.779041,-1.55921,0.315734,0.965732,-1.96424,2.17578,1.08594,7.19531,2.37109,3.1875,1.89062,-1.08594,-0.367188,5.85938,-2.99219,-1.60547,0.886719,533,76,78,580,1,0,0,1
14.4484,-0.00787216,0.755727,-1.5102,-0.351643,0.970516,-1.977,-0.141093,0.779041,-1.55921,0.315734,0.965732,-1.96424,2.17578,1.08594,7.19531,2.37109,3.1875,1.89062,-1.08594,-0.367188,5.85938,-2.99219,-1.60547,0.886719,533,76,78,580,1,0,0,1
14.4603,0.0230109,0.707404,-1.5098,-0.333416,0.768625,-1.66405,-0.168706,0.809137,-1.57161,0.255906,0.92407,-1.67907,-4.40234,2.44531,8.57031,-0.589844,0.0976562,-1.92578,2.19922,-2.125,7.04688,0.664062,2.10156,1.07422,710,77,129,809,1,0,0,1
14.4714,0.0230109,0.707404,-1.5098,-0.333416,0.768625,-1.66405,-0.168706,0.809137,-1.57161,0.255906,0.92407,-1.67907,-4.40234,2.44531,8.57031,-0.589844,0.0976562,-1.92578,2.19922,-2.125,7.04688,0.664062,2.10156,1.07422,710,77,129,809,1,0,0,1
14.482,0.0230109,0.707404,-1.5098,-0.333416,0.768625,-1.66405,-0.168706,0.809137,-1.57161,0.255906,0.92407,-1.67907,-4.40234,2.44531,8.57031,-0.589844,0.0976562,-1.92578,2.19922,-2.125,7.04688,0.664062,2.10156,1.07422,710,77,129,809,1,0,0,1
14.4924,0.0858671,0.868057,-1.86114,-0.312101,0.765053,-1.56034,-0.201951,0.941328,-1.90292,0.220481,0.872356,-1.62998,-0.886719,0.269531,1.14844,-3.4375,-1.65625,9.68359,2.76953,-0.640625,1.14844,1.62891,-0.46875,8.30859,25,956,652,49,0,1,1,0
14.5042,0.0858671,0.868057,-1.86114,-0.312101,0.765053,-1.56034,-0.201951,0.941328,-1.90292,0.220481,0.872356,-1.62998,-0.886719,0.269531,1.14844,-3.4375,-1.65625,9.68359,2.76953,-0.640625,1.14844,1.62891,-0.46875,8.30859,25,956,652,49,0,1,1,0
14.5158,0.0858671,0.868057,-1.86114,-0.312101,0.765053,-1.56034,-0.201951,0.941328,-1.90292,0.220481,0.872356,-1.62998,-0.886719,0.269531,1.14844,-3.4375,-1.65625,9.68359,2.76953,-0.640625,1.14844,1.62891,-0.46875,8.30859,25,956,652,49,0,1,1,0
14.5287,0.0858671,0.868057,-1.86114,-0.312101,0.765053,-1.56034,-0.201951,0.941328,-1.90292,0.220481,0.872356,-1.62998,-0.886719,0.269531,1.14844,-3.4375,-1.65625,9.68359,2.76953,-0.640625,1.14844,1.62891,-0.46875,8.30859,25,956,652,49,0,1,1,0
14.5405,0.0446896,1.07818,-2.11668,-0.259357,0.784672,-1.59425,-0.0985836,0.944659,-2.14599,0.179727,0.8488,-1.63535,0.320312,-3.95703,7.16016,-1.60547,0.960938,11.0938,1.01172,-2.66797,7.9375,1.28516,1.80469,8.53125,57,949,638,77,0,1,1,0
14.5507,0.0446896,1.07818,-2.11668,-0.259357,0.784672,-1.59425,-0.0985836,0.944659,-2.14599,0.179727,0.8488,-1.63535,0.320312,-3.95703,7.16016,-1.60547,0.960938,11.0938,1.01172,-2.66797,7.9375,1.28516,1.80469,8.53125,57,949,638,77,0,1,1,0
14.5623,0.0446896,1.07818,-2.11668,-0.259357,0.784672,-1.59425,-0.0985836,0.944659,-2.14599,0.179727,0.8488,-1.63535,0.320312,-3.95703,7.16016,-1.60547,0.960938,11.0938,1.01172,-2.66797,7.9375,1.28516,1.80469,8.53125,57,949,638,77,0,1,1,0
14.5751,-0.0303381,0.954469,-1.81302,-0.233985,0.783885,-1.59405,0.0487468,0.739559,-1.79098,0.141638,0.822217,-1.6347,-0.394531,-0.566406,0.554688,-1.33203,0.367188,9.38672,-1.0625,0.914062,0.144531,2.94141,1.30859,9.46094,62,771,614,81,0,1,1,0
14.5855,-0.0303381,0.954469,-1.81302,-0.233985,0.783885,-1.59405,0.0487468,0.739559,-1.79098,0.141638,0.822217,-1.6347,-0.394531,-0.566406,0.554688,-1.33203,0.367188,9.38672,-1.0625,0.914062,0.144531,2.94141,1.30859,9.46094,62,771,614,81,0,1,1,0
14.5972,-0.0303381,0.954469,-1.81302,-0.233985,0.783885,-1.59405,0.0487468,0.739559,-1.79098,0.141638,0.822217,-1.6347,-0.394531,-0.566406,0.554688,-1.33203,0.367188,9.38672,-1.0625,0.914062,0.144531,2.94141,1.30859,9.46094,62,771,614,81,0,1,1,0
14.6165,-0.0303381,0.954469,-1.81302,-0.233985,0.783885,-1.59405,0.0487468,0.739559,-1.79098,0.141638,0.822217,-1.6347,-0.394531,-0.566406,0.554688,-1.33203,0.367188,9.38672,-1.0625,0.914062,0.144531,2.94141,1.30859,9.46094,62,771,614,81,0,1,1,0
14.6306,-0.0373019,0.816585,-1.57516,-0.209521,0.784794,-1.58687,0.0525618,0.636676,-1.49704,0.119475,0.806472,-1.63228,-1.67969,-1.50781,4.11719,-4.47656,-0.765625,7.53125,-1.73047,-1.50781,0.886719,3.90625,1.45703,10.4258,562,686,640,162,1,1,1,0
14.6411,-0.0373019,0.816585,-1.57516,-0.209521,0.784794,-1.58687,0.0525618,0.636676,-1.49704,0.119475,0.806472,-1.63228,-1.67969,-1.50781,4.11719,-4.47656,-0.765625,7.53125,-1.73047,-1.50781,0.886719,3.90625,1.45703,10.4258,562,686,640,162,1,1,1,0
14.6543,-0.0066005,0.802657,-1.55025,-0.207643,0.928854,-1.89485,0.0270681,0.642852,-1.47484,0.119112,0.942176,-1.94854,3.28906,-1.75391,8.16016,0.664062,-0.144531,0.257812,-1.87891,-0.988281,9.08984,-2.34766,0.0703125,0.480469,760,45,56,798,1,0,0,1
14.6646,-0.0066005,0.802657,-1.55025,-0.207643,0.928854,-1.89485,0.0270681,0.642852,-1.47484,0.119112,0.942176,-1.94854,3.28906,-1.75391,8.16016,0.664062,-0.144531,0.257812,-1.87891,-0.988281,9.08984,-2.34766,0.0703125,0.480469,760,45,56,798,1,0,0,1
14.6797,-0.0066005,0.802657,-1.55025,-0.207643,0.928854,-1.89485,0.0270681,0.642852,-1.47484,0.119112,0.942176,-1.94854,3.28906,-1.75391,8.16016,0.664062,-0.144531,0.257812,-1.87891,-0.988281,9.08984,-2.34766,0.0703125,0.480469,760,45,56,798,1,0,0,1
14.6901,-0.0066005,0.802657,-1.55025,-0.207643,0.928854,-1.89485,0.0270681,0.642852,-1.47484,0.119112,0.942176,-1.94854,3.28906,-1.75391,8.16016,0.664062,-0.144531,0.257812,-1.87891,-0.988281,9.08984,-2.34766,0.0703125,0.480469,760,45,56,798,1,0,0,1
14.7005,0.0135038,0.786005,-1.55082,-0.221329,1.02441,-2.16723,0.00115055,0.650604,-1.47532,0.132494,1.06008,-2.20162,4.79688,-0.171875,8.53125,-0.417969,-2.54688,7.26953,-2.89062,2.34766,8.19922,-1.67969,-2.49609,7.78906,794,74,78,637,1,0,0,1
14.7214,0.0135038,0.786005,-1.55082,-0.221329,1.02441,-2.16723,0.00115055,0.650604,-1.47532,0.132494,1.06008,-2.20162,4.79688,-0.171875,8.53125,-0.417969,-2.54688,7.26953,-2.89062,2.34766,8.19922,-1.67969,-2.49609,7.78906,794,74,78,637,1,0,0,1
14.7316,0.0135038,0.786005,-1.55082,-0.221329,1.02441,-2.16723,0.00115055,0.650604,-1.47532,0.132494,1.06008,-2.20162,4.79688,-0.171875,8.53125,-0.417969,-2.54688,7.26953,-2.89062,2.34766,8.19922,-1.67969,-2.49609,7.78906,794,74,78,637,1,0,0,1
14.7418,0.0410563,0.760148,-1.54815,-0.18548,0.895064,-1.88686,-0.000968874,0.638977,-1.47205,0.0382102,0.944598,-1.89667,3.28906,-0.046875,7.38281,0.789062,0.121094,0.589844,-4.42578,2.47266,8.05078,0.0703125,-0.886719,0.960938,523,76,82,527,1,0,0,1
14.753,0.0410563,0.760148,-1.54815,-0.18548,0.895064,-1.88686,-0.000968874,0.638977,-1.47205,0.0382102,0.944598,-1.89667,3.28906,-0.046875,7.38281,0.789062,0.121094,0.589844,-4.42578,2.47266,8.05078,0.0703125,-0.886719,0.960938,523,76,82,527,1,0,0,1
14.7643,0.0410563,0.760148,-1.54815,-0.18548,0.895064,-1.88686,-0.000968874,0.638977,-1.47205,0.0382102,0.944598,-1.89667,3.28906,-0.046875,7.38281,0.789062,0.121094,0.589844,-4.42578,2.47266,8.05078,0.0703125,-0.886719,0.960938,523,76,82,527,1,0,0,1
14.7746,0.0586779,0.736592,-1.54726,-0.16035,0.772864,-1.59599,0.00805378,0.627108,-1.47149,-0.00387552,0.816585,-1.63216,2.86719,0.664062,7.97656,0.617188,-0.566406,1.62891,-3.4375,1.62891,9.08984,-0.441406,-1.10938,4.44922,667,77,430,662,1,0,1,1
14.7865,0.0586779,0.736592,-1.54726,-0.16035,0.772864,-1.59599,0.00805378,0.627108,-1.47149,-0.00387552,0.816585,-1.63216,2.86719,0.664062,7.97656,0.617188,-0.566406,1.62891,-3.4375,1.62891,9.08984,-0.441406,-1.10938,4.44922,667,77,430,662,1,0,1,1
14.797,0.0586779,0.736592,-1.54726,-0.16035,0.772864,-1.59599,0.00805378,0.627108,-1.47149,-0.00387552,0.816585,-1.63216,2.86719,0.664062,7.97656,0.617188,-0.566406,1.62891,-3.4375,1.62891,9.08984,-0.441406,-1.10938,4.44922,667,77,430,662,1,0,1,1
14.8108,0.0586779,0.736592,-1.54726,-0.16035,0.772864,-1.59599,0.00805378,0.627108,-1.47149,-0.00387552,0.816585,-1.63216,2.86719,0.664062,7.97656,0.617188,-0.566406,1.62891,-3.4375,1.62891,9.08984,-0.441406,-1.10938,4.44922,667,77,430,662,1,0,1,1
14.8212,0.0650967,0.873204,-1.87709,-0.157322,0.745191,-1.53681,0.011566,0.772561,-1.81754,0.0102338,0.781887,-1.59728,-1.28516,0.292969,0.515625,-5.33984,-0.738281,7.23438,1.58203,0.246094,1.03516,3.83203,1.45703,11.6875,31,792,876,61,0,1,1,0
14.8317,0.0650967,0.873204,-1.87709,-0.157322,0.745191,-1.53681,0.011566,0.772561,-1.81754,0.0102338,0.781887,-1.59728,-1.28516,0.292969,0.515625,-5.33984,-0.738281,7.23438,1.58203,0.246094,1.03516,3.83203,1.45703,11.6875,31,792,876,61,0,1,1,0
14.8433,0.0650967,0.873204,-1.87709,-0.157322,0.745191,-1.53681,0.011566,0.772561,-1.81754,0.0102338,0.781887,-1.59728,-1.28516,0.292969,0.515625,-5.33984,-0.738281,7.23438,1.58203,0.246094,1.03516,3.83203,1.45703,11.6875,31,792,876,61,0,1,1,0
14.8582,0.0503818,1.03059,-2.13412,-0.156898,0.730657,-1.54395,-0.0328208,0.956225,-2.11006,0.0241615,0.760511,-1.59672,0.144531,-2.71875,6.60156,-5.46484,2.10156,8.97656,-0.664062,-1.70312,6.30469,5.71094,5.63672,12.3164,59,812,707,83,0,1,1,0
14.8688,0.0503818,1.03059,-2.13412,-0.156898,0.730657,-1.54395,-0.0328208,0.956225,-2.11006,0.0241615,0.760511,-1.59672,0.144531,-2.71875,6.60156,-5.46484,2.10156,8.97656,-0.664062,-1.70312,6.30469,5.71094,5.63672,12.3164,59,812,707,83,0,1,1,0
14.8849,0.0503818,1.03059,-2.13412,-0.156898,0.730657,-1.54395,-0.0328208,0.956225,-2.11006,0.0241615,0.760511,-1.59672,0.144531,-2.71875,6.60156,-5.46484,2.10156,8.97656,-0.664062,-1.70312,6.30469,5.71094,5.63672,12.3164,59,812,707,83,0,1,1,0
14.8953,0.00557107,0.930429,-1.84289,-0.158654,0.706133,-1.53931,-0.0786005,0.922738,-1.86211,0.0196198,0.737197,-1.59369,-0.515625,-0.863281,1.03516,-3.48438,2.57031,8.49609,0.46875,-0.515625,0.8125,3.23828,3.21484,11.3516,63,569,604,87,0,1,1,0
14.9068,0.00557107,0.930429,-1.84289,-0.158654,0.706133,-1.53931,-0.0786005,0.922738,-1.86211,0.0196198,0.737197,-1.59369,-0.515625,-0.863281,1.03516,-3.48438,2.57031,8.49609,0.46875,-0.515625,0.8125,3.23828,3.21484,11.3516,63,569,604,87,0,1,1,0
14.9174,0.00557107,0.930429,-1.84289,-0.158654,0.706133,-1.53931,-0.0786005,0.922738,-1.86211,0.0196198,0.737197,-1.59369,-0.515625,-0.863281,1.03516,-3.48438,2.57031,8.49609,0.46875,-0.515625,0.8125,3.23828,3.21484,11.3516,63,569,604,87,0,1,1,0
14.9278,0.00557107,0.930429,-1.84289,-0.158654,0.706133,-1.53931,-0.0786005,0.922738,-1.86211,0.0196198,0.737197,-1.59369,-0.515625,-0.863281,1.03516,-3.48438,2.57031,8.49609,0.46875,-0.515625,0.8125,3.23828,3.21484,11.3516,63,569,604,87,0,1,1,0
14.9381,-0.00611606,0.794906,-1.56555,-0.152902,0.687603,-1.53745,-0.0833843,0.816827,-1.62037,0.0167738,0.722785,-1.59337,0,-0.542969,2.78125,-2.07422,2.39844,8.45703,0.0234375,-1.10938,3.96875,0.589844,1.0625,10.7969,405,658,753,418,1,1,1,1
14.9485,-0.00611606,0.794906,-1.56555,-0.152902,0.687603,-1.53745,-0.0833843,0.816827,-1.62037,0.0167738,0.722785,-1.59337,0,-0.542969,2.78125,-2.07422,2.39844,8.45703,0.0234375,-1.10938,3.96875,0.589844,1.0625,10.7969,405,658,753,418,1,1,1,1
14.9599,-0.00611606,0.794906,-1.56555,-0.152902,0.687603,-1.53745,-0.0833843,0.816827,-1.62037,0.0167738,0.722785,-1.59337,0,-0.542969,2.78125,-2.07422,2.39844,8.45703,0.0234375,-1.10938,3.96875,0.589844,1.0625,10.7969,405,658,753,418,1,1,1,1
14.9702,-0.00611606,0.794906,-1.56555,-0.152902,0.687603,-1.53745,-0.0833843,0.816827,-1.62037,0.0167738,0.722785,-1.59337,0,-0.542969,2.78125,-2.07422,2.39844,8.45703,0.0234375,-1.10938,3.96875,0.589844,1.0625,10.7969,405,658,753,418,1,1,1,1
14.9805,0.00853826,0.78225,-1.54472,-0.158412,0.824639,-1.86025,-0.0941026,0.79642,-1.58521,0.0317914,0.859337,-1.90958,5.33984,-0.515625,7.71484,1.40625,0.839844,0.589844,-3.23828,0.0703125,11.0195,-1.82812,0.246094,0.109375,668,54,47,888,1,0,0,1
14.9907,0.00853826,0.78225,-1.54472,-0.158412,0.824639,-1.86025,-0.0941026,0.79642,-1.58521,0.0317914,0.859337,-1.90958,5.33984,-0.515625,7.71484,1.40625,0.839844,0.589844,-3.23828,0.0703125,11.0195,-1.82812,0.246094,0.109375,668,54,47,888,1,0,0,1
15.0009,0.00853826,0.78225,-1.54472,-0.158412,0.824639,-1.86025,-0.0941026,0.79642,-1.58521,0.0317914,0.859337,-1.90958,5.33984,-0.515625,7.71484,1.40625,0.839844,0.589844,-3.23828,0.0703125,11.0195,-1.82812,0.246094,0.109375,668,54,47,888,1,0,0,1
15.0129,0.00853826,0.78225,-1.54472,-0.158412,0.824639,-1.86025,-0.0941026,0.79642,-1.58521,0.0317914,0.859337,-1.90958,5.33984,-0.515625,7.71484,1.40625,0.839844,0.589844,-3.23828,0.0703125,11.0195,-1.82812,0.246094,0.109375,668,54,47,888,1,0,0,1
15.0232,0.00302775,0.774802,-1.54371,-0.13637,1.002,-2.13315,-0.0995525,0.778193,-1.5836,0.0459613,1.02223,-2.17716,4.57422,2.34766,9.94141,0.21875,-2.34766,7.12109,-3.68359,3.90625,11.4258,-0.417969,-2.22266,7.45703,677,80,73,739,1,0,0,1
15.0333,0.00302775,0.774802,-1.54371,-0.13637,1.002,-2.13315,-0.0995525,0.778193,-1.5836,0.0459613,1.02223,-2.17716,4.57422,2.34766,9.94141,0.21875,-2.34766,7.12109,-3.68359,3.90625,11.4258,-0.417969,-2.22266,7.45703,677,80,73,739,1,0,0,1
15.0438,0.00302775,0.774802,-1.54371,-0.13637,1.002,-2.13315,-0.0995525,0.778193,-1.5836,0.0459613,1.02223,-2.17716,4.57422,2.34766,9.94141,0.21875,-2.34766,7.12109,-3.68359,3.90625,11.4258,-0.417969,-2.22266,7.45703,677,80,73,739,1,0,0,1
15.0569,0.00623717,0.756999,-1.5423,-0.0793271,0.945628,-1.85634,-0.092952,0.75718,-1.58299,0.0257965,0.963007,-1.89101,3.3125,3.38672,9.60938,0.21875,-1.18359,0.703125,-3.08984,3.60938,11.3164,0,-1.23438,0.777344,512,82,81,622,1,0,0,1
15.0757,0.00623717,0.756999,-1.5423,-0.0793271,0.945628,-1.85634,-0.092952,0.75718,-1.58299,0.0257965,0.963007,-1.89101,3.3125,3.38672,9.60938,0.21875,-1.18359,0.703125,-3.08984,3.60938,11.3164,0,-1.23438,0.777344,512,82,81,622,1,0,0,1
15.0863,0.00623717,0.756999,-1.5423,-0.0793271,0.945628,-1.85634,-0.092952,0.75718,-1.58299,0.0257965,0.963007,-1.89101,3.3125,3.38672,9.60938,0.21875,-1.18359,0.703125,-3.08984,3.60938,11.3164,0,-1.23438,0.777344,512,82,81,622,1,0,0,1
15.1028,0.00775105,0.741799,-1.54145,-0.06219,0.818402,-1.56704,-0.0883498,0.744464,-1.58295,0.0166526,0.845288,-1.63999,3.48438,2.66797,9.90625,0.0976562,-0.886719,2.33594,-2.57031,2.34766,11.5,-0.542969,-0.960938,3.92969,622,208,434,796,1,1,1,1
15.1143,0.00775105,0.741799,-1.54145,-0.06219,0.818402,-1.56704,-0.0883498,0.744464,-1.58295,0.0166526,0.845288,-1.63999,3.48438,2.66797,9.90625,0.0976562,-0.886719,2.33594,-2.57031,2.34766,11.5,-0.542969,-0.960938,3.92969,622,208,434,796,1,1,1,1
15.1247,0.00775105,0.741799,-1.54145,-0.06219,0.818402,-1.56704,-0.0883498,0.744464,-1.58295,0.0166526,0.845288,-1.63999,3.48438,2.66797,9.90625,0.0976562,-0.886719,2.33594,-2.57031,2.34766,11.5,-0.542969,-0.960938,3.92969,622,208,434,796,1,1,1,1
15.1349,0.0116871,0.883438,-1.8766,-0.0696383,0.802173,-1.53354,-0.0876232,0.883135,-1.91435,0.0270076,0.825184,-1.59991,-1.25781,-0.21875,0.738281,-4.375,-0.492188,8.27344,1.80469,0,0.777344,3.48438,0.269531,10.0547,39,839,822,54,0,1,1,0
15.1458,0.0116871,0.883438,-1.8766,-0.0696383,0.802173,-1.53354,-0.0876232,0.883135,-1.91435,0.0270076,0.825184,-1.59991,-1.25781,-0.21875,0.738281,-4.375,-0.492188,8.27344,1.80469,0,0.777344,3.48438,0.269531,10.0547,39,839,822,54,0,1,1,0
15.1644,0.0116871,0.883438,-1.8766,-0.0696383,0.802173,-1.53354,-0.0876232,0.883135,-1.91435,0.0270076,0.825184,-1.59991,-1.25781,-0.21875,0.738281,-4.375,-0.492188,8.27344,1.80469,0,0.777344,3.48438,0.269531,10.0547,39,839,822,54,0,1,1,0
15.1753,0.029672,1.03107,-2.13126,-0.0735744,0.798721,-1.53305,-0.0898637,1.02683,-2.15786,0.0328208,0.826274,-1.59825,0.589844,-3.01562,6.89844,-3.90625,1.48047,9.01562,-0.0234375,-2.25,6.86328,3.53516,2.76953,10.0156,65,719,605,80,0,1,1,0
15.1856,0.029672,1.03107,-2.13126,-0.0735744,0.798721,-1.53305,-0.0898637,1.02683,-2.15786,0.0328208,0.826274,-1.59825,0.589844,-3.01562,6.89844,-3.90625,1.48047,9.01562,-0.0234375,-2.25,6.86328,3.53516,2.76953,10.0156,65,719,605,80,0,1,1,0
15.1976,0.029672,1.03107,-2.13126,-0.0735744,0.798721,-1.53305,-0.0898637,1.02683,-2.15786,0.0328208,0.826274,-1.59825,0.589844,-3.01562,6.89844,-3.90625,1.48047,9.01562,-0.0234375,-2.25,6.86328,3.53516,2.76953,10.0156,65,719,605,80,0,1,1,0
15.2084,0.029672,1.03107,-2.13126,-0.0735744,0.798721,-1.53305,-0.0898637,1.02683,-2.15786,0.0328208,0.826274,-1.59825,0.589844,-3.01562,6.89844,-3.90625,1.48047,9.01562,-0.0234375,-2.25,6.86328,3.53516,2.76953,10.0156,65,719,605,80,0,1,1,0
15.2188,0.0366964,0.941571,-1.87805,-0.0727266,0.788851,-1.5249,-0.0581329,0.940057,-1.87575,0.028582,0.814163,-1.59082,-0.617188,-0.839844,1.22266,-2.02734,2.39844,9.3125,0.144531,-0.9375,0.925781,2.71875,1.23438,9.49609,67,633,565,85,0,1,1,0
15.2298,0.0366964,0.941571,-1.87805,-0.0727266,0.788851,-1.5249,-0.0581329,0.940057,-1.87575,0.028582,0.814163,-1.59082,-0.617188,-0.839844,1.22266,-2.02734,2.39844,9.3125,0.144531,-0.9375,0.925781,2.71875,1.23438,9.49609,67,633,565,85,0,1,1,0
15.2403,0.0366964,0.941571,-1.87805,-0.0727266,0.788851,-1.5249,-0.0581329,0.940057,-1.87575,0.028582,0.814163,-1.59082,-0.617188,-0.839844,1.22266,-2.02734,2.39844,9.3125,0.144531,-0.9375,0.925781,2.71875,1.23438,9.49609,67,633,565,85,0,1,1,0
15.2519,0.0366964,0.941571,-1.87805,-0.0727266,0.788851,-1.5249,-0.0581329,0.940057,-1.87575,0.028582,0.814163,-1.59082,-0.617188,-0.839844,1.22266,-2.02734,2.39844,9.3125,0.144531,-0.9375,0.925781,2.71875,1.23438,9.49609,67,633,565,85,0,1,1,0
15.2646,0.0433574,0.808773,-1.58981,-0.0655811,0.786731,-1.52332,-0.0478385,0.818886,-1.61646,0.0149571,0.797147,-1.58989,-0.046875,-0.171875,1.92578,-0.566406,2.17578,10.0547,0.542969,-1.21094,4.04297,1.38281,-0.441406,10.1641,152,734,763,507,0,1,1,1
15.2748,0.0433574,0.808773,-1.58981,-0.0655811,0.786731,-1.52332,-0.0478385,0.818886,-1.61646,0.0149571,0.797147,-1.58989,-0.046875,-0.171875,1.92578,-0.566406,2.17578,10.0547,0.542969,-1.21094,4.04297,1.38281,-0.441406,10.1641,152,734,763,507,0,1,1,1
15.2852,0.0433574,0.808773,-1.58981,-0.0655811,0.786731,-1.52332,-0.0478385,0.818886,-1.61646,0.0149571,0.797147,-1.58989,-0.046875,-0.171875,1.92578,-0.566406,2.17578,10.0547,0.542969,-1.21094,4.04297,1.38281,-0.441406,10.1641,152,734,763,507,0,1,1,1
15.296,0.0853221,0.786489,-1.56333,-0.0773894,0.913776,-1.82864,-0.0809016,0.822822,-1.58848,0.0270076,0.934365,-1.87688,6.62891,-1.28516,7.38281,1.03516,-0.492188,-0.257812,-5.93359,0.914062,10.2031,-0.46875,0.417969,-0.480469,778,50,48,909,1,0,0,1
15.3065,0.0853221,0.786489,-1.56333,-0.0773894,0.913776,-1.82864,-0.0809016,0.822822,-1.58848,0.0270076,0.934365,-1.87688,6.62891,-1.28516,7.38281,1.03516,-0.492188,-0.257812,-5.93359,0.914062,10.2031,-0.46875,0.417969,-0.480469,778,50,48,909,1,0,0,1
15.3168,0.0853221,0.786489,-1.56333,-0.0773894,0.913776,-1.82864,-0.0809016,0.822822,-1.58848,0.0270076,0.934365,-1.87688,6.62891,-1.28516,7.38281,1.03516,-0.492188,-0.257812,-5.93359,0.914062,10.2031,-0.46875,0.417969,-0.480469,778,50,48,909,1,0,0,1
15.327,0.0853221,0.786489,-1.56333,-0.0773894,0.913776,-1.82864,-0.0809016,0.822822,-1.58848,0.0270076,0.934365,-1.87688,6.62891,-1.28516,7.38281,1.03516,-0.492188,-0.257812,-5.93359,0.914062,10.2031,-0.46875,0.417969,-0.480469,778,50,48,909,1,0,0,1
15.3383,0.104336,0.776679,-1.56478,-0.112451,1.05124,-2.13703,-0.10585,0.829847,-1.58985,0.0925887,1.10253,-2.18087,6.33203,1.43359,8.49609,-0.738281,-2.76953,6.45312,-6.35547,4.74609,10.0156,0.714844,-2.37109,6.78906,737,77,74,711,1,0,0,1
15.3492,0.104336,0.776679,-1.56478,-0.112451,1.05124,-2.13703,-0.10585,0.829847,-1.58985,0.0925887,1.10253,-2.18087,6.33203,1.43359,8.49609,-0.738281,-2.76953,6.45312,-6.35547,4.74609,10.0156,0.714844,-2.37109,6.78906,737,77,74,711,1,0,0,1
15.3595,0.104336,0.776679,-1.56478,-0.112451,1.05124,-2.13703,-0.10585,0.829847,-1.58985,0.0925887,1.10253,-2.18087,6.33203,1.43359,8.49609,-0.738281,-2.76953,6.45312,-6.35547,4.74609,10.0156,0.714844,-2.37109,6.78906,737,77,74,711,1,0,0,1
15.3699,0.104336,0.776679,-1.56478,-0.112451,1.05124,-2.13703,-0.10585,0.829847,-1.58985,0.0925887,1.10253,-2.18087,6.33203,1.43359,8.49609,-0.738281,-2.76953,6.45312,-6.35547,4.74609,10.0156,0.714844,-2.37109,6.78906,737,77,74,711,1,0,0,1
15.3802,0.124743,0.753729,-1.56285,-0.119293,0.908144,-1.86659,-0.116084,0.832208,-1.58945,0.112754,0.992679,-1.90167,2.34766,2.86719,8.23438,0.988281,-0.171875,0.738281,-2.89062,1.60547,8.60547,-0.617188,-0.640625,1.07422,435,80,80,551,1,0,0,1
15.3915,0.124743,0.753729,-1.56285,-0.119293,0.908144,-1.86659,-0.116084,0.832208,-1.58945,0.112754,0.992679,-1.90167,2.34766,2.86719,8.23438,0.988281,-0.171875,0.738281,-2.89062,1.60547,8.60547,-0.617188,-0.640625,1.07422,435,80,80,551,1,0,0,1
15.402,0.124743,0.753729,-1.56285,-0.119293,0.908144,-1.86659,-0.116084,0.832208,-1.58945,0.112754,0.992679,-1.90167,2.34766,2.86719,8.23438,0.988281,-0.171875,0.738281,-2.89062,1.60547,8.60547,-0.617188,-0.640625,1.07422,435,80,80,551,1,0,0,1
15.4131,0.129709,0.742163,-1.5622,-0.104639,0.784006,-1.59817,-0.121171,0.839233,-1.58989,0.098947,0.859095,-1.63535,0.21875,3.16406,9.46094,0.171875,-0.664062,3.33594,0.714844,-0.640625,9.16406,-0.320312,-0.664062,3.70703,697,200,293,880,1,1,1,1
15.4234,0.129709,0.742163,-1.5622,-0.104639,0.784006,-1.59817,-0.121171,0.839233,-1.58989,0.098947,0.859095,-1.63535,0.21875,3.16406,9.46094,0.171875,-0.664062,3.33594,0.714844,-0.640625,9.16406,-0.320312,-0.664062,3.70703,697,200,293,880,1,1,1,1
15.4338,0.129709,0.742163,-1.5622,-0.104639,0.784006,-1.59817,-0.121171,0.839233,-1.58989,0.098947,0.859095,-1.63535,0.21875,3.16406,9.46094,0.171875,-0.664062,3.33594,0.714844,-0.640625,9.16406,-0.320312,-0.664062,3.70703,697,200,293,880,1,1,1,1
15.4443,0.129709,0.742163,-1.5622,-0.104639,0.784006,-1.59817,-0.121171,0.839233,-1.58989,0.098947,0.859095,-1.63535,0.21875,3.16406,9.46094,0.171875,-0.664062,3.33594,0.714844,-0.640625,9.16406,-0.320312,-0.664062,3.70703,697,200,293,880,1,1,1,1
15.4546,0.149389,0.885981,-1.90341,-0.0943448,0.770866,-1.5513,-0.143334,0.992497,-1.92618,0.0900454,0.834751,-1.5909,-1.03516,-0.542969,0.851562,-4.375,-0.417969,9.05078,1.50781,0.171875,0.703125,2.66797,-0.8125,9.46094,37,951,888,49,0,1,1,0
15.4649,0.149389,0.885981,-1.90341,-0.0943448,0.770866,-1.5513,-0.143334,0.992497,-1.92618,0.0900454,0.834751,-1.5909,-1.03516,-0.542969,0.851562,-4.375,-0.417969,9.05078,1.50781,0.171875,0.703125,2.66797,-0.8125,9.46094,37,951,888,49,0,1,1,0
15.475,0.149389,0.885981,-1.90341,-0.0943448,0.770866,-1.5513,-0.143334,0.992497,-1.92618,0.0900454,0.834751,-1.5909,-1.03516,-0.542969,0.851562,-4.375,-0.417969,9.05078,1.50781,0.171875,0.703125,2.66797,-0.8125,9.46094,37,951,888,49,0,1,1,0
15.4874,0.149389,0.885981,-1.90341,-0.0943448,0.770866,-1.5513,-0.143334,0.992497,-1.92618,0.0900454,0.834751,-1.5909,-1.03516,-0.542969,0.851562,-4.375,-0.417969,9.05078,1.50781,0.171875,0.703125,2.66797,-0.8125,9.46094,37,951,888,49,0,1,1,0
15.4976,0.110997,1.03967,-2.15015,-0.0793877,0.783037,-1.54964,-0.102641,1.07273,-2.17255,0.0776921,0.824033,-1.58892,-0.269531,-2.86719,7.12109,-2.47266,2.47266,10.7227,0.46875,-3.03906,7.45703,3.38672,2.07422,9.83203,64,836,646,77,0,1,1,0
15.5078,0.110997,1.03967,-2.15015,-0.0793877,0.783037,-1.54964,-0.102641,1.07273,-2.17255,0.0776921,0.824033,-1.58892,-0.269531,-2.86719,7.12109,-2.47266,2.47266,10.7227,0.46875,-3.03906,7.45703,3.38672,2.07422,9.83203,64,836,646,77,0,1,1,0
15.5311,0.110997,1.03967,-2.15015,-0.0793877,0.783037,-1.54964,-0.102641,1.07273,-2.17255,0.0776921,0.824033,-1.58892,-0.269531,-2.86719,7.12109,-2.47266,2.47266,10.7227,0.46875,-3.03906,7.45703,3.38672,2.07422,9.83203,64,836,646,77,0,1,1,0
15.5607,0.0299748,0.9317,-1.8636,-0.0780555,0.781705,-1.54718,-0.0191354,0.888888,-1.86691,0.063825,0.809984,-1.5798,-0.292969,-0.664062,0.886719,-3.36328,0.960938,9.71875,-0.320312,-0.394531,0.628906,4.07812,1.75391,10.0156,67,712,601,82,0,1,1,0
15.5725,0.0149571,0.793453,-1.57165,-0.0688511,0.783582,-1.54411,-0.00775105,0.752457,-1.5817,0.0523196,0.804595,-1.5779,-0.0234375,-0.394531,2.59375,-4.03125,-0.0703125,8.94141,-0.417969,-0.21875,3.33594,3.55859,0.34375,10.3125,253,734,764,274,1,1,1,1
15.5835,0.0149571,0.793453,-1.57165,-0.0688511,0.783582,-1.54411,-0.00775105,0.752457,-1.5817,0.0523196,0.804595,-1.5779,-0.0234375,-0.394531,2.59375,-4.03125,-0.0703125,8.94141,-0.417969,-0.21875,3.33594,3.55859,0.34375,10.3125,253,734,764,274,1,1,1,1
15.5943,0.0149571,0.793453,-1.57165,-0.0688511,0.783582,-1.54411,-0.00775105,0.752457,-1.5817,0.0523196,0.804595,-1.5779,-0.0234375,-0.394531,2.59375,-4.03125,-0.0703125,8.94141,-0.417969,-0.21875,3.33594,3.55859,0.34375,10.3125,253,734,764,274,1,1,1,1
15.6047,0.0149571,0.793453,-1.57165,-0.0688511,0.783582,-1.54411,-0.00775105,0.752457,-1.5817,0.0523196,0.804595,-1.5779,-0.0234375,-0.394531,2.59375,-4.03125,-0.0703125,8.94141,-0.417969,-0.21875,3.33594,3.55859,0.34375,10.3125,253,734,764,274,1,1,1,1
15.6151,0.0349403,0.787519,-1.54714,-0.0680639,0.935757,-1.86865,-0.0254331,0.749853,-1.54908,0.0536518,0.952773,-1.90288,4.84766,-1.28516,9.01562,0.960938,-0.0234375,0.664062,-3.36328,0.617188,10.3867,-1.67969,-0.046875,0.292969,728,45,50,819,1,0,0,1
15.6254,0.0349403,0.787519,-1.54714,-0.0680639,0.935757,-1.86865,-0.0254331,0.749853,-1.54908,0.0536518,0.952773,-1.90288,4.84766,-1.28516,9.01562,0.960938,-0.0234375,0.664062,-3.36328,0.617188,10.3867,-1.67969,-0.046875,0.292969,728,45,50,819,1,0,0,1
15.6356,0.0349403,0.787519,-1.54714,-0.0680639,0.935757,-1.86865,-0.0254331,0.749853,-1.54908,0.0536518,0.952773,-1.90288,4.84766,-1.28516,9.01562,0.960938,-0.0234375,0.664062,-3.36328,0.617188,10.3867,-1.67969,-0.046875,0.292969,728,45,50,819,1,0,0,1
15.6458,0.0349403,0.787519,-1.54714,-0.0680639,0.935757,-1.86865,-0.0254331,0.749853,-1.54908,0.0536518,0.952773,-1.90288,4.84766,-1.28516,9.01562,0.960938,-0.0234375,0.664062,-3.36328,0.617188,10.3867,-1.67969,-0.046875,0.292969,728,45,50,819,1,0,0,1
15.6561,0.0466879,0.786913,-1.54702,-0.0830815,1.04003,-2.12968,-0.0452346,0.761177,-1.54819,0.0779344,1.06377,-2.15778,5.61328,0.144531,9.125,-1.21094,-2.81641,6.49219,-5.09375,4.25391,9.71875,0.121094,-2.62109,7.04688,727,71,75,695,1,0,0,1
15.6663,0.0466879,0.786913,-1.54702,-0.0830815,1.04003,-2.12968,-0.0452346,0.761177,-1.54819,0.0779344,1.06377,-2.15778,5.61328,0.144531,9.125,-1.21094,-2.81641,6.49219,-5.09375,4.25391,9.71875,0.121094,-2.62109,7.04688,727,71,75,695,1,0,0,1
15.6769,0.0466879,0.786913,-1.54702,-0.0830815,1.04003,-2.12968,-0.0452346,0.761177,-1.54819,0.0779344,1.06377,-2.15778,5.61328,0.144531,9.125,-1.21094,-2.81641,6.49219,-5.09375,4.25391,9.71875,0.121094,-2.62109,7.04688,727,71,75,695,1,0,0,1
15.6876,0.0466879,0.786913,-1.54702,-0.0830815,1.04003,-2.12968,-0.0452346,0.761177,-1.54819,0.0779344,1.06377,-2.15778,5.61328,0.144531,9.125,-1.21094,-2.81641,6.49219,-5.09375,4.25391,9.71875,0.121094,-2.62109,7.04688,727,71,75,695,1,0,0,1
15.6984,0.0647939,0.771532,-1.54246,-0.0832632,0.890644,-1.86251,-0.0520774,0.760511,-1.54609,0.0628562,0.923344,-1.87701,4.42578,0,7.71484,1.01172,-0.121094,0.886719,-5.73828,2.57031,8.90234,-0.144531,-0.046875,0.925781,483,76,80,564,1,0,0,1
15.709,0.0647939,0.771532,-1.54246,-0.0832632,0.890644,-1.86251,-0.0520774,0.760511,-1.54609,0.0628562,0.923344,-1.87701,4.42578,0,7.71484,1.01172,-0.121094,0.886719,-5.73828,2.57031,8.90234,-0.144531,-0.046875,0.925781,483,76,80,564,1,0,0,1
15.7198,0.0647939,0.771532,-1.54246,-0.0832632,0.890644,-1.86251,-0.0520774,0.760511,-1.54609,0.0628562,0.923344,-1.87701,4.42578,0,7.71484,1.01172,-0.121094,0.886719,-5.73828,2.57031,8.90234,-0.144531,-0.046875,0.925781,483,76,80,564,1,0,0,1
15.7304,0.0647939,0.771532,-1.54246,-0.0832632,0.890644,-1.86251,-0.0520774,0.760511,-1.54609,0.0628562,0.923344,-1.87701,4.42578,0,7.71484,1.01172,-0.121094,0.886719,-5.73828,2.57031,8.90234,-0.144531,-0.046875,0.925781,483,76,80,564,1,0,0,1
15.7411,0.0678217,0.767475,-1.54092,-0.0780555,0.764205,-1.58033,-0.0512296,0.763842,-1.54637,0.0508662,0.788124,-1.60673,2.89062,0.789062,8.67969,0.292969,-0.566406,2.63281,-2.89062,0.292969,9.3125,-0.171875,0.0703125,3.67188,653,190,321,829,1,0,1,1
15.7585,0.0678217,0.767475,-1.54092,-0.0780555,0.764205,-1.58033,-0.0512296,0.763842,-1.54637,0.0508662,0.788124,-1.60673,2.89062,0.789062,8.67969,0.292969,-0.566406,2.63281,-2.89062,0.292969,9.3125,-0.171875,0.0703125,3.67188,653,190,321,829,1,0,1,1
15.7688,0.0678217,0.767475,-1.54092,-0.0780555,0.764205,-1.58033,-0.0512296,0.763842,-1.54637,0.0508662,0.788124,-1.60673,2.89062,0.789062,8.67969,0.292969,-0.566406,2.63281,-2.89062,0.292969,9.3125,-0.171875,0.0703125,3.67188,653,190,321,829,1,0,1,1
15.7791,0.0711522,0.910203,-1.86974,-0.0767233,0.750217,-1.53333,-0.0559528,0.91535,-1.87898,0.0505029,0.770381,-1.56466,-1.18359,-0.617188,0.851562,-4.79688,-0.738281,7.49219,1.43359,0.0234375,1.10938,3.51172,0.320312,9.79297,38,896,874,54,0,1,1,0
15.7894,0.0711522,0.910203,-1.86974,-0.0767233,0.750217,-1.53333,-0.0559528,0.91535,-1.87898,0.0505029,0.770381,-1.56466,-1.18359,-0.617188,0.851562,-4.79688,-0.738281,7.49219,1.43359,0.0234375,1.10938,3.51172,0.320312,9.79297,38,896,874,54,0,1,1,0
15.7997,0.0711522,0.910203,-1.86974,-0.0767233,0.750217,-1.53333,-0.0559528,0.91535,-1.87898,0.0505029,0.770381,-1.56466,-1.18359,-0.617188,0.851562,-4.79688,-0.738281,7.49219,1.43359,0.0234375,1.10938,3.51172,0.320312,9.79297,38,896,874,54,0,1,1,0
15.8101,0.0711522,0.910203,-1.86974,-0.0767233,0.750217,-1.53333,-0.0559528,0.91535,-1.87898,0.0505029,0.770381,-1.56466,-1.18359,-0.617188,0.851562,-4.79688,-0.738281,7.49219,1.43359,0.0234375,1.10938,3.51172,0.320312,9.79297,38,896,874,54,0,1,1,0
15.8203,0.0591623,1.05057,-2.12831,-0.0715155,0.758331,-1.53495,-0.048444,1.02847,-2.13444,0.044508,0.765053,-1.56644,0.515625,-3.68359,7.23438,-3.55859,2.10156,9.125,-0.269531,-3.11328,7.01172,4.05469,3.68359,9.71875,64,805,653,82,0,1,1,0
15.8305,0.0591623,1.05057,-2.12831,-0.0715155,0.758331,-1.53495,-0.048444,1.02847,-2.13444,0.044508,0.765053,-1.56644,0.515625,-3.68359,7.23438,-3.55859,2.10156,9.125,-0.269531,-3.11328,7.01172,4.05469,3.68359,9.71875,64,805,653,82,0,1,1,0
15.8407,0.0591623,1.05057,-2.12831,-0.0715155,0.758331,-1.53495,-0.048444,1.02847,-2.13444,0.044508,0.765053,-1.56644,0.515625,-3.68359,7.23438,-3.55859,2.10156,9.125,-0.269531,-3.11328,7.01172,4.05469,3.68359,9.71875,64,805,653,82,0,1,1,0
15.8512,0.0591623,1.05057,-2.12831,-0.0715155,0.758331,-1.53495,-0.048444,1.02847,-2.13444,0.044508,0.765053,-1.56644,0.515625,-3.68359,7.23438,-3.55859,2.10156,9.125,-0.269531,-3.11328,7.01172,4.05469,3.68359,9.71875,64,805,653,82,0,1,1,0
15.8615,0.0273709,0.919831,-1.84156,-0.0705466,0.755727,-1.53329,-0.0261598,0.891916,-1.84334,0.0351825,0.75391,-1.5622,-0.738281,-0.046875,1.07422,-3.01562,1.45703,8.49609,0.195312,0,0.628906,3.14062,1.53125,9.16406,67,612,558,86,0,1,1,0
15.8723,0.0273709,0.919831,-1.84156,-0.0705466,0.755727,-1.53329,-0.0261598,0.891916,-1.84334,0.0351825,0.75391,-1.5622,-0.738281,-0.046875,1.07422,-3.01562,1.45703,8.49609,0.195312,0,0.628906,3.14062,1.53125,9.16406,67,612,558,86,0,1,1,0
15.8826,0.0273709,0.919831,-1.84156,-0.0705466,0.755727,-1.53329,-0.0261598,0.891916,-1.84334,0.0351825,0.75391,-1.5622,-0.738281,-0.046875,1.07422,-3.01562,1.45703,8.49609,0.195312,0,0.628906,3.14062,1.53125,9.16406,67,612,558,86,0,1,1,0
15.8927,0.0228293,0.786126,-1.57185,-0.0650967,0.760208,-1.53325,-0.0266442,0.769836,-1.59272,0.0279764,0.752336,-1.56192,-0.0234375,-0.34375,2.74219,-3.4375,0.367188,8.53125,0.0234375,-0.417969,3.52344,2.71875,0.292969,10.0547,324,796,807,344,1,1,1,1
15.903,0.0228293,0.786126,-1.57185,-0.0650967,0.760208,-1.53325,-0.0266442,0.769836,-1.59272,0.0279764,0.752336,-1.56192,-0.0234375,-0.34375,2.74219,-3.4375,0.367188,8.53125,0.0234375,-0.417969,3.52344,2.71875,0.292969,10.0547,324,796,807,344,1,1,1,1
15.9146,0.0228293,0.786126,-1.57185,-0.0650967,0.760208,-1.53325,-0.0266442,0.769836,-1.59272,0.0279764,0.752336,-1.56192,-0.0234375,-0.34375,2.74219,-3.4375,0.367188,8.53125,0.0234375,-0.417969,3.52344,2.71875,0.292969,10.0547,324,796,807,344,1,1,1,1
15.9251,0.0228293,0.786126,-1.57185,-0.0650967,0.760208,-1.53325,-0.0266442,0.769836,-1.59272,0.0279764,0.752336,-1.56192,-0.0234375,-0.34375,2.74219,-3.4375,0.367188,8.53125,0.0234375,-0.417969,3.52344,2.71875,0.292969,10.0547,324,796,807,344,1,1,1,1
15.9357,0.0372414,0.785581,-1.54799,-0.0644306,0.908265,-1.86247,-0.0423886,0.762812,-1.5582,0.0313675,0.897668,-1.88976,3.98047,-0.34375,9.16406,0.8125,0.21875,0.589844,-2.39844,0.0976562,10.0898,-1.92578,0.0976562,0.144531,720,47,49,856,1,0,0,1
15.9464,0.0372414,0.785581,-1.54799,-0.0644306,0.908265,-1.86247,-0.0423886,0.762812,-1.5582,0.0313675,0.897668,-1.88976,3.98047,-0.34375,9.16406,0.8125,0.21875,0.589844,-2.39844,0.0976562,10.0898,-1.92578,0.0976562,0.144531,720,47,49,856,1,0,0,1
15.9566,0.0372414,0.785581,-1.54799,-0.0644306,0.908265,-1.86247,-0.0423886,0.762812,-1.5582,0.0313675,0.897668,-1.88976,3.98047,-0.34375,9.16406,0.8125,0.21875,0.589844,-2.39844,0.0976562,10.0898,-1.92578,0.0976562,0.144531,720,47,49,856,1,0,0,1
15.9667,0.0372414,0.785581,-1.54799,-0.0644306,0.908265,-1.86247,-0.0423886,0.762812,-1.5582,0.0313675,0.897668,-1.88976,3.98047,-0.34375,9.16406,0.8125,0.21875,0.589844,-2.39844,0.0976562,10.0898,-1.92578,0.0976562,0.144531,720,47,49,856,1,0,0,1
15.9772,0.0284609,0.788487,-1.5467,-0.063825,1.03894,-2.13045,-0.0433574,0.761783,-1.55784,0.0449924,1.02532,-2.1556,2.25,2.89062,10.6484,-0.691406,-2.89062,7.23438,-1.62891,1.85156,9.05078,-0.046875,-2.66797,7.78906,639,76,76,690,1,0,0,1
15.9881,0.0284609,0.788487,-1.5467,-0.063825,1.03894,-2.13045,-0.0433574,0.761783,-1.55784,0.0449924,1.02532,-2.1556,2.25,2.89062,10.6484,-0.691406,-2.89062,7.23438,-1.62891,1.85156,9.05078,-0.046875,-2.66797,7.78906,639,76,76,690,1,0,0,1
15.9986,0.0284609,0.788487,-1.5467,-0.063825,1.03894,-2.13045,-0.0433574,0.761783,-1.55784,0.0449924,1.02532,-2.1556,2.25,2.89062,10.6484,-0.691406,-2.89062,7.23438,-1.62891,1.85156,9.05078,-0.046875,-2.66797,7.78906,639,76,76,690,1,0,0,1
16.0095,0.0284609,0.788487,-1.5467,-0.063825,1.03894,-2.13045,-0.0433574,0.761783,-1.55784,0.0449924,1.02532,-2.1556,2.25,2.89062,10.6484,-0.691406,-2.89062,7.23438,-1.62891,1.85156,9.05078,-0.046875,-2.66797,7.78906,639,76,76,690,1,0,0,1
16.02,0.0124138,0.784672,-1.53697,-0.0492918,0.918136,-1.85783,-0.024222,0.737137,-1.54997,0.0284609,0.910203,-1.87394,0.046875,4.17969,11.0938,0.691406,-0.195312,0.589844,-0.566406,-0.0234375,8.16016,-0.144531,-0.566406,0.886719,472,80,81,580,1,0,0,1
16.0306,0.0124138,0.784672,-1.53697,-0.0492918,0.918136,-1.85783,-0.024222,0.737137,-1.54997,0.0284609,0.910203,-1.87394,0.046875,4.17969,11.0938,0.691406,-0.195312,0.589844,-0.566406,-0.0234375,8.16016,-0.144531,-0.566406,0.886719,472,80,81,580,1,0,0,1
16.0409,0.0124138,0.784672,-1.53697,-0.0492918,0.918136,-1.85783,-0.024222,0.737137,-1.54997,0.0284609,0.910203,-1.87394,0.046875,4.17969,11.0938,0.691406,-0.195312,0.589844,-0.566406,-0.0234375,8.16016,-0.144531,-0.566406,0.886719,472,80,81,580,1,0,0,1
16.0511,0.0124138,0.784672,-1.53697,-0.0492918,0.918136,-1.85783,-0.024222,0.737137,-1.54997,0.0284609,0.910203,-1.87394,0.046875,4.17969,11.0938,0.691406,-0.195312,0.589844,-0.566406,-0.0234375,8.16016,-0.144531,-0.566406,0.886719,472,80,81,580,1,0,0,1
16.0614,-0.00478385,0.795391,-1.53313,-0.0523801,0.783522,-1.5794,-0.00635827,0.715821,-1.54541,0.0313675,0.788366,-1.60794,0.789062,4.05469,12.168,0.367188,0.515625,2.85547,-0.566406,-1.23438,9.46094,-0.515625,-0.664062,3.375,650,232,428,773,1,1,1,1
16.0716,-0.00478385,0.795391,-1.53313,-0.0523801,0.783522,-1.5794,-0.00635827,0.715821,-1.54541,0.0313675,0.788366,-1.60794,0.789062,4.05469,12.168,0.367188,0.515625,2.85547,-0.566406,-1.23438,9.46094,-0.515625,-0.664062,3.375,650,232,428,773,1,1,1,1
16.082,-0.00478385,0.795391,-1.53313,-0.0523801,0.783522,-1.5794,-0.00635827,0.715821,-1.54541,0.0313675,0.788366,-1.60794,0.789062,4.05469,12.168,0.367188,0.515625,2.85547,-0.566406,-1.23438,9.46094,-0.515625,-0.664062,3.375,650,232,428,773,1,1,1,1
16.0922,0.00817493,0.940238,-1.87939,-0.110574,0.759239,-1.56632,-0.0263414,0.864121,-1.88354,0.0855037,0.815071,-1.59296,-0.292969,-0.046875,1.03516,-7.81641,-1.92578,8.08594,0.886719,-0.0976562,0.664062,6.85156,0.8125,10.2773,40,1021,871,55,0,1,1,0
16.1024,0.00817493,0.940238,-1.87939,-0.110574,0.759239,-1.56632,-0.0263414,0.864121,-1.88354,0.0855037,0.815071,-1.59296,-0.292969,-0.046875,1.03516,-7.81641,-1.92578,8.08594,0.886719,-0.0976562,0.664062,6.85156,0.8125,10.2773,40,1021,871,55,0,1,1,0
16.1127,0.00817493,0.940238,-1.87939,-0.110574,0.759239,-1.56632,-0.0263414,0.864121,-1.88354,0.0855037,0.815071,-1.59296,-0.292969,-0.046875,1.03516,-7.81641,-1.92578,8.08594,0.886719,-0.0976562,0.664062,6.85156,0.8125,10.2773,40,1021,871,55,0,1,1,0
16.1228,0.00817493,0.940238,-1.87939,-0.110574,0.759239,-1.56632,-0.0263414,0.864121,-1.88354,0.0855037,0.815071,-1.59296,-0.292969,-0.046875,1.03516,-7.81641,-1.92578,8.08594,0.886719,-0.0976562,0.664062,6.85156,0.8125,10.2773,40,1021,871,55,0,1,1,0
16.133,0.0906509,1.04403,-2.15822,-0.157564,0.741012,-1.56971,-0.134493,1.02502,-2.16936,0.128074,0.840989,-1.59587,1.13672,-3.51172,6.45312,-6.80078,1.23438,8.90234,-0.492188,-1.92578,6.56641,6.52734,3.68359,9.38672,64,819,644,79,0,1,1,0
16.1433,0.0906509,1.04403,-2.15822,-0.157564,0.741012,-1.56971,-0.134493,1.02502,-2.16936,0.128074,0.840989,-1.59587,1.13672,-3.51172,6.45312,-6.80078,1.23438,8.90234,-0.492188,-1.92578,6.56641,6.52734,3.68359,9.38672,64,819,644,79,0,1,1,0
16.1535,0.0906509,1.04403,-2.15822,-0.157564,0.741012,-1.56971,-0.134493,1.02502,-2.16936,0.128074,0.840989,-1.59587,1.13672,-3.51172,6.45312,-6.80078,1.23438,8.90234,-0.492188,-1.92578,6.56641,6.52734,3.68359,9.38672,64,819,644,79,0,1,1,0
16.1636,0.0906509,1.04403,-2.15822,-0.157564,0.741012,-1.56971,-0.134493,1.02502,-2.16936,0.128074,0.840989,-1.59587,1.13672,-3.51172,6.45312,-6.80078,1.23438,8.90234,-0.492188,-1.92578,6.56641,6.52734,3.68359,9.38672,64,819,644,79,0,1,1,0
16.1739,0.157383,0.878412,-1.90874,-0.204616,0.71237,-1.56204,-0.189235,0.963492,-1.90946,0.168404,0.854614,-1.59369,-1.73047,0,1.66797,-3.78125,1.73047,8.125,0.9375,-0.738281,1,3.83203,0.738281,7.71484,67,506,450,84,0,1,1,0
16.1842,0.157383,0.878412,-1.90874,-0.204616,0.71237,-1.56204,-0.189235,0.963492,-1.90946,0.168404,0.854614,-1.59369,-1.73047,0,1.66797,-3.78125,1.73047,8.125,0.9375,-0.738281,1,3.83203,0.738281,7.71484,67,506,450,84,0,1,1,0
16.1948,0.157383,0.878412,-1.90874,-0.204616,0.71237,-1.56204,-0.189235,0.963492,-1.90946,0.168404,0.854614,-1.59369,-1.73047,0,1.66797,-3.78125,1.73047,8.125,0.9375,-0.738281,1,3.83203,0.738281,7.71484,67,506,450,84,0,1,1,0
16.205,0.157383,0.878412,-1.90874,-0.204616,0.71237,-1.56204,-0.189235,0.963492,-1.90946,0.168404,0.854614,-1.59369,-1.73047,0,1.66797,-3.78125,1.73047,8.125,0.9375,-0.738281,1,3.83203,0.738281,7.71484,67,506,450,84,0,1,1,0
16.2154,0.145453,0.736168,-1.61686,-0.2335,0.691842,-1.55663,-0.157322,0.837961,-1.6362,0.19093,0.866664,-1.59441,-0.246094,-0.320312,2.41016,1.85156,2.37109,9.57031,0.46875,-0.269531,3.92969,-1.62891,-1.18359,8.30859,162,637,737,267,0,1,1,1
16.2257,0.145453,0.736168,-1.61686,-0.2335,0.691842,-1.55663,-0.157322,0.837961,-1.6362,0.19093,0.866664,-1.59441,-0.246094,-0.320312,2.41016,1.85156,2.37109,9.57031,0.46875,-0.269531,3.92969,-1.62891,-1.18359,8.30859,162,637,737,267,0,1,1,1
16.2359,0.145453,0.736168,-1.61686,-0.2335,0.691842,-1.55663,-0.157322,0.837961,-1.6362,0.19093,0.866664,-1.59441,-0.246094,-0.320312,2.41016,1.85156,2.37109,9.57031,0.46875,-0.269531,3.92969,-1.62891,-1.18359,8.30859,162,637,737,267,0,1,1,1
16.2477,0.145453,0.736168,-1.61686,-0.2335,0.691842,-1.55663,-0.157322,0.837961,-1.6362,0.19093,0.866664,-1.59441,-0.246094,-0.320312,2.41016,1.85156,2.37109,9.57031,0.46875,-0.269531,3.92969,-1.62891,-1.18359,8.30859,162,637,737,267,0,1,1,1
16.2585,0.117295,0.734957,-1.56357,-0.270136,0.858974,-1.91281,-0.137218,0.803868,-1.58824,0.2269,1.006,-1.93756,5.63672,-1.25781,9.27344,1.65625,1.45703,0.925781,-5.01953,1.13672,11.3516,-1.65625,-0.121094,0.554688,823,47,49,834,1,0,0,1
16.2686,0.117295,0.734957,-1.56357,-0.270136,0.858974,-1.91281,-0.137218,0.803868,-1.58824,0.2269,1.006,-1.93756,5.63672,-1.25781,9.27344,1.65625,1.45703,0.925781,-5.01953,1.13672,11.3516,-1.65625,-0.121094,0.554688,823,47,49,834,1,0,0,1
16.2788,0.117295,0.734957,-1.56357,-0.270136,0.858974,-1.91281,-0.137218,0.803868,-1.58824,0.2269,1.006,-1.93756,5.63672,-1.25781,9.27344,1.65625,1.45703,0.925781,-5.01953,1.13672,11.3516,-1.65625,-0.121094,0.554688,823,47,49,834,1,0,0,1
16.289,0.117295,0.734957,-1.56357,-0.270136,0.858974,-1.91281,-0.137218,0.803868,-1.58824,0.2269,1.006,-1.93756,5.63672,-1.25781,9.27344,1.65625,1.45703,0.925781,-5.01953,1.13672,11.3516,-1.65625,-0.121094,0.554688,823,47,49,834,1,0,0,1
16.2994,0.0784794,0.75936,-1.56163,-0.167193,1.06117,-2.16832,-0.111542,0.783704,-1.58634,0.150298,1.04282,-2.19225,3.95703,2.22266,10.7227,1.25781,-2.51953,7.53125,-4.59766,4.00391,11.6133,-0.664062,-2.49609,7.64062,764,73,75,743,1,0,0,1
16.3097,0.0784794,0.75936,-1.56163,-0.167193,1.06117,-2.16832,-0.111542,0.783704,-1.58634,0.150298,1.04282,-2.19225,3.95703,2.22266,10.7227,1.25781,-2.51953,7.53125,-4.59766,4.00391,11.6133,-0.664062,-2.49609,7.64062,764,73,75,743,1,0,0,1
16.3219,0.0784794,0.75936,-1.56163,-0.167193,1.06117,-2.16832,-0.111542,0.783704,-1.58634,0.150298,1.04282,-2.19225,3.95703,2.22266,10.7227,1.25781,-2.51953,7.53125,-4.59766,4.00391,11.6133,-0.664062,-2.49609,7.64062,764,73,75,743,1,0,0,1
16.3327,0.0515324,0.76802,-1.56042,0.0279159,0.96004,-1.82929,-0.0831421,0.763357,-1.58186,0.0111421,0.848316,-1.85952,3.3125,2.22266,9.75781,-0.960938,-1.08594,0.589844,-2.39844,2.42188,11.1289,0.617188,-0.246094,0.664062,600,76,79,676,1,0,0,1
16.3429,0.0515324,0.76802,-1.56042,0.0279159,0.96004,-1.82929,-0.0831421,0.763357,-1.58186,0.0111421,0.848316,-1.85952,3.3125,2.22266,9.75781,-0.960938,-1.08594,0.589844,-2.39844,2.42188,11.1289,0.617188,-0.246094,0.664062,600,76,79,676,1,0,0,1
16.3532,0.0515324,0.76802,-1.56042,0.0279159,0.96004,-1.82929,-0.0831421,0.763357,-1.58186,0.0111421,0.848316,-1.85952,3.3125,2.22266,9.75781,-0.960938,-1.08594,0.589844,-2.39844,2.42188,11.1289,0.617188,-0.246094,0.664062,600,76,79,676,1,0,0,1
16.3634,0.0515324,0.76802,-1.56042,0.0279159,0.96004,-1.82929,-0.0831421,0.763357,-1.58186,0.0111421,0.848316,-1.85952,3.3125,2.22266,9.75781,-0.960938,-1.08594,0.589844,-2.39844,2.42188,11.1289,0.617188,-0.246094,0.664062,600,76,79,676,1,0,0,1
16.3764,0.0303986,0.778496,-1.55304,0.0601312,0.812043,-1.53338,-0.0716972,0.758513,-1.58077,-0.00629773,0.727993,-1.58033,4.55078,0.246094,9.23828,-0.839844,-0.367188,2.51953,-3.01562,2.25,11.9844,0.617188,-0.171875,2.48438,638,268,307,858,1,1,1,1
16.3869,0.0303986,0.778496,-1.55304,0.0601312,0.812043,-1.53338,-0.0716972,0.758513,-1.58077,-0.00629773,0.727993,-1.58033,4.55078,0.246094,9.23828,-0.839844,-0.367188,2.51953,-3.01562,2.25,11.9844,0.617188,-0.171875,2.48438,638,268,307,858,1,1,1,1
16.3974,0.0303986,0.778496,-1.55304,0.0601312,0.812043,-1.53338,-0.0716972,0.758513,-1.58077,-0.00629773,0.727993,-1.58033,4.55078,0.246094,9.23828,-0.839844,-0.367188,2.51953,-3.01562,2.25,11.9844,0.617188,-0.171875,2.48438,638,268,307,858,1,1,1,1
16.4078,0.0303986,0.778496,-1.55304,0.0601312,0.812043,-1.53338,-0.0716972,0.758513,-1.58077,-0.00629773,0.727993,-1.58033,4.55078,0.246094,9.23828,-0.839844,-0.367188,2.51953,-3.01562,2.25,11.9844,0.617188,-0.171875,2.48438,638,268,307,858,1,1,1,1
16.42,0.030762,0.933214,-1.88302,0.0304592,0.804353,-1.51343,-0.0677006,0.897123,-1.91697,0.019196,0.737137,-1.5517,-1.30859,-0.046875,0.777344,-4.03125,-1.40625,8.05078,2.10156,-0.246094,1.07422,2.79297,0.246094,8.82812,34,863,837,53,0,1,1,0
16.431,0.030762,0.933214,-1.88302,0.0304592,0.804353,-1.51343,-0.0677006,0.897123,-1.91697,0.019196,0.737137,-1.5517,-1.30859,-0.046875,0.777344,-4.03125,-1.40625,8.05078,2.10156,-0.246094,1.07422,2.79297,0.246094,8.82812,34,863,837,53,0,1,1,0
16.4453,0.030762,0.933214,-1.88302,0.0304592,0.804353,-1.51343,-0.0677006,0.897123,-1.91697,0.019196,0.737137,-1.5517,-1.30859,-0.046875,0.777344,-4.03125,-1.40625,8.05078,2.10156,-0.246094,1.07422,2.79297,0.246094,8.82812,34,863,837,53,0,1,1,0
16.4556,0.0906509,1.05578,-2.16274,0.0178637,0.806048,-1.51731,-0.0842927,1.0361,-2.16654,0.040148,0.755606,-1.55388,1.16016,-3.41016,6.89844,-4.52344,0.417969,8.60547,0.0976562,-2.49609,7.30859,3.4375,2.62109,8.64453,61,785,641,81,0,1,1,0
16.4659,0.0906509,1.05578,-2.16274,0.0178637,0.806048,-1.51731,-0.0842927,1.0361,-2.16654,0.040148,0.755606,-1.55388,1.16016,-3.41016,6.89844,-4.52344,0.417969,8.60547,0.0976562,-2.49609,7.30859,3.4375,2.62109,8.64453,61,785,641,81,0,1,1,0
16.4812,0.0906509,1.05578,-2.16274,0.0178637,0.806048,-1.51731,-0.0842927,1.0361,-2.16654,0.040148,0.755606,-1.55388,1.16016,-3.41016,6.89844,-4.52344,0.417969,8.60547,0.0976562,-2.49609,7.30859,3.4375,2.62109,8.64453,61,785,641,81,0,1,1,0
16.4916,0.0906509,1.05578,-2.16274,0.0178637,0.806048,-1.51731,-0.0842927,1.0361,-2.16654,0.040148,0.755606,-1.55388,1.16016,-3.41016,6.89844,-4.52344,0.417969,8.60547,0.0976562,-2.49609,7.30859,3.4375,2.62109,8.64453,61,785,641,81,0,1,1,0
16.5019,0.131707,0.924736,-1.91717,0.00272498,0.794603,-1.51162,-0.0457796,0.93273,-1.8806,0.0492918,0.758634,-1.54859,-1.48047,0.046875,1.33203,-3.41016,0.441406,8.38281,0.121094,-0.863281,0.960938,4.79688,2.17578,9.01562,64,619,551,85,0,1,1,0
16.5122,0.131707,0.924736,-1.91717,0.00272498,0.794603,-1.51162,-0.0457796,0.93273,-1.8806,0.0492918,0.758634,-1.54859,-1.48047,0.046875,1.33203,-3.41016,0.441406,8.38281,0.121094,-0.863281,0.960938,4.79688,2.17578,9.01562,64,619,551,85,0,1,1,0
16.5226,0.131707,0.924736,-1.91717,0.00272498,0.794603,-1.51162,-0.0457796,0.93273,-1.8806,0.0492918,0.758634,-1.54859,-1.48047,0.046875,1.33203,-3.41016,0.441406,8.38281,0.121094,-0.863281,0.960938,4.79688,2.17578,9.01562,64,619,551,85,0,1,1,0
16.5329,0.133766,0.790667,-1.63204,-0.00339108,0.791757,-1.51004,-0.0259176,0.801083,-1.60237,0.0492313,0.764205,-1.54783,-0.589844,-0.292969,2.29688,-2.59375,0.441406,9.19922,-0.0234375,-0.515625,3.70703,3.80859,0.46875,10.0156,131,811,769,308,0,1,1,1
16.5431,0.133766,0.790667,-1.63204,-0.00339108,0.791757,-1.51004,-0.0259176,0.801083,-1.60237,0.0492313,0.764205,-1.54783,-0.589844,-0.292969,2.29688,-2.59375,0.441406,9.19922,-0.0234375,-0.515625,3.70703,3.80859,0.46875,10.0156,131,811,769,308,0,1,1,1
16.5534,0.133766,0.790667,-1.63204,-0.00339108,0.791757,-1.51004,-0.0259176,0.801083,-1.60237,0.0492313,0.764205,-1.54783,-0.589844,-0.292969,2.29688,-2.59375,0.441406,9.19922,-0.0234375,-0.515625,3.70703,3.80859,0.46875,10.0156,131,811,769,308,0,1,1,1
16.568,0.133766,0.790667,-1.63204,-0.00339108,0.791757,-1.51004,-0.0259176,0.801083,-1.60237,0.0492313,0.764205,-1.54783,-0.589844,-0.292969,2.29688,-2.59375,0.441406,9.19922,-0.0234375,-0.515625,3.70703,3.80859,0.46875,10.0156,131,811,769,308,0,1,1,1
16.5794,0.133766,0.780858,-1.57544,-0.00502607,0.942055,-1.84947,-0.0267653,0.786974,-1.56123,0.0520774,0.915835,-1.88706,3.3125,-0.492188,8.79297,1.21094,0.0976562,0.851562,-2.17578,0.0234375,9.3125,-1.73047,-0.171875,0.441406,779,44,49,851,1,0,0,1
16.59,0.133766,0.780858,-1.57544,-0.00502607,0.942055,-1.84947,-0.0267653,0.786974,-1.56123,0.0520774,0.915835,-1.88706,3.3125,-0.492188,8.79297,1.21094,0.0976562,0.851562,-2.17578,0.0234375,9.3125,-1.73047,-0.171875,0.441406,779,44,49,851,1,0,0,1
16.6005,0.133766,0.780858,-1.57544,-0.00502607,0.942055,-1.84947,-0.0267653,0.786974,-1.56123,0.0520774,0.915835,-1.88706,3.3125,-0.492188,8.79297,1.21094,0.0976562,0.851562,-2.17578,0.0234375,9.3125,-1.73047,-0.171875,0.441406,779,44,49,851,1,0,0,1
16.6107,0.133766,0.780858,-1.57544,-0.00502607,0.942055,-1.84947,-0.0267653,0.786974,-1.56123,0.0520774,0.915835,-1.88706,3.3125,-0.492188,8.79297,1.21094,0.0976562,0.851562,-2.17578,0.0234375,9.3125,-1.73047,-0.171875,0.441406,779,44,49,851,1,0,0,1
16.621,0.130133,0.793574,-1.5756,-0.00690328,1.05826,-2.10518,-0.0260992,0.788487,-1.56087,0.0549234,1.0232,-2.1386,3.63281,1.43359,9.71875,-1.43359,-3.03906,6.23047,-3.23828,3.16406,9.3125,-0.046875,-2.32422,6.37891,735,72,75,641,1,0,0,1
16.6312,0.130133,0.793574,-1.5756,-0.00690328,1.05826,-2.10518,-0.0260992,0.788487,-1.56087,0.0549234,1.0232,-2.1386,3.63281,1.43359,9.71875,-1.43359,-3.03906,6.23047,-3.23828,3.16406,9.3125,-0.046875,-2.32422,6.37891,735,72,75,641,1,0,0,1
16.6416,0.130133,0.793574,-1.5756,-0.00690328,1.05826,-2.10518,-0.0260992,0.788487,-1.56087,0.0549234,1.0232,-2.1386,3.63281,1.43359,9.71875,-1.43359,-3.03906,6.23047,-3.23828,3.16406,9.3125,-0.046875,-2.32422,6.37891,735,72,75,641,1,0,0,1
16.6537,0.130133,0.793574,-1.5756,-0.00690328,1.05826,-2.10518,-0.0260992,0.788487,-1.56087,0.0549234,1.0232,-2.1386,3.63281,1.43359,9.71875,-1.43359,-3.03906,6.23047,-3.23828,3.16406,9.3125,-0.046875,-2.32422,6.37891,735,72,75,641,1,0,0,1
16.664,0.132313,0.794422,-1.57278,-0.0160471,0.909658,-1.8311,-0.0171371,0.783704,-1.55723,0.0335475,0.895246,-1.84798,3.03906,1.28516,8.34766,0.617188,0,1,-3.60938,1.87891,9.49609,-0.171875,-0.34375,1.07422,517,77,80,576,1,0,0,1
16.6743,0.132313,0.794422,-1.57278,-0.0160471,0.909658,-1.8311,-0.0171371,0.783704,-1.55723,0.0335475,0.895246,-1.84798,3.03906,1.28516,8.34766,0.617188,0,1,-3.60938,1.87891,9.49609,-0.171875,-0.34375,1.07422,517,77,80,576,1,0,0,1
16.6846,0.132313,0.794422,-1.57278,-0.0160471,0.909658,-1.8311,-0.0171371,0.783704,-1.55723,0.0335475,0.895246,-1.84798,3.03906,1.28516,8.34766,0.617188,0,1,-3.60938,1.87891,9.49609,-0.171875,-0.34375,1.07422,517,77,80,576,1,0,0,1
16.6949,0.128316,0.804777,-1.57233,-0.0224659,0.78437,-1.56793,-0.00769049,0.788669,-1.55626,0.0305803,0.784551,-1.59898,3.36328,1.10938,8.90234,0.121094,0.0703125,3.11328,-2.64453,1.10938,10.4609,-0.246094,-0.394531,4.04297,711,277,418,815,1,1,1,1
16.7055,0.128316,0.804777,-1.57233,-0.0224659,0.78437,-1.56793,-0.00769049,0.788669,-1.55626,0.0305803,0.784551,-1.59898,3.36328,1.10938,8.90234,0.121094,0.0703125,3.11328,-2.64453,1.10938,10.4609,-0.246094,-0.394531,4.04297,711,277,418,815,1,1,1,1
16.7157,0.128316,0.804777,-1.57233,-0.0224659,0.78437,-1.56793,-0.00769049,0.788669,-1.55626,0.0305803,0.784551,-1.59898,3.36328,1.10938,8.90234,0.121094,0.0703125,3.11328,-2.64453,1.10938,10.4609,-0.246094,-0.394531,4.04297,711,277,418,815,1,1,1,1
16.7269,0.128316,0.804777,-1.57233,-0.0224659,0.78437,-1.56793,-0.00769049,0.788669,-1.55626,0.0305803,0.784551,-1.59898,3.36328,1.10938,8.90234,0.121094,0.0703125,3.11328,-2.64453,1.10938,10.4609,-0.246094,-0.394531,4.04297,711,277,418,815,1,1,1,1
16.738,0.132979,0.952592,-1.90631,-0.0314281,0.79091,-1.53196,-0.0101127,0.938301,-1.8963,0.0464457,0.794846,-1.56539,-1.25781,0,0.664062,-4.59766,0.640625,7.71484,1.53125,-0.195312,1.18359,3.26172,1.80469,11.2422,37,751,902,55,0,1,1,0
16.7484,0.132979,0.952592,-1.90631,-0.0314281,0.79091,-1.53196,-0.0101127,0.938301,-1.8963,0.0464457,0.794846,-1.56539,-1.25781,0,0.664062,-4.59766,0.640625,7.71484,1.53125,-0.195312,1.18359,3.26172,1.80469,11.2422,37,751,902,55,0,1,1,0
16.7586,0.132979,0.952592,-1.90631,-0.0314281,0.79091,-1.53196,-0.0101127,0.938301,-1.8963,0.0464457,0.794846,-1.56539,-1.25781,0,0.664062,-4.59766,0.640625,7.71484,1.53125,-0.195312,1.18359,3.26172,1.80469,11.2422,37,751,902,55,0,1,1,0
16.7688,0.132979,0.952592,-1.90631,-0.0314281,0.79091,-1.53196,-0.0101127,0.938301,-1.8963,0.0464457,0.794846,-1.56539,-1.25781,0,0.664062,-4.59766,0.640625,7.71484,1.53125,-0.195312,1.18359,3.26172,1.80469,11.2422,37,751,902,55,0,1,1,0
16.779,0.123896,1.06728,-2.16153,-0.0340925,0.799448,-1.53152,-0.0339714,1.05699,-2.15572,0.0594651,0.809379,-1.56531,0,-3.48438,7.26953,-4.30078,4.00391,9.08984,-0.492188,-2.86719,7.19531,3.70703,5.44141,11.2773,64,631,688,81,0,1,1,0
16.7892,0.123896,1.06728,-2.16153,-0.0340925,0.799448,-1.53152,-0.0339714,1.05699,-2.15572,0.0594651,0.809379,-1.56531,0,-3.48438,7.26953,-4.30078,4.00391,9.08984,-0.492188,-2.86719,7.19531,3.70703,5.44141,11.2773,64,631,688,81,0,1,1,0
16.7994,0.123896,1.06728,-2.16153,-0.0340925,0.799448,-1.53152,-0.0339714,1.05699,-2.15572,0.0594651,0.809379,-1.56531,0,-3.48438,7.26953,-4.30078,4.00391,9.08984,-0.492188,-2.86719,7.19531,3.70703,5.44141,11.2773,64,631,688,81,0,1,1,0
16.8106,0.123896,1.06728,-2.16153,-0.0340925,0.799448,-1.53152,-0.0339714,1.05699,-2.15572,0.0594651,0.809379,-1.56531,0,-3.48438,7.26953,-4.30078,4.00391,9.08984,-0.492188,-2.86719,7.19531,3.70703,5.44141,11.2773,64,631,688,81,0,1,1,0
16.8209,0.0819916,0.931882,-1.88738,-0.0386947,0.804716,-1.5213,-0.0367569,0.934001,-1.88136,0.0576484,0.820279,-1.56341,-0.9375,-0.0703125,1,-3.4375,2.96484,8.71875,0.566406,-0.0976562,0.851562,3.28906,2.66797,10.9805,66,549,610,85,0,1,1,0
16.8313,0.0819916,0.931882,-1.88738,-0.0386947,0.804716,-1.5213,-0.0367569,0.934001,-1.88136,0.0576484,0.820279,-1.56341,-0.9375,-0.0703125,1,-3.4375,2.96484,8.71875,0.566406,-0.0976562,0.851562,3.28906,2.66797,10.9805,66,549,610,85,0,1,1,0
16.8415,0.0819916,0.931882,-1.88738,-0.0386947,0.804716,-1.5213,-0.0367569,0.934001,-1.88136,0.0576484,0.820279,-1.56341,-0.9375,-0.0703125,1,-3.4375,2.96484,8.71875,0.566406,-0.0976562,0.851562,3.28906,2.66797,10.9805,66,549,610,85,0,1,1,0
16.8518,0.0819916,0.931882,-1.88738,-0.0386947,0.804716,-1.5213,-0.0367569,0.934001,-1.88136,0.0576484,0.820279,-1.56341,-0.9375,-0.0703125,1,-3.4375,2.96484,8.71875,0.566406,-0.0976562,0.851562,3.28906,2.66797,10.9805,66,549,610,85,0,1,1,0
16.862,0.0745433,0.808773,-1.59365,-0.0415408,0.82591,-1.51969,-0.0337292,0.825426,-1.6188,0.0546207,0.845773,-1.56365,-0.320312,-0.195312,1.70312,-3.58594,2.07422,8.90234,0.738281,-1.58203,4.22656,2.42188,1.30859,11.5,111,683,891,451,0,1,1,1
16.8723,0.0745433,0.808773,-1.59365,-0.0415408,0.82591,-1.51969,-0.0337292,0.825426,-1.6188,0.0546207,0.845773,-1.56365,-0.320312,-0.195312,1.70312,-3.58594,2.07422,8.90234,0.738281,-1.58203,4.22656,2.42188,1.30859,11.5,111,683,891,451,0,1,1,1
16.883,0.0745433,0.808773,-1.59365,-0.0415408,0.82591,-1.51969,-0.0337292,0.825426,-1.6188,0.0546207,0.845773,-1.56365,-0.320312,-0.195312,1.70312,-3.58594,2.07422,8.90234,0.738281,-1.58203,4.22656,2.42188,1.30859,11.5,111,683,891,451,0,1,1,1
16.8937,0.0745433,0.808773,-1.59365,-0.0415408,0.82591,-1.51969,-0.0337292,0.825426,-1.6188,0.0546207,0.845773,-1.56365,-0.320312,-0.195312,1.70312,-3.58594,2.07422,8.90234,0.738281,-1.58203,4.22656,2.42188,1.30859,11.5,111,683,891,451,0,1,1,1
16.9043,0.0802355,0.826092,-1.54411,-0.0410563,0.971909,-1.85516,-0.0463852,0.841352,-1.57318,0.0607973,0.99389,-1.90107,3.85547,1.28516,8.71875,1.25781,-0.589844,0.703125,-2.07422,1.82812,11.168,-1.58203,-0.21875,0.589844,683,53,43,929,1,0,0,1
16.9146,0.0802355,0.826092,-1.54411,-0.0410563,0.971909,-1.85516,-0.0463852,0.841352,-1.57318,0.0607973,0.99389,-1.90107,3.85547,1.28516,8.71875,1.25781,-0.589844,0.703125,-2.07422,1.82812,11.168,-1.58203,-0.21875,0.589844,683,53,43,929,1,0,0,1
16.9249,0.0802355,0.826092,-1.54411,-0.0410563,0.971909,-1.85516,-0.0463852,0.841352,-1.57318,0.0607973,0.99389,-1.90107,3.85547,1.28516,8.71875,1.25781,-0.589844,0.703125,-2.07422,1.82812,11.168,-1.58203,-0.21875,0.589844,683,53,43,929,1,0,0,1
16.9357,0.079206,0.855219,-1.54379,-0.0365753,1.05063,-2.12318,-0.0531673,0.869086,-1.57249,0.0773894,1.06377,-2.16702,3.3125,3.90625,10.1641,-0.617188,-2.99219,7.49219,-3.23828,4.77344,10.9805,0.839844,-2.59375,7.78906,635,79,73,704,1,0,0,1
16.9462,0.079206,0.855219,-1.54379,-0.0365753,1.05063,-2.12318,-0.0531673,0.869086,-1.57249,0.0773894,1.06377,-2.16702,3.3125,3.90625,10.1641,-0.617188,-2.99219,7.49219,-3.23828,4.77344,10.9805,0.839844,-2.59375,7.78906,635,79,73,704,1,0,0,1
16.9581,0.079206,0.855219,-1.54379,-0.0365753,1.05063,-2.12318,-0.0531673,0.869086,-1.57249,0.0773894,1.06377,-2.16702,3.3125,3.90625,10.1641,-0.617188,-2.99219,7.49219,-3.23828,4.77344,10.9805,0.839844,-2.59375,7.78906,635,79,73,704,1,0,0,1
16.9685,0.079206,0.855219,-1.54379,-0.0365753,1.05063,-2.12318,-0.0531673,0.869086,-1.57249,0.0773894,1.06377,-2.16702,3.3125,3.90625,10.1641,-0.617188,-2.99219,7.49219,-3.23828,4.77344,10.9805,0.839844,-2.59375,7.78906,635,79,73,704,1,0,0,1
16.9789,0.0814466,0.883619,-1.53992,-0.0261598,0.868299,-1.84887,-0.050079,0.897305,-1.57064,0.0674583,0.884407,-1.89037,2.84375,2.125,8.53125,0.863281,0.988281,0.703125,-3.26172,1.82812,10.4258,-0.589844,0.195312,1,434,79,77,607,1,0,0,1
16.9891,0.0814466,0.883619,-1.53992,-0.0261598,0.868299,-1.84887,-0.050079,0.897305,-1.57064,0.0674583,0.884407,-1.89037,2.84375,2.125,8.53125,0.863281,0.988281,0.703125,-3.26172,1.82812,10.4258,-0.589844,0.195312,1,434,79,77,607,1,0,0,1
16.9997,0.0814466,0.883619,-1.53992,-0.0261598,0.868299,-1.84887,-0.050079,0.897305,-1.57064,0.0674583,0.884407,-1.89037,2.84375,2.125,8.53125,0.863281,0.988281,0.703125,-3.26172,1.82812,10.4258,-0.589844,0.195312,1,434,79,77,607,1,0,0,1
17.0104,0.0814466,0.883619,-1.53992,-0.0261598,0.868299,-1.84887,-0.050079,0.897305,-1.57064,0.0674583,0.884407,-1.89037,2.84375,2.125,8.53125,0.863281,0.988281,0.703125,-3.26172,1.82812,10.4258,-0.589844,0.195312,1,434,79,77,607,1,0,0,1
17.0209,0.078661,0.923101,-1.53931,-0.0255542,0.760269,-1.57484,-0.0485651,0.932972,-1.56995,0.0675189,0.781221,-1.62744,3.85547,1.38281,9.46094,0.0703125,-0.441406,3.11328,-2.74219,0.566406,11.5742,-0.664062,-0.292969,4.22656,632,254,403,922,1,1,1,1
17.0315,0.078661,0.923101,-1.53931,-0.0255542,0.760269,-1.57484,-0.0485651,0.932972,-1.56995,0.0675189,0.781221,-1.62744,3.85547,1.38281,9.46094,0.0703125,-0.441406,3.11328,-2.74219,0.566406,11.5742,-0.664062,-0.292969,4.22656,632,254,403,922,1,1,1,1
17.0419,0.078661,0.923101,-1.53931,-0.0255542,0.760269,-1.57484,-0.0485651,0.932972,-1.56995,0.0675189,0.781221,-1.62744,3.85547,1.38281,9.46094,0.0703125,-0.441406,3.11328,-2.74219,0.566406,11.5742,-0.664062,-0.292969,4.22656,632,254,403,922,1,1,1,1
17.0521,0.0781766,1.08157,-1.87164,-0.0310647,0.802778,-1.5408,-0.0518957,1.09247,-1.90066,0.0732111,0.826153,-1.59143,-1.67969,-0.886719,0.332031,-4.17969,1.82812,9.27344,1.10938,-0.960938,0.703125,2.34766,1.65625,11.2422,41,845,940,48,0,1,1,0
17.0624,0.0781766,1.08157,-1.87164,-0.0310647,0.802778,-1.5408,-0.0518957,1.09247,-1.90066,0.0732111,0.826153,-1.59143,-1.67969,-0.886719,0.332031,-4.17969,1.82812,9.27344,1.10938,-0.960938,0.703125,2.34766,1.65625,11.2422,41,845,940,48,0,1,1,0
17.0727,0.0781766,1.08157,-1.87164,-0.0310647,0.802778,-1.5408,-0.0518957,1.09247,-1.90066,0.0732111,0.826153,-1.59143,-1.67969,-0.886719,0.332031,-4.17969,1.82812,9.27344,1.10938,-0.960938,0.703125,2.34766,1.65625,11.2422,41,845,940,48,0,1,1,0
17.0829,0.0781766,1.08157,-1.87164,-0.0310647,0.802778,-1.5408,-0.0518957,1.09247,-1.90066,0.0732111,0.826153,-1.59143,-1.67969,-0.886719,0.332031,-4.17969,1.82812,9.27344,1.10938,-0.960938,0.703125,2.34766,1.65625,11.2422,41,845,940,48,0,1,1,0
17.0967,0.0792666,1.10465,-2.1581,-0.0350008,0.853342,-1.5387,-0.0592229,1.10707,-2.18236,0.0796299,0.884831,-1.5947,0.566406,-3.73438,7.34375,-3.46094,4.20312,10.8711,-0.640625,-3.53516,6.71484,3.1875,5.21875,11.5391,66,650,659,76,0,1,1,0
17.1073,0.0792666,1.10465,-2.1581,-0.0350008,0.853342,-1.5387,-0.0592229,1.10707,-2.18236,0.0796299,0.884831,-1.5947,0.566406,-3.73438,7.34375,-3.46094,4.20312,10.8711,-0.640625,-3.53516,6.71484,3.1875,5.21875,11.5391,66,650,659,76,0,1,1,0
17.1177,0.0792666,1.10465,-2.1581,-0.0350008,0.853342,-1.5387,-0.0592229,1.10707,-2.18236,0.0796299,0.884831,-1.5947,0.566406,-3.73438,7.34375,-3.46094,4.20312,10.8711,-0.640625,-3.53516,6.71484,3.1875,5.21875,11.5391,66,650,659,76,0,1,1,0
17.1281,0.0792666,1.10465,-2.1581,-0.0350008,0.853342,-1.5387,-0.0592229,1.10707,-2.18236,0.0796299,0.884831,-1.5947,0.566406,-3.73438,7.34375,-3.46094,4.20312,10.8711,-0.640625,-3.53516,6.71484,3.1875,5.21875,11.5391,66,650,659,76,0,1,1,0
17.1382,0.0628562,0.837416,-1.88088,-0.0386341,0.893308,-1.5203,-0.0465063,0.840746,-1.89162,0.0804171,0.928612,-1.58513,-1.82812,2.22266,0.960938,-3.70703,0.515625,8.16016,0.9375,2.125,0.664062,4.05469,0.960938,10.5,64,560,583,80,0,1,1,0
17.1492,0.0628562,0.837416,-1.88088,-0.0386341,0.893308,-1.5203,-0.0465063,0.840746,-1.89162,0.0804171,0.928612,-1.58513,-1.82812,2.22266,0.960938,-3.70703,0.515625,8.16016,0.9375,2.125,0.664062,4.05469,0.960938,10.5,64,560,583,80,0,1,1,0
17.1595,0.0628562,0.837416,-1.88088,-0.0386341,0.893308,-1.5203,-0.0465063,0.840746,-1.89162,0.0804171,0.928612,-1.58513,-1.82812,2.22266,0.960938,-3.70703,0.515625,8.16016,0.9375,2.125,0.664062,4.05469,0.960938,10.5,64,560,583,80,0,1,1,0
17.1697,0.0628562,0.837416,-1.88088,-0.0386341,0.893308,-1.5203,-0.0465063,0.840746,-1.89162,0.0804171,0.928612,-1.58513,-1.82812,2.22266,0.960938,-3.70703,0.515625,8.16016,0.9375,2.125,0.664062,4.05469,0.960938,10.5,64,560,583,80,0,1,1,0
17.1801,0.0607973,0.715458,-1.59232,-0.0391186,0.945386,-1.50524,-0.043963,0.736289,-1.62284,0.0787216,0.984686,-1.58158,-0.246094,0.246094,1.66797,-3.95703,0.121094,9.23828,0.789062,-0.566406,4.74609,3.21484,0.0703125,12.2812,252,640,792,521,1,1,1,1
17.1904,0.0607973,0.715458,-1.59232,-0.0391186,0.945386,-1.50524,-0.043963,0.736289,-1.62284,0.0787216,0.984686,-1.58158,-0.246094,0.246094,1.66797,-3.95703,0.121094,9.23828,0.789062,-0.566406,4.74609,3.21484,0.0703125,12.2812,252,640,792,521,1,1,1,1
17.2011,0.0607973,0.715458,-1.59232,-0.0391186,0.945386,-1.50524,-0.043963,0.736289,-1.62284,0.0787216,0.984686,-1.58158,-0.246094,0.246094,1.66797,-3.95703,0.121094,9.23828,0.789062,-0.566406,4.74609,3.21484,0.0703125,12.2812,252,640,792,521,1,1,1,1
17.2114,0.0607973,0.715458,-1.59232,-0.0391186,0.945386,-1.50524,-0.043963,0.736289,-1.62284,0.0787216,0.984686,-1.58158,-0.246094,0.246094,1.66797,-3.95703,0.121094,9.23828,0.789062,-0.566406,4.74609,3.21484,0.0703125,12.2812,252,640,792,521,1,1,1,1
17.2225,0.0706072,0.782614,-1.56373,-0.0346375,1.11106,-1.84047,-0.0485046,0.800175,-1.58206,0.0810832,1.14522,-1.89998,4.05469,1.87891,10.3867,0.714844,-1.03516,-0.0703125,-2.79297,2.42188,11.3516,-1.28516,-0.417969,0,782,52,48,967,1,0,0,1
17.2326,0.0706072,0.782614,-1.56373,-0.0346375,1.11106,-1.84047,-0.0485046,0.800175,-1.58206,0.0810832,1.14522,-1.89998,4.05469,1.87891,10.3867,0.714844,-1.03516,-0.0703125,-2.79297,2.42188,11.3516,-1.28516,-0.417969,0,782,52,48,967,1,0,0,1
17.243,0.0706072,0.782614,-1.56373,-0.0346375,1.11106,-1.84047,-0.0485046,0.800175,-1.58206,0.0810832,1.14522,-1.89998,4.05469,1.87891,10.3867,0.714844,-1.03516,-0.0703125,-2.79297,2.42188,11.3516,-1.28516,-0.417969,0,782,52,48,967,1,0,0,1
17.2534,0.0762388,0.852615,-1.56422,-0.0403902,1.10737,-2.15838,-0.0503213,0.870418,-1.58343,0.079206,1.12844,-2.2013,3.63281,3.98047,10.5352,-0.988281,-4.64844,7.41797,-3.88281,5.96094,10.7227,0.515625,-5.14453,7.64062,672,73,73,674,1,0,0,1
17.2636,0.0762388,0.852615,-1.56422,-0.0403902,1.10737,-2.15838,-0.0503213,0.870418,-1.58343,0.079206,1.12844,-2.2013,3.63281,3.98047,10.5352,-0.988281,-4.64844,7.41797,-3.88281,5.96094,10.7227,0.515625,-5.14453,7.64062,672,73,73,674,1,0,0,1
17.2744,0.0762388,0.852615,-1.56422,-0.0403902,1.10737,-2.15838,-0.0503213,0.870418,-1.58343,0.079206,1.12844,-2.2013,3.63281,3.98047,10.5352,-0.988281,-4.64844,7.41797,-3.88281,5.96094,10.7227,0.515625,-5.14453,7.64062,672,73,73,674,1,0,0,1
17.285,0.0762388,0.852615,-1.56422,-0.0403902,1.10737,-2.15838,-0.0503213,0.870418,-1.58343,0.079206,1.12844,-2.2013,3.63281,3.98047,10.5352,-0.988281,-4.64844,7.41797,-3.88281,5.96094,10.7227,0.515625,-5.14453,7.64062,672,73,73,674,1,0,0,1
17.2957,0.0826577,0.909961,-1.54892,-0.041783,0.78552,-1.88419,-0.0454769,0.930489,-1.57084,0.051714,0.802476,-1.91455,3.48438,0,7.67969,1.23438,2.64453,0.851562,-3.92969,0.246094,9.49609,-1.21094,4.10547,0.664062,460,74,77,577,1,0,0,1
17.3065,0.0826577,0.909961,-1.54892,-0.041783,0.78552,-1.88419,-0.0454769,0.930489,-1.57084,0.051714,0.802476,-1.91455,3.48438,0,7.67969,1.23438,2.64453,0.851562,-3.92969,0.246094,9.49609,-1.21094,4.10547,0.664062,460,74,77,577,1,0,0,1
17.3171,0.0826577,0.909961,-1.54892,-0.041783,0.78552,-1.88419,-0.0454769,0.930489,-1.57084,0.051714,0.802476,-1.91455,3.48438,0,7.67969,1.23438,2.64453,0.851562,-3.92969,0.246094,9.49609,-1.21094,4.10547,0.664062,460,74,77,577,1,0,0,1
17.3314,0.0826577,0.909961,-1.54892,-0.041783,0.78552,-1.88419,-0.0454769,0.930489,-1.57084,0.051714,0.802476,-1.91455,3.48438,0,7.67969,1.23438,2.64453,0.851562,-3.92969,0.246094,9.49609,-1.21094,4.10547,0.664062,460,74,77,577,1,0,0,1
17.3459,0.0773288,0.984807,-1.53818,-0.0425702,0.675128,-1.59332,-0.0422674,1.00346,-1.55998,0.0506846,0.68845,-1.63143,4.5,-2.27344,8.27344,0.441406,0.269531,2.51953,-2.02734,-3.68359,10.7227,0.121094,-0.441406,2.44531,578,228,197,859,1,1,0,1
17.3565,0.0773288,0.984807,-1.53818,-0.0425702,0.675128,-1.59332,-0.0422674,1.00346,-1.55998,0.0506846,0.68845,-1.63143,4.5,-2.27344,8.27344,0.441406,0.269531,2.51953,-2.02734,-3.68359,10.7227,0.121094,-0.441406,2.44531,578,228,197,859,1,1,0,1
17.3674,0.0773288,0.984807,-1.53818,-0.0425702,0.675128,-1.59332,-0.0422674,1.00346,-1.55998,0.0506846,0.68845,-1.63143,4.5,-2.27344,8.27344,0.441406,0.269531,2.51953,-2.02734,-3.68359,10.7227,0.121094,-0.441406,2.44531,578,228,197,859,1,1,0,1
17.3776,0.0761177,1.15424,-1.88617,-0.0452346,0.762207,-1.57108,-0.0481413,1.16956,-1.89941,0.0592834,0.772016,-1.59898,-1.33203,-0.566406,0.183594,-3.95703,2.81641,10.832,0.8125,-0.394531,0.0703125,2.125,2.91797,12.5039,39,898,993,50,0,1,1,0
17.3882,0.0761177,1.15424,-1.88617,-0.0452346,0.762207,-1.57108,-0.0481413,1.16956,-1.89941,0.0592834,0.772016,-1.59898,-1.33203,-0.566406,0.183594,-3.95703,2.81641,10.832,0.8125,-0.394531,0.0703125,2.125,2.91797,12.5039,39,898,993,50,0,1,1,0
17.3984,0.0761177,1.15424,-1.88617,-0.0452346,0.762207,-1.57108,-0.0481413,1.16956,-1.89941,0.0592834,0.772016,-1.59898,-1.33203,-0.566406,0.183594,-3.95703,2.81641,10.832,0.8125,-0.394531,0.0703125,2.125,2.91797,12.5039,39,898,993,50,0,1,1,0
17.4086,0.0761177,1.15424,-1.88617,-0.0452346,0.762207,-1.57108,-0.0481413,1.16956,-1.89941,0.0592834,0.772016,-1.59898,-1.33203,-0.566406,0.183594,-3.95703,2.81641,10.832,0.8125,-0.394531,0.0703125,2.125,2.91797,12.5039,39,898,993,50,0,1,1,0
17.4188,0.0717577,1.11343,-2.18947,-0.0481413,0.850859,-1.57245,-0.06437,1.12106,-2.20994,0.0635223,0.8706,-1.60802,0.292969,-5.36719,8.08594,-2.96484,5.01953,11.0938,-0.9375,-5.09375,7.34375,3.55859,6.72656,11.4258,60,767,734,75,0,1,1,0
17.4294,0.0717577,1.11343,-2.18947,-0.0481413,0.850859,-1.57245,-0.06437,1.12106,-2.20994,0.0635223,0.8706,-1.60802,0.292969,-5.36719,8.08594,-2.96484,5.01953,11.0938,-0.9375,-5.09375,7.34375,3.55859,6.72656,11.4258,60,767,734,75,0,1,1,0
17.4481,0.0717577,1.11343,-2.18947,-0.0481413,0.850859,-1.57245,-0.06437,1.12106,-2.20994,0.0635223,0.8706,-1.60802,0.292969,-5.36719,8.08594,-2.96484,5.01953,11.0938,-0.9375,-5.09375,7.34375,3.55859,6.72656,11.4258,60,767,734,75,0,1,1,0
17.4652,0.0503818,0.746402,-1.90591,-0.0532279,0.923889,-1.55227,-0.0660655,0.75167,-1.92718,0.0660656,0.948777,-1.59982,-1.53125,4.17969,1.40625,-3.75781,-0.121094,7.08594,1.16016,3.33594,0.777344,4.00391,0.417969,9.64453,60,505,524,79,0,1,1,0
17.4779,0.0503818,0.746402,-1.90591,-0.0532279,0.923889,-1.55227,-0.0660655,0.75167,-1.92718,0.0660656,0.948777,-1.59982,-1.53125,4.17969,1.40625,-3.75781,-0.121094,7.08594,1.16016,3.33594,0.777344,4.00391,0.417969,9.64453,60,505,524,79,0,1,1,0
17.4883,0.0503818,0.746402,-1.90591,-0.0532279,0.923889,-1.55227,-0.0660655,0.75167,-1.92718,0.0660656,0.948777,-1.59982,-1.53125,4.17969,1.40625,-3.75781,-0.121094,7.08594,1.16016,3.33594,0.777344,4.00391,0.417969,9.64453,60,505,524,79,0,1,1,0
17.5016,0.0447502,0.626079,-1.60047,-0.0487468,1.00963,-1.51715,-0.06546,0.645335,-1.63801,0.06546,1.04246,-1.58699,-0.34375,1.50781,2.29688,-4.87109,-3.46094,7.19531,-0.21875,-0.492188,2.11328,2.34766,-3.66016,11.1289,323,660,819,269,1,1,1,1
17.5135,0.0447502,0.626079,-1.60047,-0.0487468,1.00963,-1.51715,-0.06546,0.645335,-1.63801,0.06546,1.04246,-1.58699,-0.34375,1.50781,2.29688,-4.87109,-3.46094,7.19531,-0.21875,-0.492188,2.11328,2.34766,-3.66016,11.1289,323,660,819,269,1,1,1,1
17.528,0.0447502,0.626079,-1.60047,-0.0487468,1.00963,-1.51715,-0.06546,0.645335,-1.63801,0.06546,1.04246,-1.58699,-0.34375,1.50781,2.29688,-4.87109,-3.46094,7.19531,-0.21875,-0.492188,2.11328,2.34766,-3.66016,11.1289,323,660,819,269,1,1,1,1
17.5386,0.0507451,0.738227,-1.59038,-0.0451135,1.1827,-1.84608,-0.0668528,0.738469,-1.60237,0.0705466,1.20402,-1.90022,4.12891,2.29688,10.6484,1.13672,-0.738281,-0.777344,-2.47266,4.07812,12.2812,-1.08594,-1.08594,-0.554688,810,49,45,1021,1,0,0,1
17.5502,0.0507451,0.738227,-1.59038,-0.0451135,1.1827,-1.84608,-0.0668528,0.738469,-1.60237,0.0705466,1.20402,-1.90022,4.12891,2.29688,10.6484,1.13672,-0.738281,-0.777344,-2.47266,4.07812,12.2812,-1.08594,-1.08594,-0.554688,810,49,45,1021,1,0,0,1
17.5604,0.0507451,0.738227,-1.59038,-0.0451135,1.1827,-1.84608,-0.0668528,0.738469,-1.60237,0.0705466,1.20402,-1.90022,4.12891,2.29688,10.6484,1.13672,-0.738281,-0.777344,-2.47266,4.07812,12.2812,-1.08594,-1.08594,-0.554688,810,49,45,1021,1,0,0,1
17.5706,0.0507451,0.738227,-1.59038,-0.0451135,1.1827,-1.84608,-0.0668528,0.738469,-1.60237,0.0705466,1.20402,-1.90022,4.12891,2.29688,10.6484,1.13672,-0.738281,-0.777344,-2.47266,4.07812,12.2812,-1.08594,-1.08594,-0.554688,810,49,45,1021,1,0,0,1
17.5819,0.0563162,0.851949,-1.59696,-0.0501396,1.12106,-2.19629,-0.0688511,0.849951,-1.61137,0.0747855,1.12881,-2.2348,3.23828,4.84766,11.3164,-1.23438,-4.74609,7.86328,-3.14062,6.67578,10.7578,0.789062,-6.67578,7.19531,680,74,70,706,1,0,0,1
17.5923,0.0563162,0.851949,-1.59696,-0.0501396,1.12106,-2.19629,-0.0688511,0.849951,-1.61137,0.0747855,1.12881,-2.2348,3.23828,4.84766,11.3164,-1.23438,-4.74609,7.86328,-3.14062,6.67578,10.7578,0.789062,-6.67578,7.19531,680,74,70,706,1,0,0,1
17.6024,0.0563162,0.851949,-1.59696,-0.0501396,1.12106,-2.19629,-0.0688511,0.849951,-1.61137,0.0747855,1.12881,-2.2348,3.23828,4.84766,11.3164,-1.23438,-4.74609,7.86328,-3.14062,6.67578,10.7578,0.789062,-6.67578,7.19531,680,74,70,706,1,0,0,1
17.6134,0.0658233,0.935394,-1.57387,-0.0492918,0.707586,-1.89457,-0.0648544,0.944053,-1.59563,0.0564373,0.717577,-1.9261,3.03906,-0.320312,7.04688,1.77734,3.26172,0.554688,-3.63281,-0.195312,9.27344,-0.839844,4.30078,0.738281,431,73,74,550,1,0,0,1
17.6242,0.0658233,0.935394,-1.57387,-0.0492918,0.707586,-1.89457,-0.0648544,0.944053,-1.59563,0.0564373,0.717577,-1.9261,3.03906,-0.320312,7.04688,1.77734,3.26172,0.554688,-3.63281,-0.195312,9.27344,-0.839844,4.30078,0.738281,431,73,74,550,1,0,0,1
17.6348,0.0658233,0.935394,-1.57387,-0.0492918,0.707586,-1.89457,-0.0648544,0.944053,-1.59563,0.0564373,0.717577,-1.9261,3.03906,-0.320312,7.04688,1.77734,3.26172,0.554688,-3.63281,-0.195312,9.27344,-0.839844,4.30078,0.738281,431,73,74,550,1,0,0,1
17.6452,0.0658233,0.935394,-1.57387,-0.0492918,0.707586,-1.89457,-0.0648544,0.944053,-1.59563,0.0564373,0.717577,-1.9261,3.03906,-0.320312,7.04688,1.77734,3.26172,0.554688,-3.63281,-0.195312,9.27344,-0.839844,4.30078,0.738281,431,73,74,550,1,0,0,1
17.6554,0.0612817,1.03888,-1.54117,-0.0468696,0.604885,-1.59882,-0.0631589,1.05027,-1.57088,0.0572245,0.615179,-1.63713,4.74609,-1.85156,9.08984,0.441406,1.21094,2.92969,-2,-2.19922,11.1289,-0.988281,1.70312,3.44922,574,287,224,866,1,1,1,1
17.6657,0.0612817,1.03888,-1.54117,-0.0468696,0.604885,-1.59882,-0.0631589,1.05027,-1.57088,0.0572245,0.615179,-1.63713,4.74609,-1.85156,9.08984,0.441406,1.21094,2.92969,-2,-2.19922,11.1289,-0.988281,1.70312,3.44922,574,287,224,866,1,1,1,1
17.6759,0.0612817,1.03888,-1.54117,-0.0468696,0.604885,-1.59882,-0.0631589,1.05027,-1.57088,0.0572245,0.615179,-1.63713,4.74609,-1.85156,9.08984,0.441406,1.21094,2.92969,-2,-2.19922,11.1289,-0.988281,1.70312,3.44922,574,287,224,866,1,1,1,1
17.6865,0.0612817,1.03888,-1.54117,-0.0468696,0.604885,-1.59882,-0.0631589,1.05027,-1.57088,0.0572245,0.615179,-1.63713,4.74609,-1.85156,9.08984,0.441406,1.21094,2.92969,-2,-2.19922,11.1289,-0.988281,1.70312,3.44922,574,287,224,866,1,1,1,1
17.6968,0.0603128,1.22993,-1.94378,-0.0486257,0.731505,-1.59106,-0.0694566,1.23484,-1.95528,0.0639461,0.740588,-1.6121,-1.23438,-2.69531,1.40625,-4.99609,2.54688,12.3906,0.839844,-1.77734,1.85156,3.28906,3.85547,15.1367,38,977,1011,47,0,1,1,0
17.7069,0.0603128,1.22993,-1.94378,-0.0486257,0.731505,-1.59106,-0.0694566,1.23484,-1.95528,0.0639461,0.740588,-1.6121,-1.23438,-2.69531,1.40625,-4.99609,2.54688,12.3906,0.839844,-1.77734,1.85156,3.28906,3.85547,15.1367,38,977,1011,47,0,1,1,0
17.7223,0.0603128,1.22993,-1.94378,-0.0486257,0.731505,-1.59106,-0.0694566,1.23484,-1.95528,0.0639461,0.740588,-1.6121,-1.23438,-2.69531,1.40625,-4.99609,2.54688,12.3906,0.839844,-1.77734,1.85156,3.28906,3.85547,15.1367,38,977,1011,47,0,1,1,0
17.7327,0.0603128,1.22993,-1.94378,-0.0486257,0.731505,-1.59106,-0.0694566,1.23484,-1.95528,0.0639461,0.740588,-1.6121,-1.23438,-2.69531,1.40625,-4.99609,2.54688,12.3906,0.839844,-1.77734,1.85156,3.28906,3.85547,15.1367,38,977,1011,47,0,1,1,0
17.7478,0.0535307,1.05317,-2.21514,-0.0548023,0.850556,-1.59199,-0.0723633,1.04457,-2.2216,0.0729083,0.868238,-1.61815,0.738281,-6.85156,7.75391,-3.41016,4.625,11.168,-0.171875,-4.92188,7.64062,3.95703,6.33203,11.5742,57,710,542,73,0,1,1,0
17.7581,0.0535307,1.05317,-2.21514,-0.0548023,0.850556,-1.59199,-0.0723633,1.04457,-2.2216,0.0729083,0.868238,-1.61815,0.738281,-6.85156,7.75391,-3.41016,4.625,11.168,-0.171875,-4.92188,7.64062,3.95703,6.33203,11.5742,57,710,542,73,0,1,1,0
17.7703,0.0535307,1.05317,-2.21514,-0.0548023,0.850556,-1.59199,-0.0723633,1.04457,-2.2216,0.0729083,0.868238,-1.61815,0.738281,-6.85156,7.75391,-3.41016,4.625,11.168,-0.171875,-4.92188,7.64062,3.95703,6.33203,11.5742,57,710,542,73,0,1,1,0
17.781,0.0460824,0.611909,-1.77168,-0.0565584,0.936363,-1.54799,-0.0635828,0.617783,-1.77406,0.0677611,0.954166,-1.58331,-2.22266,6.97266,-4.78516,-2.71875,-1.85156,5.63672,1.16016,6.67578,-4.19141,3.48438,-3.83203,9.49609,58,443,629,74,0,1,1,0
17.7912,0.0460824,0.611909,-1.77168,-0.0565584,0.936363,-1.54799,-0.0635828,0.617783,-1.77406,0.0677611,0.954166,-1.58331,-2.22266,6.97266,-4.78516,-2.71875,-1.85156,5.63672,1.16016,6.67578,-4.19141,3.48438,-3.83203,9.49609,58,443,629,74,0,1,1,0
17.8066,0.0460824,0.611909,-1.77168,-0.0565584,0.936363,-1.54799,-0.0635828,0.617783,-1.77406,0.0677611,0.954166,-1.58331,-2.22266,6.97266,-4.78516,-2.71875,-1.85156,5.63672,1.16016,6.67578,-4.19141,3.48438,-3.83203,9.49609,58,443,629,74,0,1,1,0
17.8173,0.0640673,0.655085,-1.57108,-0.0335475,1.08036,-1.61831,-0.078661,0.663381,-1.58602,0.0729688,1.11016,-1.66684,1.40625,0.839844,5.26562,0.144531,1.67969,-9.57031,-1.85156,2.64453,10.7227,-1.03516,0.0703125,-8.57031,291,239,163,479,1,1,0,1
17.8282,0.0640673,0.655085,-1.57108,-0.0335475,1.08036,-1.61831,-0.078661,0.663381,-1.58602,0.0729688,1.11016,-1.66684,1.40625,0.839844,5.26562,0.144531,1.67969,-9.57031,-1.85156,2.64453,10.7227,-1.03516,0.0703125,-8.57031,291,239,163,479,1,1,0,1
17.8386,0.0640673,0.655085,-1.57108,-0.0335475,1.08036,-1.61831,-0.078661,0.663381,-1.58602,0.0729688,1.11016,-1.66684,1.40625,0.839844,5.26562,0.144531,1.67969,-9.57031,-1.85156,2.64453,10.7227,-1.03516,0.0703125,-8.57031,291,239,163,479,1,1,0,1
17.849,0.0640673,0.655085,-1.57108,-0.0335475,1.08036,-1.61831,-0.078661,0.663381,-1.58602,0.0729688,1.11016,-1.66684,1.40625,0.839844,5.26562,0.144531,1.67969,-9.57031,-1.85156,2.64453,10.7227,-1.03516,0.0703125,-8.57031,291,239,163,479,1,1,0,1
17.8592,0.0635223,0.820824,-1.60875,-0.0492313,1.17325,-2.15544,-0.0842927,0.807562,-1.61262,0.0927098,1.19082,-2.19262,4.07812,5.21875,11.3164,-2.44531,-7.54297,4.63672,-2.99219,5.41406,11.2422,1.50781,-7.86328,5.45312,793,65,65,799,1,0,0,1
17.8698,0.0635223,0.820824,-1.60875,-0.0492313,1.17325,-2.15544,-0.0842927,0.807562,-1.61262,0.0927098,1.19082,-2.19262,4.07812,5.21875,11.3164,-2.44531,-7.54297,4.63672,-2.99219,5.41406,11.2422,1.50781,-7.86328,5.45312,793,65,65,799,1,0,0,1
17.8799,0.0635223,0.820824,-1.60875,-0.0492313,1.17325,-2.15544,-0.0842927,0.807562,-1.61262,0.0927098,1.19082,-2.19262,4.07812,5.21875,11.3164,-2.44531,-7.54297,4.63672,-2.99219,5.41406,11.2422,1.50781,-7.86328,5.45312,793,65,65,799,1,0,0,1
17.8902,0.0635223,0.820824,-1.60875,-0.0492313,1.17325,-2.15544,-0.0842927,0.807562,-1.61262,0.0927098,1.19082,-2.19262,4.07812,5.21875,11.3164,-2.44531,-7.54297,4.63672,-2.99219,5.41406,11.2422,1.50781,-7.86328,5.45312,793,65,65,799,1,0,0,1
17.9007,0.0748461,0.923767,-1.60883,-0.052804,0.711643,-1.96429,-0.0774499,0.912565,-1.60192,0.0589201,0.72327,-1.98532,2.42188,-0.320312,7.64062,2.57031,5.53906,3.30078,-4.67188,0.0703125,8.08594,-0.863281,6.42969,2.22266,497,72,72,440,1,0,0,1
17.9111,0.0748461,0.923767,-1.60883,-0.052804,0.711643,-1.96429,-0.0774499,0.912565,-1.60192,0.0589201,0.72327,-1.98532,2.42188,-0.320312,7.64062,2.57031,5.53906,3.30078,-4.67188,0.0703125,8.08594,-0.863281,6.42969,2.22266,497,72,72,440,1,0,0,1
17.9218,0.0748461,0.923767,-1.60883,-0.052804,0.711643,-1.96429,-0.0774499,0.912565,-1.60192,0.0589201,0.72327,-1.98532,2.42188,-0.320312,7.64062,2.57031,5.53906,3.30078,-4.67188,0.0703125,8.08594,-0.863281,6.42969,2.22266,497,72,72,440,1,0,0,1
17.9336,0.0707283,1.04252,-1.57306,-0.0520168,0.561224,-1.59373,-0.0720605,1.0278,-1.56381,0.0464457,0.558802,-1.59837,3.88281,-2.74219,8.19922,0.765625,1.62891,3.07812,-2.37109,-3.16406,9.57031,-0.121094,1.18359,1.33203,562,421,332,840,1,1,1,1
17.9447,0.0707283,1.04252,-1.57306,-0.0520168,0.561224,-1.59373,-0.0720605,1.0278,-1.56381,0.0464457,0.558802,-1.59837,3.88281,-2.74219,8.19922,0.765625,1.62891,3.07812,-2.37109,-3.16406,9.57031,-0.121094,1.18359,1.33203,562,421,332,840,1,1,1,1
17.9602,0.0707283,1.04252,-1.57306,-0.0520168,0.561224,-1.59373,-0.0720605,1.0278,-1.56381,0.0464457,0.558802,-1.59837,3.88281,-2.74219,8.19922,0.765625,1.62891,3.07812,-2.37109,-3.16406,9.57031,-0.121094,1.18359,1.33203,562,421,332,840,1,1,1,1
17.9705,0.0724239,1.23084,-1.96441,-0.0658839,0.723209,-1.61141,-0.0798721,1.21728,-1.95254,0.0529251,0.713823,-1.60079,-1.40625,-2.54688,1.14844,-4.22656,1.95312,11.5742,0.8125,-1.85156,1.22266,3.66016,3.33594,13.543,37,1020,1000,50,0,1,1,0
17.9807,0.0724239,1.23084,-1.96441,-0.0658839,0.723209,-1.61141,-0.0798721,1.21728,-1.95254,0.0529251,0.713823,-1.60079,-1.40625,-2.54688,1.14844,-4.22656,1.95312,11.5742,0.8125,-1.85156,1.22266,3.66016,3.33594,13.543,37,1020,1000,50,0,1,1,0
17.9908,0.0724239,1.23084,-1.96441,-0.0658839,0.723209,-1.61141,-0.0798721,1.21728,-1.95254,0.0529251,0.713823,-1.60079,-1.40625,-2.54688,1.14844,-4.22656,1.95312,11.5742,0.8125,-1.85156,1.22266,3.66016,3.33594,13.543,37,1020,1000,50,0,1,1,0
18.001,0.0724239,1.23084,-1.96441,-0.0658839,0.723209,-1.61141,-0.0798721,1.21728,-1.95254,0.0529251,0.713823,-1.60079,-1.40625,-2.54688,1.14844,-4.22656,1.95312,11.5742,0.8125,-1.85156,1.22266,3.66016,3.33594,13.543,37,1020,1000,50,0,1,1,0
18.0112,0.0724239,1.23084,-1.96441,-0.0658839,0.723209,-1.61141,-0.0798721,1.21728,-1.95254,0.0529251,0.713823,-1.60079,-1.40625,-2.54688,1.14844,-4.22656,1.95312,11.5742,0.8125,-1.85156,1.22266,3.66016,3.33594,13.543,37,1020,1000,50,0,1,1,0
18.0215,0.0696383,1.02835,-2.23489,-0.0682456,0.867815,-1.61819,-0.0735744,1.00231,-2.22241,0.0663078,0.86297,-1.61823,0.542969,-7.12109,8.57031,-4.64844,2.81641,10.3125,0.269531,-5.07031,8.23438,3.73438,5.46484,10.9062,59,719,574,76,0,1,1,0
18.0327,0.0696383,1.02835,-2.23489,-0.0682456,0.867815,-1.61819,-0.0735744,1.00231,-2.22241,0.0663078,0.86297,-1.61823,0.542969,-7.12109,8.57031,-4.64844,2.81641,10.3125,0.269531,-5.07031,8.23438,3.73438,5.46484,10.9062,59,719,574,76,0,1,1,0
18.0434,0.0696383,1.02835,-2.23489,-0.0682456,0.867815,-1.61819,-0.0735744,1.00231,-2.22241,0.0663078,0.86297,-1.61823,0.542969,-7.12109,8.57031,-4.64844,2.81641,10.3125,0.269531,-5.07031,8.23438,3.73438,5.46484,10.9062,59,719,574,76,0,1,1,0
18.0537,0.0672161,0.584962,-1.75626,-0.0696383,0.968396,-1.57076,-0.0415407,0.572306,-1.72469,0.06328,0.9601,-1.58335,-2.125,7.02344,-5.08203,-3.36328,-3.08984,6.26953,0.738281,5.96094,-4.48828,3.92969,-4.72266,10.3125,60,558,723,75,0,1,1,0
18.0639,0.0672161,0.584962,-1.75626,-0.0696383,0.968396,-1.57076,-0.0415407,0.572306,-1.72469,0.06328,0.9601,-1.58335,-2.125,7.02344,-5.08203,-3.36328,-3.08984,6.26953,0.738281,5.96094,-4.48828,3.92969,-4.72266,10.3125,60,558,723,75,0,1,1,0
18.0742,0.0672161,0.584962,-1.75626,-0.0696383,0.968396,-1.57076,-0.0415407,0.572306,-1.72469,0.06328,0.9601,-1.58335,-2.125,7.02344,-5.08203,-3.36328,-3.08984,6.26953,0.738281,5.96094,-4.48828,3.92969,-4.72266,10.3125,60,558,723,75,0,1,1,0
18.0847,0.0672161,0.584962,-1.75626,-0.0696383,0.968396,-1.57076,-0.0415407,0.572306,-1.72469,0.06328,0.9601,-1.58335,-2.125,7.02344,-5.08203,-3.36328,-3.08984,6.26953,0.738281,5.96094,-4.48828,3.92969,-4.72266,10.3125,60,558,723,75,0,1,1,0
18.0959,0.0832632,0.647515,-1.58186,-0.0509874,1.11403,-1.64702,-0.0569823,0.640733,-1.58077,0.0617056,1.11542,-1.66615,2.64453,1.92578,8.16016,1.16016,0.789062,-9.34766,-2.51953,5.85938,10.9453,-1.45703,0.46875,-9.19922,502,213,134,346,1,1,0,1
18.1061,0.0832632,0.647515,-1.58186,-0.0509874,1.11403,-1.64702,-0.0569823,0.640733,-1.58077,0.0617056,1.11542,-1.66615,2.64453,1.92578,8.16016,1.16016,0.789062,-9.34766,-2.51953,5.85938,10.9453,-1.45703,0.46875,-9.19922,502,213,134,346,1,1,0,1
18.1163,0.0832632,0.647515,-1.58186,-0.0509874,1.11403,-1.64702,-0.0569823,0.640733,-1.58077,0.0617056,1.11542,-1.66615,2.64453,1.92578,8.16016,1.16016,0.789062,-9.34766,-2.51953,5.85938,10.9453,-1.45703,0.46875,-9.19922,502,213,134,346,1,1,0,1
18.1264,0.0832632,0.647515,-1.58186,-0.0509874,1.11403,-1.64702,-0.0569823,0.640733,-1.58077,0.0617056,1.11542,-1.66615,2.64453,1.92578,8.16016,1.16016,0.789062,-9.34766,-2.51953,5.85938,10.9453,-1.45703,0.46875,-9.19922,502,213,134,346,1,1,0,1
18.1367,0.075936,0.821066,-1.6077,-0.0603734,1.19808,-2.1734,-0.0540151,0.793695,-1.59999,0.0849587,1.19269,-2.19532,4.40234,5.26562,12.5391,-2,-8.55859,4.44922,-4.12891,6.67578,11.9102,1.97656,-7.32031,5.19141,888,62,66,794,1,0,0,1
18.147,0.075936,0.821066,-1.6077,-0.0603734,1.19808,-2.1734,-0.0540151,0.793695,-1.59999,0.0849587,1.19269,-2.19532,4.40234,5.26562,12.5391,-2,-8.55859,4.44922,-4.12891,6.67578,11.9102,1.97656,-7.32031,5.19141,888,62,66,794,1,0,0,1
18.1572,0.075936,0.821066,-1.6077,-0.0603734,1.19808,-2.1734,-0.0540151,0.793695,-1.59999,0.0849587,1.19269,-2.19532,4.40234,5.26562,12.5391,-2,-8.55859,4.44922,-4.12891,6.67578,11.9102,1.97656,-7.32031,5.19141,888,62,66,794,1,0,0,1
18.1675,0.075936,0.821066,-1.6077,-0.0603734,1.19808,-2.1734,-0.0540151,0.793695,-1.59999,0.0849587,1.19269,-2.19532,4.40234,5.26562,12.5391,-2,-8.55859,4.44922,-4.12891,6.67578,11.9102,1.97656,-7.32031,5.19141,888,62,66,794,1,0,0,1
18.1778,0.0927098,0.931882,-1.59506,-0.0494735,0.702196,-1.9829,-0.0531673,0.911838,-1.57879,0.0620084,0.708797,-2.00038,3.28906,-0.617188,7.38281,2.44531,7.51953,3.74609,-4.69922,0.195312,8.38281,-1.01172,7.02344,2.44531,476,70,73,454,1,0,0,1
18.188,0.0927098,0.931882,-1.59506,-0.0494735,0.702196,-1.9829,-0.0531673,0.911838,-1.57879,0.0620084,0.708797,-2.00038,3.28906,-0.617188,7.38281,2.44531,7.51953,3.74609,-4.69922,0.195312,8.38281,-1.01172,7.02344,2.44531,476,70,73,454,1,0,0,1
18.1982,0.0927098,0.931882,-1.59506,-0.0494735,0.702196,-1.9829,-0.0531673,0.911838,-1.57879,0.0620084,0.708797,-2.00038,3.28906,-0.617188,7.38281,2.44531,7.51953,3.74609,-4.69922,0.195312,8.38281,-1.01172,7.02344,2.44531,476,70,73,454,1,0,0,1
18.2085,0.0927098,0.931882,-1.59506,-0.0494735,0.702196,-1.9829,-0.0531673,0.911838,-1.57879,0.0620084,0.708797,-2.00038,3.28906,-0.617188,7.38281,2.44531,7.51953,3.74609,-4.69922,0.195312,8.38281,-1.01172,7.02344,2.44531,476,70,73,454,1,0,0,1
18.2191,0.0888948,1.04906,-1.53757,-0.0475963,0.542997,-1.57956,-0.050624,1.02744,-1.52627,0.0556501,0.544087,-1.59922,5.44141,-4.05469,7.56641,0.914062,0.589844,1.40625,-3.33594,-3.33594,9.38672,-1.45703,1.62891,-0.0351562,594,303,162,836,1,1,0,1
18.2295,0.0888948,1.04906,-1.53757,-0.0475963,0.542997,-1.57956,-0.050624,1.02744,-1.52627,0.0556501,0.544087,-1.59922,5.44141,-4.05469,7.56641,0.914062,0.589844,1.40625,-3.33594,-3.33594,9.38672,-1.45703,1.62891,-0.0351562,594,303,162,836,1,1,0,1
18.2397,0.0888948,1.04906,-1.53757,-0.0475963,0.542997,-1.57956,-0.050624,1.02744,-1.52627,0.0556501,0.544087,-1.59922,5.44141,-4.05469,7.56641,0.914062,0.589844,1.40625,-3.33594,-3.33594,9.38672,-1.45703,1.62891,-0.0351562,594,303,162,836,1,1,0,1
18.25,0.0888948,1.04906,-1.53757,-0.0475963,0.542997,-1.57956,-0.050624,1.02744,-1.52627,0.0556501,0.544087,-1.59922,5.44141,-4.05469,7.56641,0.914062,0.589844,1.40625,-3.33594,-3.33594,9.38672,-1.45703,1.62891,-0.0351562,594,303,162,836,1,1,0,1
18.2602,0.0821127,1.24404,-1.93477,-0.0574062,0.707101,-1.5846,-0.0578301,1.22043,-1.9181,0.0693355,0.704619,-1.58299,-1.53125,-2.71875,0.628906,-4.79688,1.28516,11.3906,0.765625,-2.19922,0,3.78125,4.17969,13.7656,36,1000,918,49,0,1,1,0
18.2703,0.0821127,1.24404,-1.93477,-0.0574062,0.707101,-1.5846,-0.0578301,1.22043,-1.9181,0.0693355,0.704619,-1.58299,-1.53125,-2.71875,0.628906,-4.79688,1.28516,11.3906,0.765625,-2.19922,0,3.78125,4.17969,13.7656,36,1000,918,49,0,1,1,0
18.2805,0.0821127,1.24404,-1.93477,-0.0574062,0.707101,-1.5846,-0.0578301,1.22043,-1.9181,0.0693355,0.704619,-1.58299,-1.53125,-2.71875,0.628906,-4.79688,1.28516,11.3906,0.765625,-2.19922,0,3.78125,4.17969,13.7656,36,1000,918,49,0,1,1,0
18.2907,0.0821127,1.24404,-1.93477,-0.0574062,0.707101,-1.5846,-0.0578301,1.22043,-1.9181,0.0693355,0.704619,-1.58299,-1.53125,-2.71875,0.628906,-4.79688,1.28516,11.3906,0.765625,-2.19922,0,3.78125,4.17969,13.7656,36,1000,918,49,0,1,1,0
18.301,0.0650361,1.02078,-2.22895,-0.0594651,0.864423,-1.59425,-0.0661867,0.990196,-2.21886,0.0793877,0.860972,-1.60229,0.492188,-7.66797,8.67969,-3.26172,3.85547,10.7578,-0.46875,-4.42578,7.97656,3.51172,5.63672,10.6094,59,659,489,75,0,1,1,0
18.3113,0.0650361,1.02078,-2.22895,-0.0594651,0.864423,-1.59425,-0.0661867,0.990196,-2.21886,0.0793877,0.860972,-1.60229,0.492188,-7.66797,8.67969,-3.26172,3.85547,10.7578,-0.46875,-4.42578,7.97656,3.51172,5.63672,10.6094,59,659,489,75,0,1,1,0
18.3226,0.0650361,1.02078,-2.22895,-0.0594651,0.864423,-1.59425,-0.0661867,0.990196,-2.21886,0.0793877,0.860972,-1.60229,0.492188,-7.66797,8.67969,-3.26172,3.85547,10.7578,-0.46875,-4.42578,7.97656,3.51172,5.63672,10.6094,59,659,489,75,0,1,1,0
18.336,0.0431152,0.533793,-1.74055,-0.061645,0.972454,-1.54359,-0.0653995,0.530341,-1.73167,0.0744222,0.966701,-1.55683,-2.14844,7.32031,-4.93359,-2.71875,-3.73438,6.89844,1.21094,6.05859,-4.82031,3.33594,-5.39062,9.60938,58,553,663,76,0,1,1,0
18.3468,0.0431152,0.533793,-1.74055,-0.061645,0.972454,-1.54359,-0.0653995,0.530341,-1.73167,0.0744222,0.966701,-1.55683,-2.14844,7.32031,-4.93359,-2.71875,-3.73438,6.89844,1.21094,6.05859,-4.82031,3.33594,-5.39062,9.60938,58,553,663,76,0,1,1,0
18.357,0.0431152,0.533793,-1.74055,-0.061645,0.972454,-1.54359,-0.0653995,0.530341,-1.73167,0.0744222,0.966701,-1.55683,-2.14844,7.32031,-4.93359,-2.71875,-3.73438,6.89844,1.21094,6.05859,-4.82031,3.33594,-5.39062,9.60938,58,553,663,76,0,1,1,0
18.3752,0.0431152,0.533793,-1.74055,-0.061645,0.972454,-1.54359,-0.0653995,0.530341,-1.73167,0.0744222,0.966701,-1.55683,-2.14844,7.32031,-4.93359,-2.71875,-3.73438,6.89844,1.21094,6.05859,-4.82031,3.33594,-5.39062,9.60938,58,553,663,76,0,1,1,0
18.3856,0.0630378,0.612575,-1.57839,-0.0371203,1.12899,-1.60992,-0.0870176,0.607004,-1.55417,0.0831421,1.13129,-1.63232,2.37109,1.18359,8.01172,1.08594,-0.0703125,-10.4609,-2.39844,4.79688,10.7227,-2.19922,-1.50781,-10.0547,553,206,122,394,1,1,0,1
18.3963,0.0630378,0.612575,-1.57839,-0.0371203,1.12899,-1.60992,-0.0870176,0.607004,-1.55417,0.0831421,1.13129,-1.63232,2.37109,1.18359,8.01172,1.08594,-0.0703125,-10.4609,-2.39844,4.79688,10.7227,-2.19922,-1.50781,-10.0547,553,206,122,394,1,1,0,1
18.4065,0.0630378,0.612575,-1.57839,-0.0371203,1.12899,-1.60992,-0.0870176,0.607004,-1.55417,0.0831421,1.13129,-1.63232,2.37109,1.18359,8.01172,1.08594,-0.0703125,-10.4609,-2.39844,4.79688,10.7227,-2.19922,-1.50781,-10.0547,553,206,122,394,1,1,0,1
18.4168,0.0670345,0.808894,-1.6217,-0.0557712,1.21492,-2.17445,-0.090106,0.78443,-1.59098,0.0984625,1.20983,-2.19726,4.27734,4.55078,12.5039,-2.125,-4.79688,4.89453,-3.80859,6.89844,12.0195,1.38281,-4.25391,5.93359,907,63,64,853,1,0,0,1
18.4273,0.0670345,0.808894,-1.6217,-0.0557712,1.21492,-2.17445,-0.090106,0.78443,-1.59098,0.0984625,1.20983,-2.19726,4.27734,4.55078,12.5039,-2.125,-4.79688,4.89453,-3.80859,6.89844,12.0195,1.38281,-4.25391,5.93359,907,63,64,853,1,0,0,1
18.4386,0.0670345,0.808894,-1.6217,-0.0557712,1.21492,-2.17445,-0.090106,0.78443,-1.59098,0.0984625,1.20983,-2.19726,4.27734,4.55078,12.5039,-2.125,-4.79688,4.89453,-3.80859,6.89844,12.0195,1.38281,-4.25391,5.93359,907,63,64,853,1,0,0,1
18.449,0.0670345,0.808894,-1.6217,-0.0557712,1.21492,-2.17445,-0.090106,0.78443,-1.59098,0.0984625,1.20983,-2.19726,4.27734,4.55078,12.5039,-2.125,-4.79688,4.89453,-3.80859,6.89844,12.0195,1.38281,-4.25391,5.93359,907,63,64,853,1,0,0,1
18.4603,0.0752094,0.93382,-1.60871,-0.0595256,0.669497,-2.01507,-0.0839899,0.907115,-1.56494,0.0558318,0.674281,-2.01677,2.59375,-0.789062,7.9375,2.19922,7.71484,3.59766,-3.80859,-0.542969,7.34375,-1.38281,7.69141,2.81641,485,71,73,410,1,0,0,1
18.4708,0.0752094,0.93382,-1.60871,-0.0595256,0.669497,-2.01507,-0.0839899,0.907115,-1.56494,0.0558318,0.674281,-2.01677,2.59375,-0.789062,7.9375,2.19922,7.71484,3.59766,-3.80859,-0.542969,7.34375,-1.38281,7.69141,2.81641,485,71,73,410,1,0,0,1
18.4811,0.0752094,0.93382,-1.60871,-0.0595256,0.669497,-2.01507,-0.0839899,0.907115,-1.56494,0.0558318,0.674281,-2.01677,2.59375,-0.789062,7.9375,2.19922,7.71484,3.59766,-3.80859,-0.542969,7.34375,-1.38281,7.69141,2.81641,485,71,73,410,1,0,0,1
18.4914,0.0752094,0.93382,-1.60871,-0.0595256,0.669497,-2.01507,-0.0839899,0.907115,-1.56494,0.0558318,0.674281,-2.01677,2.59375,-0.789062,7.9375,2.19922,7.71484,3.59766,-3.80859,-0.542969,7.34375,-1.38281,7.69141,2.81641,485,71,73,410,1,0,0,1
18.5016,0.0713339,1.05414,-1.54383,-0.0640067,0.482866,-1.59736,-0.0793877,1.02096,-1.5035,0.0420858,0.482987,-1.59906,4.12891,-3.63281,8.23438,1.33203,4.35156,1.03516,-3.03906,-3.4375,8.38281,-1.35938,5.16797,0.554688,576,105,68,813,1,0,0,1
18.5146,0.0713339,1.05414,-1.54383,-0.0640067,0.482866,-1.59736,-0.0793877,1.02096,-1.5035,0.0420858,0.482987,-1.59906,4.12891,-3.63281,8.23438,1.33203,4.35156,1.03516,-3.03906,-3.4375,8.38281,-1.35938,5.16797,0.554688,576,105,68,813,1,0,0,1
18.5259,0.0713339,1.05414,-1.54383,-0.0640067,0.482866,-1.59736,-0.0793877,1.02096,-1.5035,0.0420858,0.482987,-1.59906,4.12891,-3.63281,8.23438,1.33203,4.35156,1.03516,-3.03906,-3.4375,8.38281,-1.35938,5.16797,0.554688,576,105,68,813,1,0,0,1
18.5368,0.0710916,1.25549,-1.94176,-0.0770866,0.671556,-1.5911,-0.0833238,1.22812,-1.8854,0.0563768,0.666953,-1.57544,-1.77734,-2.37109,-0.292969,-3.48438,2.34766,12.2422,0.515625,-2.10156,-4.26562,2.94141,3.16406,13.8008,32,1041,988,47,0,1,1,0
18.5505,0.0710916,1.25549,-1.94176,-0.0770866,0.671556,-1.5911,-0.0833238,1.22812,-1.8854,0.0563768,0.666953,-1.57544,-1.77734,-2.37109,-0.292969,-3.48438,2.34766,12.2422,0.515625,-2.10156,-4.26562,2.94141,3.16406,13.8008,32,1041,988,47,0,1,1,0
18.5611,0.0710916,1.25549,-1.94176,-0.0770866,0.671556,-1.5911,-0.0833238,1.22812,-1.8854,0.0563768,0.666953,-1.57544,-1.77734,-2.37109,-0.292969,-3.48438,2.34766,12.2422,0.515625,-2.10156,-4.26562,2.94141,3.16406,13.8008,32,1041,988,47,0,1,1,0
18.5754,0.0710916,1.25549,-1.94176,-0.0770866,0.671556,-1.5911,-0.0833238,1.22812,-1.8854,0.0563768,0.666953,-1.57544,-1.77734,-2.37109,-0.292969,-3.48438,2.34766,12.2422,0.515625,-2.10156,-4.26562,2.94141,3.16406,13.8008,32,1041,988,47,0,1,1,0
18.586,0.0558318,0.989894,-2.24708,-0.0826577,0.854311,-1.60717,-0.0840504,0.967004,-2.21236,0.0723027,0.860669,-1.60552,0.46875,-9.22656,8.30859,-3.66016,3.95703,12.5391,-0.441406,-5.58984,7.49219,4.25391,6.28125,12.0938,56,765,566,72,0,1,1,0
18.5962,0.0558318,0.989894,-2.24708,-0.0826577,0.854311,-1.60717,-0.0840504,0.967004,-2.21236,0.0723027,0.860669,-1.60552,0.46875,-9.22656,8.30859,-3.66016,3.95703,12.5391,-0.441406,-5.58984,7.49219,4.25391,6.28125,12.0938,56,765,566,72,0,1,1,0
18.6064,0.0558318,0.989894,-2.24708,-0.0826577,0.854311,-1.60717,-0.0840504,0.967004,-2.21236,0.0723027,0.860669,-1.60552,0.46875,-9.22656,8.30859,-3.66016,3.95703,12.5391,-0.441406,-5.58984,7.49219,4.25391,6.28125,12.0938,56,765,566,72,0,1,1,0
18.6167,0.0385736,0.49861,-1.74508,-0.0827182,0.974815,-1.5494,-0.0719394,0.493645,-1.71593,0.0690328,0.980144,-1.56684,-2.05078,7.19531,-5.82422,-3.16406,-4.15234,6.41797,1.10938,6.60156,-5.30469,3.46094,-5.76172,10.2773,56,612,735,74,0,1,1,0
18.6268,0.0385736,0.49861,-1.74508,-0.0827182,0.974815,-1.5494,-0.0719394,0.493645,-1.71593,0.0690328,0.980144,-1.56684,-2.05078,7.19531,-5.82422,-3.16406,-4.15234,6.41797,1.10938,6.60156,-5.30469,3.46094,-5.76172,10.2773,56,612,735,74,0,1,1,0
18.6394,0.0385736,0.49861,-1.74508,-0.0827182,0.974815,-1.5494,-0.0719394,0.493645,-1.71593,0.0690328,0.980144,-1.56684,-2.05078,7.19531,-5.82422,-3.16406,-4.15234,6.41797,1.10938,6.60156,-5.30469,3.46094,-5.76172,10.2773,56,612,735,74,0,1,1,0
18.6499,0.0385736,0.49861,-1.74508,-0.0827182,0.974815,-1.5494,-0.0719394,0.493645,-1.71593,0.0690328,0.980144,-1.56684,-2.05078,7.19531,-5.82422,-3.16406,-4.15234,6.41797,1.10938,6.60156,-5.30469,3.46094,-5.76172,10.2773,56,612,735,74,0,1,1,0
18.6605,0.0587384,0.570913,-1.57185,-0.0578906,1.1345,-1.60261,-0.0914987,0.57824,-1.55126,0.077571,1.14782,-1.63107,1.18359,3.01562,5.00781,1.43359,-0.0976562,-11.3516,-1.50781,3.92969,11.3164,-1.85156,-1.35938,-10.9453,109,200,111,470,0,1,0,1
18.6707,0.0587384,0.570913,-1.57185,-0.0578906,1.1345,-1.60261,-0.0914987,0.57824,-1.55126,0.077571,1.14782,-1.63107,1.18359,3.01562,5.00781,1.43359,-0.0976562,-11.3516,-1.50781,3.92969,11.3164,-1.85156,-1.35938,-10.9453,109,200,111,470,0,1,0,1
18.6813,0.0587384,0.570913,-1.57185,-0.0578906,1.1345,-1.60261,-0.0914987,0.57824,-1.55126,0.077571,1.14782,-1.63107,1.18359,3.01562,5.00781,1.43359,-0.0976562,-11.3516,-1.50781,3.92969,11.3164,-1.85156,-1.35938,-10.9453,109,200,111,470,0,1,0,1
18.6917,0.0587384,0.570913,-1.57185,-0.0578906,1.1345,-1.60261,-0.0914987,0.57824,-1.55126,0.077571,1.14782,-1.63107,1.18359,3.01562,5.00781,1.43359,-0.0976562,-11.3516,-1.50781,3.92969,11.3164,-1.85156,-1.35938,-10.9453,109,200,111,470,0,1,0,1
18.7026,0.054439,0.780191,-1.61064,-0.07091,1.22442,-2.16997,-0.0985231,0.760935,-1.584,0.0936787,1.226,-2.20521,4.22656,6.20703,13.0977,-1.87891,-5.83594,5.23047,-3.14062,6.82422,11.7617,0.914062,-5.26562,6.04688,890,62,59,835,1,0,0,1
18.7129,0.054439,0.780191,-1.61064,-0.07091,1.22442,-2.16997,-0.0985231,0.760935,-1.584,0.0936787,1.226,-2.20521,4.22656,6.20703,13.0977,-1.87891,-5.83594,5.23047,-3.14062,6.82422,11.7617,0.914062,-5.26562,6.04688,890,62,59,835,1,0,0,1
18.7232,0.054439,0.780191,-1.61064,-0.07091,1.22442,-2.16997,-0.0985231,0.760935,-1.584,0.0936787,1.226,-2.20521,4.22656,6.20703,13.0977,-1.87891,-5.83594,5.23047,-3.14062,6.82422,11.7617,0.914062,-5.26562,6.04688,890,62,59,835,1,0,0,1
18.7335,0.0681244,0.917167,-1.60148,-0.0689117,0.650846,-2.02125,-0.0924675,0.895246,-1.55675,0.0478991,0.657083,-2.03626,2.69531,-0.320312,8.34766,2.59375,7.81641,4.07812,-4.22656,-0.960938,7.16016,-1.23438,7.98828,3.41016,490,70,71,388,1,0,0,1
18.7455,0.0681244,0.917167,-1.60148,-0.0689117,0.650846,-2.02125,-0.0924675,0.895246,-1.55675,0.0478991,0.657083,-2.03626,2.69531,-0.320312,8.34766,2.59375,7.81641,4.07812,-4.22656,-0.960938,7.16016,-1.23438,7.98828,3.41016,490,70,71,388,1,0,0,1
18.756,0.0681244,0.917167,-1.60148,-0.0689117,0.650846,-2.02125,-0.0924675,0.895246,-1.55675,0.0478991,0.657083,-2.03626,2.69531,-0.320312,8.34766,2.59375,7.81641,4.07812,-4.22656,-0.960938,7.16016,-1.23438,7.98828,3.41016,490,70,71,388,1,0,0,1
18.7668,0.0681244,0.917167,-1.60148,-0.0689117,0.650846,-2.02125,-0.0924675,0.895246,-1.55675,0.0478991,0.657083,-2.03626,2.69531,-0.320312,8.34766,2.59375,7.81641,4.07812,-4.22656,-0.960938,7.16016,-1.23438,7.98828,3.41016,490,70,71,388,1,0,0,1
18.7774,0.0677006,1.04457,-1.53079,-0.0702439,0.452649,-1.59034,-0.0873809,1.01527,-1.48659,0.0341531,0.450287,-1.61085,5.63672,-6.42969,5.89844,1.50781,5.04297,0.851562,-3.28906,-7.12109,7.08594,-1.30859,-0.441406,-4.30078,555,67,65,804,1,0,0,1
18.7985,0.0677006,1.04457,-1.53079,-0.0702439,0.452649,-1.59034,-0.0873809,1.01527,-1.48659,0.0341531,0.450287,-1.61085,5.63672,-6.42969,5.89844,1.50781,5.04297,0.851562,-3.28906,-7.12109,7.08594,-1.30859,-0.441406,-4.30078,555,67,65,804,1,0,0,1
18.8087,0.0677006,1.04457,-1.53079,-0.0702439,0.452649,-1.59034,-0.0873809,1.01527,-1.48659,0.0341531,0.450287,-1.61085,5.63672,-6.42969,5.89844,1.50781,5.04297,0.851562,-3.28906,-7.12109,7.08594,-1.30859,-0.441406,-4.30078,555,67,65,804,1,0,0,1
18.8231,0.0631589,1.25337,-1.94285,-0.0749066,0.651149,-1.58557,-0.0855643,1.22715,-1.87236,0.0416013,0.607549,-1.57209,-1.60547,-2.71875,-0.589844,-0.171875,0.738281,10.7969,-0.492188,-1.53125,-5.30469,0.960938,-3.38672,7.56641,31,1030,1080,49,0,1,1,0
18.8334,0.0631589,1.25337,-1.94285,-0.0749066,0.651149,-1.58557,-0.0855643,1.22715,-1.87236,0.0416013,0.607549,-1.57209,-1.60547,-2.71875,-0.589844,-0.171875,0.738281,10.7969,-0.492188,-1.53125,-5.30469,0.960938,-3.38672,7.56641,31,1030,1080,49,0,1,1,0
18.8439,0.0631589,1.25337,-1.94285,-0.0749066,0.651149,-1.58557,-0.0855643,1.22715,-1.87236,0.0416013,0.607549,-1.57209,-1.60547,-2.71875,-0.589844,-0.171875,0.738281,10.7969,-0.492188,-1.53125,-5.30469,0.960938,-3.38672,7.56641,31,1030,1080,49,0,1,1,0
18.8547,0.0460218,0.972635,-2.23424,-0.0900454,0.851767,-1.60402,-0.0855038,0.967488,-2.19851,0.0449924,0.819249,-1.61101,-0.21875,-6.10938,8.57031,-3.60938,3.3125,12.5039,-0.046875,-4.57422,7.34375,5.41406,4.25391,12.0195,55,911,828,72,0,1,1,0
18.865,0.0460218,0.972635,-2.23424,-0.0900454,0.851767,-1.60402,-0.0855038,0.967488,-2.19851,0.0449924,0.819249,-1.61101,-0.21875,-6.10938,8.57031,-3.60938,3.3125,12.5039,-0.046875,-4.57422,7.34375,5.41406,4.25391,12.0195,55,911,828,72,0,1,1,0
18.8754,0.0460218,0.972635,-2.23424,-0.0900454,0.851767,-1.60402,-0.0855038,0.967488,-2.19851,0.0449924,0.819249,-1.61101,-0.21875,-6.10938,8.57031,-3.60938,3.3125,12.5039,-0.046875,-4.57422,7.34375,5.41406,4.25391,12.0195,55,911,828,72,0,1,1,0
18.886,0.0460218,0.972635,-2.23424,-0.0900454,0.851767,-1.60402,-0.0855038,0.967488,-2.19851,0.0449924,0.819249,-1.61101,-0.21875,-6.10938,8.57031,-3.60938,3.3125,12.5039,-0.046875,-4.57422,7.34375,5.41406,4.25391,12.0195,55,911,828,72,0,1,1,0
18.8963,0.0164104,0.483108,-1.72364,-0.0870176,0.989288,-1.55679,-0.0858065,0.485652,-1.70882,0.0532885,0.967973,-1.59353,-1.80469,7.19531,-5.97266,-4.30078,-4.55078,5.30469,1.23438,6.45312,-5.11719,3.55859,-4.67188,10.5742,55,596,736,74,0,1,1,0
18.9066,0.0164104,0.483108,-1.72364,-0.0870176,0.989288,-1.55679,-0.0858065,0.485652,-1.70882,0.0532885,0.967973,-1.59353,-1.80469,7.19531,-5.97266,-4.30078,-4.55078,5.30469,1.23438,6.45312,-5.11719,3.55859,-4.67188,10.5742,55,596,736,74,0,1,1,0
18.9169,0.0164104,0.483108,-1.72364,-0.0870176,0.989288,-1.55679,-0.0858065,0.485652,-1.70882,0.0532885,0.967973,-1.59353,-1.80469,7.19531,-5.97266,-4.30078,-4.55078,5.30469,1.23438,6.45312,-5.11719,3.55859,-4.67188,10.5742,55,596,736,74,0,1,1,0
18.9305,0.0303381,0.558984,-1.56535,-0.0565584,1.15103,-1.59042,-0.0983414,0.572245,-1.56058,0.0621295,1.14909,-1.65558,2.89062,2.59375,7.26953,-0.0234375,0.0703125,-11.4648,-1.70312,4.57422,10.9062,-1.30859,-0.9375,-10.6484,382,223,149,355,1,1,0,1
18.9407,0.0303381,0.558984,-1.56535,-0.0565584,1.15103,-1.59042,-0.0983414,0.572245,-1.56058,0.0621295,1.14909,-1.65558,2.89062,2.59375,7.26953,-0.0234375,0.0703125,-11.4648,-1.70312,4.57422,10.9062,-1.30859,-0.9375,-10.6484,382,223,149,355,1,1,0,1
18.951,0.0303381,0.558984,-1.56535,-0.0565584,1.15103,-1.59042,-0.0983414,0.572245,-1.56058,0.0621295,1.14909,-1.65558,2.89062,2.59375,7.26953,-0.0234375,0.0703125,-11.4648,-1.70312,4.57422,10.9062,-1.30859,-0.9375,-10.6484,382,223,149,355,1,1,0,1
18.9614,0.0303381,0.558984,-1.56535,-0.0565584,1.15103,-1.59042,-0.0983414,0.572245,-1.56058,0.0621295,1.14909,-1.65558,2.89062,2.59375,7.26953,-0.0234375,0.0703125,-11.4648,-1.70312,4.57422,10.9062,-1.30859,-0.9375,-10.6484,382,223,149,355,1,1,0,1
18.9718,0.0303381,0.558984,-1.56535,-0.0565584,1.15103,-1.59042,-0.0983414,0.572245,-1.56058,0.0621295,1.14909,-1.65558,2.89062,2.59375,7.26953,-0.0234375,0.0703125,-11.4648,-1.70312,4.57422,10.9062,-1.30859,-0.9375,-10.6484,382,223,149,355,1,1,0,1
18.982,0.0292481,0.780797,-1.62449,-0.0793271,1.24937,-2.1606,-0.100885,0.768868,-1.59651,0.0724239,1.21358,-2.21248,4.52344,5.78516,12.9844,-1.95312,-5.21875,4.85938,-3.53516,6.55469,11.8359,1.10938,-4.55078,5.93359,896,58,60,801,1,0,0,1
18.9923,0.0292481,0.780797,-1.62449,-0.0793271,1.24937,-2.1606,-0.100885,0.768868,-1.59651,0.0724239,1.21358,-2.21248,4.52344,5.78516,12.9844,-1.95312,-5.21875,4.85938,-3.53516,6.55469,11.8359,1.10938,-4.55078,5.93359,896,58,60,801,1,0,0,1
19.0027,0.0292481,0.780797,-1.62449,-0.0793271,1.24937,-2.1606,-0.100885,0.768868,-1.59651,0.0724239,1.21358,-2.21248,4.52344,5.78516,12.9844,-1.95312,-5.21875,4.85938,-3.53516,6.55469,11.8359,1.10938,-4.55078,5.93359,896,58,60,801,1,0,0,1
19.013,0.0440841,0.928854,-1.62053,-0.0856249,0.672767,-2.03215,-0.0919831,0.905359,-1.56656,0.0226476,0.650119,-2.02319,2.84375,-0.492188,8.16016,2.59375,7.51953,4.00391,-4.42578,-1.03516,6.89844,-1.55469,7.89062,2.78125,501,68,70,399,1,0,0,1
19.0236,0.0440841,0.928854,-1.62053,-0.0856249,0.672767,-2.03215,-0.0919831,0.905359,-1.56656,0.0226476,0.650119,-2.02319,2.84375,-0.492188,8.16016,2.59375,7.51953,4.00391,-4.42578,-1.03516,6.89844,-1.55469,7.89062,2.78125,501,68,70,399,1,0,0,1
19.0343,0.0440841,0.928854,-1.62053,-0.0856249,0.672767,-2.03215,-0.0919831,0.905359,-1.56656,0.0226476,0.650119,-2.02319,2.84375,-0.492188,8.16016,2.59375,7.51953,4.00391,-4.42578,-1.03516,6.89844,-1.55469,7.89062,2.78125,501,68,70,399,1,0,0,1
19.0471,0.0440841,0.928854,-1.62053,-0.0856249,0.672767,-2.03215,-0.0919831,0.905359,-1.56656,0.0226476,0.650119,-2.02319,2.84375,-0.492188,8.16016,2.59375,7.51953,4.00391,-4.42578,-1.03516,6.89844,-1.55469,7.89062,2.78125,501,68,70,399,1,0,0,1
19.0577,0.042328,1.06625,-1.54928,-0.0859276,0.487529,-1.59623,-0.083566,1.02841,-1.49034,0.0116266,0.458281,-1.60051,4.94531,-6.05859,6.19531,1.40625,2.25,-0.0703125,-2.96484,-7.61719,6.89844,-1.65625,-0.738281,-4.00391,543,214,66,785,1,1,0,1
19.0682,0.042328,1.06625,-1.54928,-0.0859276,0.487529,-1.59623,-0.083566,1.02841,-1.49034,0.0116266,0.458281,-1.60051,4.94531,-6.05859,6.19531,1.40625,2.25,-0.0703125,-2.96484,-7.61719,6.89844,-1.65625,-0.738281,-4.00391,543,214,66,785,1,1,0,1
19.0787,0.042328,1.06625,-1.54928,-0.0859276,0.487529,-1.59623,-0.083566,1.02841,-1.49034,0.0116266,0.458281,-1.60051,4.94531,-6.05859,6.19531,1.40625,2.25,-0.0703125,-2.96484,-7.61719,6.89844,-1.65625,-0.738281,-4.00391,543,214,66,785,1,1,0,1
19.0895,0.042328,1.06625,-1.54928,-0.0859276,0.487529,-1.59623,-0.083566,1.02841,-1.49034,0.0116266,0.458281,-1.60051,4.94531,-6.05859,6.19531,1.40625,2.25,-0.0703125,-2.96484,-7.61719,6.89844,-1.65625,-0.738281,-4.00391,543,214,66,785,1,1,0,1
19.0999,0.0389975,1.27214,-1.95823,-0.0932548,0.69172,-1.61121,-0.0854432,1.24114,-1.87579,0.0205887,0.626684,-1.5907,-2.07422,-2.39844,0.441406,-2.25,2.69531,13.0977,0.046875,-1.62891,-4.78516,2.37109,4.375,15.7695,33,1060,1010,50,0,1,1,0
19.1144,0.0389975,1.27214,-1.95823,-0.0932548,0.69172,-1.61121,-0.0854432,1.24114,-1.87579,0.0205887,0.626684,-1.5907,-2.07422,-2.39844,0.441406,-2.25,2.69531,13.0977,0.046875,-1.62891,-4.78516,2.37109,4.375,15.7695,33,1060,1010,50,0,1,1,0
19.1311,0.0389975,1.27214,-1.95823,-0.0932548,0.69172,-1.61121,-0.0854432,1.24114,-1.87579,0.0205887,0.626684,-1.5907,-2.07422,-2.39844,0.441406,-2.25,2.69531,13.0977,0.046875,-1.62891,-4.78516,2.37109,4.375,15.7695,33,1060,1010,50,0,1,1,0
19.1419,0.0171976,0.993587,-2.24126,-0.104155,0.889433,-1.62098,-0.105547,0.989349,-2.20501,0.0389369,0.860366,-1.62267,0.144531,-6.82422,8.23438,-2.62109,3.63281,11.0938,-0.765625,-4.96875,7.08594,3.33594,7,11.168,56,757,589,73,0,1,1,0
19.152,0.0171976,0.993587,-2.24126,-0.104155,0.889433,-1.62098,-0.105547,0.989349,-2.20501,0.0389369,0.860366,-1.62267,0.144531,-6.82422,8.23438,-2.62109,3.63281,11.0938,-0.765625,-4.96875,7.08594,3.33594,7,11.168,56,757,589,73,0,1,1,0
19.1623,0.0171976,0.993587,-2.24126,-0.104155,0.889433,-1.62098,-0.105547,0.989349,-2.20501,0.0389369,0.860366,-1.62267,0.144531,-6.82422,8.23438,-2.62109,3.63281,11.0938,-0.765625,-4.96875,7.08594,3.33594,7,11.168,56,757,589,73,0,1,1,0
19.1727,-0.00950714,0.503091,-1.73296,-0.108575,1.02156,-1.55954,-0.112027,0.509026,-1.72784,0.0508662,1.02386,-1.58255,-1.67969,6.875,-5.85938,-3.78125,-5.33984,4.89453,1.03516,7.24609,-4.85938,3.95703,-5.33984,9.38672,88,486,600,75,0,1,1,0
19.1828,-0.00950714,0.503091,-1.73296,-0.108575,1.02156,-1.55954,-0.112027,0.509026,-1.72784,0.0508662,1.02386,-1.58255,-1.67969,6.875,-5.85938,-3.78125,-5.33984,4.89453,1.03516,7.24609,-4.85938,3.95703,-5.33984,9.38672,88,486,600,75,0,1,1,0
19.1932,-0.00950714,0.503091,-1.73296,-0.108575,1.02156,-1.55954,-0.112027,0.509026,-1.72784,0.0508662,1.02386,-1.58255,-1.67969,6.875,-5.85938,-3.78125,-5.33984,4.89453,1.03516,7.24609,-4.85938,3.95703,-5.33984,9.38672,88,486,600,75,0,1,1,0
19.2037,-0.00950714,0.503091,-1.73296,-0.108575,1.02156,-1.55954,-0.112027,0.509026,-1.72784,0.0508662,1.02386,-1.58255,-1.67969,6.875,-5.85938,-3.78125,-5.33984,4.89453,1.03516,7.24609,-4.85938,3.95703,-5.33984,9.38672,88,486,600,75,0,1,1,0
19.2139,-0.00569218,0.601554,-1.69074,-0.0685483,1.18694,-1.58569,-0.113541,0.595075,-1.5846,0.0695172,1.20402,-1.62933,4.10547,5.19141,8.08594,0.320312,-0.765625,-12.4297,-2.66797,3.3125,10.6484,-2.49609,-2.62109,-11.7969,220,136,97,543,1,0,0,1
19.2241,-0.00569218,0.601554,-1.69074,-0.0685483,1.18694,-1.58569,-0.113541,0.595075,-1.5846,0.0695172,1.20402,-1.62933,4.10547,5.19141,8.08594,0.320312,-0.765625,-12.4297,-2.66797,3.3125,10.6484,-2.49609,-2.62109,-11.7969,220,136,97,543,1,0,0,1
19.2347,-0.00569218,0.601554,-1.69074,-0.0685483,1.18694,-1.58569,-0.113541,0.595075,-1.5846,0.0695172,1.20402,-1.62933,4.10547,5.19141,8.08594,0.320312,-0.765625,-12.4297,-2.66797,3.3125,10.6484,-2.49609,-2.62109,-11.7969,220,136,97,543,1,0,0,1
19.2449,-0.00569218,0.601554,-1.69074,-0.0685483,1.18694,-1.58569,-0.113541,0.595075,-1.5846,0.0695172,1.20402,-1.62933,4.10547,5.19141,8.08594,0.320312,-0.765625,-12.4297,-2.66797,3.3125,10.6484,-2.49609,-2.62109,-11.7969,220,136,97,543,1,0,0,1
19.2552,-0.00775105,0.825729,-1.72477,-0.080841,1.34305,-2.12944,-0.115721,0.803081,-1.62122,0.078116,1.2851,-2.20986,4.59766,5.58984,12.1328,-2.125,-4.64844,3.59766,-3.3125,6.23047,12.3555,0.441406,-5.98438,5.82422,558,72,64,829,1,0,0,1
19.2663,-0.00775105,0.825729,-1.72477,-0.080841,1.34305,-2.12944,-0.115721,0.803081,-1.62122,0.078116,1.2851,-2.20986,4.59766,5.58984,12.1328,-2.125,-4.64844,3.59766,-3.3125,6.23047,12.3555,0.441406,-5.98438,5.82422,558,72,64,829,1,0,0,1
19.2766,-0.00775105,0.825729,-1.72477,-0.080841,1.34305,-2.12944,-0.115721,0.803081,-1.62122,0.078116,1.2851,-2.20986,4.59766,5.58984,12.1328,-2.125,-4.64844,3.59766,-3.3125,6.23047,12.3555,0.441406,-5.98438,5.82422,558,72,64,829,1,0,0,1
19.288,-0.00775105,0.825729,-1.72477,-0.080841,1.34305,-2.12944,-0.115721,0.803081,-1.62122,0.078116,1.2851,-2.20986,4.59766,5.58984,12.1328,-2.125,-4.64844,3.59766,-3.3125,6.23047,12.3555,0.441406,-5.98438,5.82422,558,72,64,829,1,0,0,1
19.2984,0.00581329,0.993648,-1.71411,-0.0787216,0.786792,-2.05415,-0.107425,0.947384,-1.58683,0.0173793,0.708252,-2.05383,4.27734,-0.0234375,9.08984,1.95312,6.13281,5.85938,-4.79688,-0.0976562,8.08594,-1.35938,7.34375,3.33594,398,80,75,413,1,0,0,1
19.3086,0.00581329,0.993648,-1.71411,-0.0787216,0.786792,-2.05415,-0.107425,0.947384,-1.58683,0.0173793,0.708252,-2.05383,4.27734,-0.0234375,9.08984,1.95312,6.13281,5.85938,-4.79688,-0.0976562,8.08594,-1.35938,7.34375,3.33594,398,80,75,413,1,0,0,1
19.3189,0.00581329,0.993648,-1.71411,-0.0787216,0.786792,-2.05415,-0.107425,0.947384,-1.58683,0.0173793,0.708252,-2.05383,4.27734,-0.0234375,9.08984,1.95312,6.13281,5.85938,-4.79688,-0.0976562,8.08594,-1.35938,7.34375,3.33594,398,80,75,413,1,0,0,1
19.3292,0.00581329,0.993648,-1.71411,-0.0787216,0.786792,-2.05415,-0.107425,0.947384,-1.58683,0.0173793,0.708252,-2.05383,4.27734,-0.0234375,9.08984,1.95312,6.13281,5.85938,-4.79688,-0.0976562,8.08594,-1.35938,7.34375,3.33594,398,80,75,413,1,0,0,1
19.3398,0.00896215,1.1351,-1.62695,-0.0801143,0.598345,-1.67818,-0.098402,1.0823,-1.50653,0.00266442,0.523498,-1.61464,4.32812,-2.64453,7.78906,1.53125,0.863281,4.41406,-3.48438,-4.44922,8.16016,-0.0976562,3.06641,-0.925781,401,498,72,793,1,1,0,1
19.3535,0.00896215,1.1351,-1.62695,-0.0801143,0.598345,-1.67818,-0.098402,1.0823,-1.50653,0.00266442,0.523498,-1.61464,4.32812,-2.64453,7.78906,1.53125,0.863281,4.41406,-3.48438,-4.44922,8.16016,-0.0976562,3.06641,-0.925781,401,498,72,793,1,1,0,1
19.3643,0.00896215,1.1351,-1.62695,-0.0801143,0.598345,-1.67818,-0.098402,1.0823,-1.50653,0.00266442,0.523498,-1.61464,4.32812,-2.64453,7.78906,1.53125,0.863281,4.41406,-3.48438,-4.44922,8.16016,-0.0976562,3.06641,-0.925781,401,498,72,793,1,1,0,1
19.3746,0.00490496,1.33469,-2.02452,-0.106335,0.819613,-1.68807,-0.0998553,1.29079,-1.89582,0.0203465,0.713762,-1.57863,-1.82812,-1.25781,0.0351562,-2.47266,0.9375,10.7227,0.0976562,-1.03516,-4.33984,1.87891,2.02734,14.0977,61,590,1031,52,0,1,1,0
19.3847,0.00490496,1.33469,-2.02452,-0.106335,0.819613,-1.68807,-0.0998553,1.29079,-1.89582,0.0203465,0.713762,-1.57863,-1.82812,-1.25781,0.0351562,-2.47266,0.9375,10.7227,0.0976562,-1.03516,-4.33984,1.87891,2.02734,14.0977,61,590,1031,52,0,1,1,0
19.395,0.00490496,1.33469,-2.02452,-0.106335,0.819613,-1.68807,-0.0998553,1.29079,-1.89582,0.0203465,0.713762,-1.57863,-1.82812,-1.25781,0.0351562,-2.47266,0.9375,10.7227,0.0976562,-1.03516,-4.33984,1.87891,2.02734,14.0977,61,590,1031,52,0,1,1,0
19.4052,0.00490496,1.33469,-2.02452,-0.106335,0.819613,-1.68807,-0.0998553,1.29079,-1.89582,0.0203465,0.713762,-1.57863,-1.82812,-1.25781,0.0351562,-2.47266,0.9375,10.7227,0.0976562,-1.03516,-4.33984,1.87891,2.02734,14.0977,61,590,1031,52,0,1,1,0
19.4155,0.00884104,1.05002,-2.30642,-0.103912,1.00673,-1.67463,-0.0982203,1.0238,-2.22403,0.056619,0.886465,-1.58372,1.60547,-10.4883,9.05078,-5.31641,1.75391,11.7617,0,-5.73828,8.08594,3.55859,5.73828,10.7578,74,502,477,73,0,1,1,0
19.4269,0.00884104,1.05002,-2.30642,-0.103912,1.00673,-1.67463,-0.0982203,1.0238,-2.22403,0.056619,0.886465,-1.58372,1.60547,-10.4883,9.05078,-5.31641,1.75391,11.7617,0,-5.73828,8.08594,3.55859,5.73828,10.7578,74,502,477,73,0,1,1,0
19.4372,0.00884104,1.05002,-2.30642,-0.103912,1.00673,-1.67463,-0.0982203,1.0238,-2.22403,0.056619,0.886465,-1.58372,1.60547,-10.4883,9.05078,-5.31641,1.75391,11.7617,0,-5.73828,8.08594,3.55859,5.73828,10.7578,74,502,477,73,0,1,1,0
19.4473,0.00884104,1.05002,-2.30642,-0.103912,1.00673,-1.67463,-0.0982203,1.0238,-2.22403,0.056619,0.886465,-1.58372,1.60547,-10.4883,9.05078,-5.31641,1.75391,11.7617,0,-5.73828,8.08594,3.55859,5.73828,10.7578,74,502,477,73,0,1,1,0
19.4582,0.0404508,0.542331,-1.81649,-0.104155,1.10204,-1.57346,-0.0617056,0.512175,-1.73183,0.0486257,0.997463,-1.51367,-2.94141,8.58203,-5.78516,-3.11328,-4.87109,6.64062,0.664062,7.83984,-5.5625,5.63672,-5.61328,9.57031,69,429,651,74,0,1,1,0
19.4688,0.0404508,0.542331,-1.81649,-0.104155,1.10204,-1.57346,-0.0617056,0.512175,-1.73183,0.0486257,0.997463,-1.51367,-2.94141,8.58203,-5.78516,-3.11328,-4.87109,6.64062,0.664062,7.83984,-5.5625,5.63672,-5.61328,9.57031,69,429,651,74,0,1,1,0
19.479,0.0404508,0.542331,-1.81649,-0.104155,1.10204,-1.57346,-0.0617056,0.512175,-1.73183,0.0486257,0.997463,-1.51367,-2.94141,8.58203,-5.78516,-3.11328,-4.87109,6.64062,0.664062,7.83984,-5.5625,5.63672,-5.61328,9.57031,69,429,651,74,0,1,1,0
19.4897,0.0404508,0.542331,-1.81649,-0.104155,1.10204,-1.57346,-0.0617056,0.512175,-1.73183,0.0486257,0.997463,-1.51367,-2.94141,8.58203,-5.78516,-3.11328,-4.87109,6.64062,0.664062,7.83984,-5.5625,5.63672,-5.61328,9.57031,69,429,651,74,0,1,1,0
19.4999,0.0528646,0.633043,-1.64795,-0.0901059,1.24362,-1.58981,-0.0583751,0.639885,-1.62473,0.041238,1.15642,-1.55562,2.39844,4.10547,9.53516,2.19922,0.46875,-12.6875,-2.05078,5.71094,11.7617,-1.80469,0.515625,-13.4297,241,206,84,268,1,1,0,1
19.5101,0.0528646,0.633043,-1.64795,-0.0901059,1.24362,-1.58981,-0.0583751,0.639885,-1.62473,0.041238,1.15642,-1.55562,2.39844,4.10547,9.53516,2.19922,0.46875,-12.6875,-2.05078,5.71094,11.7617,-1.80469,0.515625,-13.4297,241,206,84,268,1,1,0,1
19.5205,0.0528646,0.633043,-1.64795,-0.0901059,1.24362,-1.58981,-0.0583751,0.639885,-1.62473,0.041238,1.15642,-1.55562,2.39844,4.10547,9.53516,2.19922,0.46875,-12.6875,-2.05078,5.71094,11.7617,-1.80469,0.515625,-13.4297,241,206,84,268,1,1,0,1
19.5308,0.0528646,0.633043,-1.64795,-0.0901059,1.24362,-1.58981,-0.0583751,0.639885,-1.62473,0.041238,1.15642,-1.55562,2.39844,4.10547,9.53516,2.19922,0.46875,-12.6875,-2.05078,5.71094,11.7617,-1.80469,0.515625,-13.4297,241,206,84,268,1,1,0,1
19.541,0.0589201,0.844319,-1.64484,-0.107364,1.39265,-2.16702,-0.0592834,0.834509,-1.63281,0.0224054,1.29794,-2.13654,4.47656,4.92188,15.0273,-1.13672,-5.51562,3.67188,-5.53906,5.21875,11.1289,0.714844,-5.39062,6.08203,667,82,64,549,1,0,0,1
19.5512,0.0589201,0.844319,-1.64484,-0.107364,1.39265,-2.16702,-0.0592834,0.834509,-1.63281,0.0224054,1.29794,-2.13654,4.47656,4.92188,15.0273,-1.13672,-5.51562,3.67188,-5.53906,5.21875,11.1289,0.714844,-5.39062,6.08203,667,82,64,549,1,0,0,1
19.5614,0.0589201,0.844319,-1.64484,-0.107364,1.39265,-2.16702,-0.0592834,0.834509,-1.63281,0.0224054,1.29794,-2.13654,4.47656,4.92188,15.0273,-1.13672,-5.51562,3.67188,-5.53906,5.21875,11.1289,0.714844,-5.39062,6.08203,667,82,64,549,1,0,0,1
19.5743,0.0589201,0.844319,-1.64484,-0.107364,1.39265,-2.16702,-0.0592834,0.834509,-1.63281,0.0224054,1.29794,-2.13654,4.47656,4.92188,15.0273,-1.13672,-5.51562,3.67188,-5.53906,5.21875,11.1289,0.714844,-5.39062,6.08203,667,82,64,549,1,0,0,1
19.5851,0.0666711,0.996615,-1.61605,-0.121655,0.739983,-2.10728,-0.0502607,0.9862,-1.59389,-0.0381497,0.696747,-2.00946,2.34766,-0.714844,9.01562,2.02734,5.71094,5.97266,-4.67188,-0.664062,5.52734,-0.9375,6.23047,3.55859,363,87,78,214,1,0,0,1
19.5955,0.0666711,0.996615,-1.61605,-0.121655,0.739983,-2.10728,-0.0502607,0.9862,-1.59389,-0.0381497,0.696747,-2.00946,2.34766,-0.714844,9.01562,2.02734,5.71094,5.97266,-4.67188,-0.664062,5.52734,-0.9375,6.23047,3.55859,363,87,78,214,1,0,0,1
19.6068,0.0666711,0.996615,-1.61605,-0.121655,0.739983,-2.10728,-0.0502607,0.9862,-1.59389,-0.0381497,0.696747,-2.00946,2.34766,-0.714844,9.01562,2.02734,5.71094,5.97266,-4.67188,-0.664062,5.52734,-0.9375,6.23047,3.55859,363,87,78,214,1,0,0,1
19.617,0.06873,1.11446,-1.51129,-0.128256,0.50624,-1.66413,-0.0475963,1.09344,-1.48186,-0.0425702,0.477598,-1.60536,4.35156,-5.6875,6.60156,1.67969,5.07031,1.48047,-4.67188,-5.09375,6.52734,-0.664062,5.24219,1.37109,389,81,159,503,1,0,0,1
19.6286,0.06873,1.11446,-1.51129,-0.128256,0.50624,-1.66413,-0.0475963,1.09344,-1.48186,-0.0425702,0.477598,-1.60536,4.35156,-5.6875,6.60156,1.67969,5.07031,1.48047,-4.67188,-5.09375,6.52734,-0.664062,5.24219,1.37109,389,81,159,503,1,0,0,1
19.6389,0.06873,1.11446,-1.51129,-0.128256,0.50624,-1.66413,-0.0475963,1.09344,-1.48186,-0.0425702,0.477598,-1.60536,4.35156,-5.6875,6.60156,1.67969,5.07031,1.48047,-4.67188,-5.09375,6.52734,-0.664062,5.24219,1.37109,389,81,159,503,1,0,0,1
19.6491,0.06873,1.11446,-1.51129,-0.128256,0.50624,-1.66413,-0.0475963,1.09344,-1.48186,-0.0425702,0.477598,-1.60536,4.35156,-5.6875,6.60156,1.67969,5.07031,1.48047,-4.67188,-5.09375,6.52734,-0.664062,5.24219,1.37109,389,81,159,503,1,0,0,1
19.6644,0.06873,1.11446,-1.51129,-0.128256,0.50624,-1.66413,-0.0475963,1.09344,-1.48186,-0.0425702,0.477598,-1.60536,4.35156,-5.6875,6.60156,1.67969,5.07031,1.48047,-4.67188,-5.09375,6.52734,-0.664062,5.24219,1.37109,389,81,159,503,1,0,0,1
19.6755,0.057164,1.33621,-1.91398,-0.125167,0.673433,-1.56539,-0.0460218,1.32361,-1.87705,-0.0387552,0.668346,-1.57556,-0.566406,-1.95312,-3.41016,-2.37109,-2.59375,6.75,0.617188,-1.48047,-4.5625,0.515625,5.16797,12.9844,65,550,691,86,0,1,1,0
19.6856,0.057164,1.33621,-1.91398,-0.125167,0.673433,-1.56539,-0.0460218,1.32361,-1.87705,-0.0387552,0.668346,-1.57556,-0.566406,-1.95312,-3.41016,-2.37109,-2.59375,6.75,0.617188,-1.48047,-4.5625,0.515625,5.16797,12.9844,65,550,691,86,0,1,1,0
19.6961,0.0192565,1.04385,-2.23779,-0.120626,0.874536,-1.60612,-0.0828999,1.03476,-2.22629,-0.0155626,0.849406,-1.61508,0.492188,-7.37109,8.45703,-2.66797,4.59766,13.8398,-0.269531,-5.61328,7.86328,3.46094,5.51562,9.23828,74,682,400,93,0,1,1,0
19.7063,0.0192565,1.04385,-2.23779,-0.120626,0.874536,-1.60612,-0.0828999,1.03476,-2.22629,-0.0155626,0.849406,-1.61508,0.492188,-7.37109,8.45703,-2.66797,4.59766,13.8398,-0.269531,-5.61328,7.86328,3.46094,5.51562,9.23828,74,682,400,93,0,1,1,0
19.7168,0.0192565,1.04385,-2.23779,-0.120626,0.874536,-1.60612,-0.0828999,1.03476,-2.22629,-0.0155626,0.849406,-1.61508,0.492188,-7.37109,8.45703,-2.66797,4.59766,13.8398,-0.269531,-5.61328,7.86328,3.46094,5.51562,9.23828,74,682,400,93,0,1,1,0
19.727,0.0192565,1.04385,-2.23779,-0.120626,0.874536,-1.60612,-0.0828999,1.03476,-2.22629,-0.0155626,0.849406,-1.61508,0.492188,-7.37109,8.45703,-2.66797,4.59766,13.8398,-0.269531,-5.61328,7.86328,3.46094,5.51562,9.23828,74,682,400,93,0,1,1,0
19.7375,-0.00696383,0.457433,-1.73942,-0.138247,1.00382,-1.56749,-0.110574,0.451075,-1.75537,-0.0139882,0.976874,-1.57584,-2.81641,11.0547,-5.04297,-3.26172,-5.04297,5.30469,0.789062,9.47266,-5.11719,5.53906,-4.77344,7.75391,71,412,333,89,0,1,1,0
19.7479,-0.00696383,0.457433,-1.73942,-0.138247,1.00382,-1.56749,-0.110574,0.451075,-1.75537,-0.0139882,0.976874,-1.57584,-2.81641,11.0547,-5.04297,-3.26172,-5.04297,5.30469,0.789062,9.47266,-5.11719,5.53906,-4.77344,7.75391,71,412,333,89,0,1,1,0
19.7586,-0.00696383,0.457433,-1.73942,-0.138247,1.00382,-1.56749,-0.110574,0.451075,-1.75537,-0.0139882,0.976874,-1.57584,-2.81641,11.0547,-5.04297,-3.26172,-5.04297,5.30469,0.789062,9.47266,-5.11719,5.53906,-4.77344,7.75391,71,412,333,89,0,1,1,0
19.7688,-0.00696383,0.457433,-1.73942,-0.138247,1.00382,-1.56749,-0.110574,0.451075,-1.75537,-0.0139882,0.976874,-1.57584,-2.81641,11.0547,-5.04297,-3.26172,-5.04297,5.30469,0.789062,9.47266,-5.11719,5.53906,-4.77344,7.75391,71,412,333,89,0,1,1,0
19.7792,-0.00708494,0.518049,-1.53511,-0.113601,1.18185,-1.59171,-0.112935,0.524346,-1.57831,-0.0181665,1.16708,-1.6238,-0.171875,-1.87891,0.367188,-0.8125,-2.89062,-12.168,2.22266,5.46484,6.86328,-1.40625,-3.58594,-10.832,222,270,185,210,1,1,0,1
19.7894,-0.00708494,0.518049,-1.53511,-0.113601,1.18185,-1.59171,-0.112935,0.524346,-1.57831,-0.0181665,1.16708,-1.6238,-0.171875,-1.87891,0.367188,-0.8125,-2.89062,-12.168,2.22266,5.46484,6.86328,-1.40625,-3.58594,-10.832,222,270,185,210,1,1,0,1
19.7996,-0.00708494,0.518049,-1.53511,-0.113601,1.18185,-1.59171,-0.112935,0.524346,-1.57831,-0.0181665,1.16708,-1.6238,-0.171875,-1.87891,0.367188,-0.8125,-2.89062,-12.168,2.22266,5.46484,6.86328,-1.40625,-3.58594,-10.832,222,270,185,210,1,1,0,1
19.8098,-0.00708494,0.518049,-1.53511,-0.113601,1.18185,-1.59171,-0.112935,0.524346,-1.57831,-0.0181665,1.16708,-1.6238,-0.171875,-1.87891,0.367188,-0.8125,-2.89062,-12.168,2.22266,5.46484,6.86328,-1.40625,-3.58594,-10.832,222,270,185,210,1,1,0,1
19.8207,-0.00775105,0.744222,-1.57161,-0.132373,1.28498,-2.17643,-0.112693,0.748461,-1.63491,-0.00865937,1.23799,-2.21668,1.80469,1.62891,12.875,-1.55469,-4.20312,4.00391,-2.59375,5.01953,9.68359,0.960938,-5.14453,5.15625,1077,83,82,525,1,0,0,1
19.8308,-0.00775105,0.744222,-1.57161,-0.132373,1.28498,-2.17643,-0.112693,0.748461,-1.63491,-0.00865937,1.23799,-2.21668,1.80469,1.62891,12.875,-1.55469,-4.20312,4.00391,-2.59375,5.01953,9.68359,0.960938,-5.14453,5.15625,1077,83,82,525,1,0,0,1
19.8411,-0.00775105,0.744222,-1.57161,-0.132373,1.28498,-2.17643,-0.112693,0.748461,-1.63491,-0.00865937,1.23799,-2.21668,1.80469,1.62891,12.875,-1.55469,-4.20312,4.00391,-2.59375,5.01953,9.68359,0.960938,-5.14453,5.15625,1077,83,82,525,1,0,0,1
19.8522,-0.00775105,0.744222,-1.57161,-0.132373,1.28498,-2.17643,-0.112693,0.748461,-1.63491,-0.00865937,1.23799,-2.21668,1.80469,1.62891,12.875,-1.55469,-4.20312,4.00391,-2.59375,5.01953,9.68359,0.960938,-5.14453,5.15625,1077,83,82,525,1,0,0,1
19.8633,0.0101732,0.902573,-1.5798,-0.125652,0.636252,-2.0397,-0.100582,0.914321,-1.64815,-0.0265231,0.622567,-2.02169,1.65625,-3.01562,8.08594,2.27344,8.60547,4.48828,-5.19141,-0.589844,6.52734,-1.48047,8.70703,3.00391,746,84,87,285,1,0,0,1
19.8735,0.0101732,0.902573,-1.5798,-0.125652,0.636252,-2.0397,-0.100582,0.914321,-1.64815,-0.0265231,0.622567,-2.02169,1.65625,-3.01562,8.08594,2.27344,8.60547,4.48828,-5.19141,-0.589844,6.52734,-1.48047,8.70703,3.00391,746,84,87,285,1,0,0,1
19.8837,0.0101732,0.902573,-1.5798,-0.125652,0.636252,-2.0397,-0.100582,0.914321,-1.64815,-0.0265231,0.622567,-2.02169,1.65625,-3.01562,8.08594,2.27344,8.60547,4.48828,-5.19141,-0.589844,6.52734,-1.48047,8.70703,3.00391,746,84,87,285,1,0,0,1
19.8944,0.0224659,1.06111,-1.53612,-0.12438,0.431334,-1.59163,-0.0985836,1.06286,-1.59058,-0.0211943,0.41462,-1.58448,6.57812,-10.3867,4.04297,1.08594,3.85547,1.07422,-4.625,-6.89844,6.86328,-1.48047,-0.246094,-3.00391,681,88,80,506,1,0,0,1
19.9046,0.0224659,1.06111,-1.53612,-0.12438,0.431334,-1.59163,-0.0985836,1.06286,-1.59058,-0.0211943,0.41462,-1.58448,6.57812,-10.3867,4.04297,1.08594,3.85547,1.07422,-4.625,-6.89844,6.86328,-1.48047,-0.246094,-3.00391,681,88,80,506,1,0,0,1
19.9151,0.0224659,1.06111,-1.53612,-0.12438,0.431334,-1.59163,-0.0985836,1.06286,-1.59058,-0.0211943,0.41462,-1.58448,6.57812,-10.3867,4.04297,1.08594,3.85547,1.07422,-4.625,-6.89844,6.86328,-1.48047,-0.246094,-3.00391,681,88,80,506,1,0,0,1
19.9272,0.0224659,1.06111,-1.53612,-0.12438,0.431334,-1.59163,-0.0985836,1.06286,-1.59058,-0.0211943,0.41462,-1.58448,6.57812,-10.3867,4.04297,1.08594,3.85547,1.07422,-4.625,-6.89844,6.86328,-1.48047,-0.246094,-3.00391,681,88,80,506,1,0,0,1
19.9375,0.00502607,1.27166,-1.94838,-0.122927,0.63492,-1.62308,-0.0949503,1.26366,-1.97745,-0.0241615,0.565887,-1.56809,-1.80469,-2.57031,-0.441406,0.0234375,0.441406,11.2031,-0.8125,-0.839844,-0.738281,0.914062,-4.30078,8.30859,19,1058,1131,86,0,1,1,0
19.9477,0.00502607,1.27166,-1.94838,-0.122927,0.63492,-1.62308,-0.0949503,1.26366,-1.97745,-0.0241615,0.565887,-1.56809,-1.80469,-2.57031,-0.441406,0.0234375,0.441406,11.2031,-0.8125,-0.839844,-0.738281,0.914062,-4.30078,8.30859,19,1058,1131,86,0,1,1,0
19.9582,0.00502607,1.27166,-1.94838,-0.122927,0.63492,-1.62308,-0.0949503,1.26366,-1.97745,-0.0241615,0.565887,-1.56809,-1.80469,-2.57031,-0.441406,0.0234375,0.441406,11.2031,-0.8125,-0.839844,-0.738281,0.914062,-4.30078,8.30859,19,1058,1131,86,0,1,1,0
19.9684,0.00502607,1.27166,-1.94838,-0.122927,0.63492,-1.62308,-0.0949503,1.26366,-1.97745,-0.0241615,0.565887,-1.56809,-1.80469,-2.57031,-0.441406,0.0234375,0.441406,11.2031,-0.8125,-0.839844,-0.738281,0.914062,-4.30078,8.30859,19,1058,1131,86,0,1,1,0
19.9786,-0.00878048,0.956831,-2.22915,-0.148299,0.854069,-1.66482,-0.11893,0.944296,-2.26383,-0.0183482,0.803081,-1.62062,0.171875,-8.67969,8.60547,-2.57031,3.63281,11.0195,-0.269531,-4.64844,7.75391,4.25391,5.93359,10.9805,47,928,667,95,0,1,1,0
19.9888,-0.00878048,0.956831,-2.22915,-0.148299,0.854069,-1.66482,-0.11893,0.944296,-2.26383,-0.0183482,0.803081,-1.62062,0.171875,-8.67969,8.60547,-2.57031,3.63281,11.0195,-0.269531,-4.64844,7.75391,4.25391,5.93359,10.9805,47,928,667,95,0,1,1,0
19.999,-0.00878048,0.956831,-2.22915,-0.148299,0.854069,-1.66482,-0.11893,0.944296,-2.26383,-0.0183482,0.803081,-1.62062,0.171875,-8.67969,8.60547,-2.57031,3.63281,11.0195,-0.269531,-4.64844,7.75391,4.25391,5.93359,10.9805,47,928,667,95,0,1,1,0
20.0098,-0.00878048,0.956831,-2.22915,-0.148299,0.854069,-1.66482,-0.11893,0.944296,-2.26383,-0.0183482,0.803081,-1.62062,0.171875,-8.67969,8.60547,-2.57031,3.63281,11.0195,-0.269531,-4.64844,7.75391,4.25391,5.93359,10.9805,47,928,667,95,0,1,1,0
20.0202,-0.0342136,0.446533,-1.68686,-0.158654,1.00921,-1.63902,-0.137097,0.46252,-1.73482,-0.00811438,0.962099,-1.60398,-2.125,7.46875,-5.60156,-5.6875,-6.60156,5.71094,1.13672,6.67578,-5.26562,4.42578,-4.57422,10.9805,50,672,736,89,0,1,1,0
20.0306,-0.0342136,0.446533,-1.68686,-0.158654,1.00921,-1.63902,-0.137097,0.46252,-1.73482,-0.00811438,0.962099,-1.60398,-2.125,7.46875,-5.60156,-5.6875,-6.60156,5.71094,1.13672,6.67578,-5.26562,4.42578,-4.57422,10.9805,50,672,736,89,0,1,1,0
20.0407,-0.0342136,0.446533,-1.68686,-0.158654,1.00921,-1.63902,-0.137097,0.46252,-1.73482,-0.00811438,0.962099,-1.60398,-2.125,7.46875,-5.60156,-5.6875,-6.60156,5.71094,1.13672,6.67578,-5.26562,4.42578,-4.57422,10.9805,50,672,736,89,0,1,1,0
20.0509,-0.0342136,0.446533,-1.68686,-0.158654,1.00921,-1.63902,-0.137097,0.46252,-1.73482,-0.00811438,0.962099,-1.60398,-2.125,7.46875,-5.60156,-5.6875,-6.60156,5.71094,1.13672,6.67578,-5.26562,4.42578,-4.57422,10.9805,50,672,736,89,0,1,1,0
20.0612,-0.026947,0.586476,-1.64552,-0.117537,1.18409,-1.68335,-0.15381,0.544572,-1.57657,0.0107788,1.14788,-1.67439,2.54688,1.97656,8.27344,-0.144531,-2.99219,-11.0547,-1.92578,5.09375,11.1289,-1.90234,-2.91797,-10.3516,371,183,123,440,1,0,0,1
20.0741,-0.026947,0.586476,-1.64552,-0.117537,1.18409,-1.68335,-0.15381,0.544572,-1.57657,0.0107788,1.14788,-1.67439,2.54688,1.97656,8.27344,-0.144531,-2.99219,-11.0547,-1.92578,5.09375,11.1289,-1.90234,-2.91797,-10.3516,371,183,123,440,1,0,0,1
20.0858,-0.026947,0.586476,-1.64552,-0.117537,1.18409,-1.68335,-0.15381,0.544572,-1.57657,0.0107788,1.14788,-1.67439,2.54688,1.97656,8.27344,-0.144531,-2.99219,-11.0547,-1.92578,5.09375,11.1289,-1.90234,-2.91797,-10.3516,371,183,123,440,1,0,0,1
20.0964,-0.0250698,0.811983,-1.6779,-0.122261,1.2352,-2.23739,-0.148663,0.761783,-1.62598,0.0409958,1.19923,-2.23254,4.27734,4.20312,10.8711,-2.10156,-9.49609,4.78516,-4.17969,6.48047,12.5391,1.82812,-8.45703,5.82422,731,56,65,918,1,0,0,1
20.1144,-0.0250698,0.811983,-1.6779,-0.122261,1.2352,-2.23739,-0.148663,0.761783,-1.62598,0.0409958,1.19923,-2.23254,4.27734,4.20312,10.8711,-2.10156,-9.49609,4.78516,-4.17969,6.48047,12.5391,1.82812,-8.45703,5.82422,731,56,65,918,1,0,0,1
20.1248,-0.0250698,0.811983,-1.6779,-0.122261,1.2352,-2.23739,-0.148663,0.761783,-1.62598,0.0409958,1.19923,-2.23254,4.27734,4.20312,10.8711,-2.10156,-9.49609,4.78516,-4.17969,6.48047,12.5391,1.82812,-8.45703,5.82422,731,56,65,918,1,0,0,1
20.1351,-0.0119899,0.938301,-1.65897,-0.0792666,0.635344,-2.02448,-0.149632,0.89791,-1.59696,0.0347586,0.635586,-2.01806,4.10547,-2.91797,7.01172,2.25,7.96484,3.15234,-4.57422,-0.691406,7.41797,-2.34766,6.97266,2.63281,508,66,72,405,1,0,0,1
20.1491,-0.0119899,0.938301,-1.65897,-0.0792666,0.635344,-2.02448,-0.149632,0.89791,-1.59696,0.0347586,0.635586,-2.01806,4.10547,-2.91797,7.01172,2.25,7.96484,3.15234,-4.57422,-0.691406,7.41797,-2.34766,6.97266,2.63281,508,66,72,405,1,0,0,1
20.1597,-0.0119899,0.938301,-1.65897,-0.0792666,0.635344,-2.02448,-0.149632,0.89791,-1.59696,0.0347586,0.635586,-2.01806,4.10547,-2.91797,7.01172,2.25,7.96484,3.15234,-4.57422,-0.691406,7.41797,-2.34766,6.97266,2.63281,508,66,72,405,1,0,0,1
20.1702,-0.0119899,0.938301,-1.65897,-0.0792666,0.635344,-2.02448,-0.149632,0.89791,-1.59696,0.0347586,0.635586,-2.01806,4.10547,-2.91797,7.01172,2.25,7.96484,3.15234,-4.57422,-0.691406,7.41797,-2.34766,6.97266,2.63281,508,66,72,405,1,0,0,1
20.1804,-0.0130193,1.07176,-1.58279,-0.0706678,0.473117,-1.59668,-0.140851,1.02489,-1.52772,0.0241615,0.455435,-1.57851,3.98047,-5.21875,6.67578,0.0703125,1.08594,2.78125,-2.99219,-3.60938,6.67578,-0.566406,1.16016,-0.0351562,620,326,236,690,1,1,1,1
20.1905,-0.0130193,1.07176,-1.58279,-0.0706678,0.473117,-1.59668,-0.140851,1.02489,-1.52772,0.0241615,0.455435,-1.57851,3.98047,-5.21875,6.67578,0.0703125,1.08594,2.78125,-2.99219,-3.60938,6.67578,-0.566406,1.16016,-0.0351562,620,326,236,690,1,1,1,1
20.201,-0.0130193,1.07176,-1.58279,-0.0706678,0.473117,-1.59668,-0.140851,1.02489,-1.52772,0.0241615,0.455435,-1.57851,3.98047,-5.21875,6.67578,0.0703125,1.08594,2.78125,-2.99219,-3.60938,6.67578,-0.566406,1.16016,-0.0351562,620,326,236,690,1,1,1,1
20.2113,-0.0130193,1.07176,-1.58279,-0.0706678,0.473117,-1.59668,-0.140851,1.02489,-1.52772,0.0241615,0.455435,-1.57851,3.98047,-5.21875,6.67578,0.0703125,1.08594,2.78125,-2.99219,-3.60938,6.67578,-0.566406,1.16016,-0.0351562,620,326,236,690,1,1,1,1
20.2226,-0.0116871,1.25936,-1.9638,-0.0741194,0.65024,-1.61763,-0.144727,1.20989,-1.90599,0.0317914,0.617359,-1.57932,-1.67969,-2.22266,-0.257812,-4.20312,-0.121094,13.4688,0.367188,-2.34766,-4.375,4.22656,0.960938,12.1328,33,1164,972,57,0,1,1,0
20.2454,-0.0116871,1.25936,-1.9638,-0.0741194,0.65024,-1.61763,-0.144727,1.20989,-1.90599,0.0317914,0.617359,-1.57932,-1.67969,-2.22266,-0.257812,-4.20312,-0.121094,13.4688,0.367188,-2.34766,-4.375,4.22656,0.960938,12.1328,33,1164,972,57,0,1,1,0
20.257,0.0113844,1.00776,-2.28394,-0.0785399,0.814647,-1.62433,-0.115357,0.951804,-2.22306,0.0323364,0.779828,-1.59627,1.30859,-6.70312,9.16406,-3.4375,0.863281,11.5742,-0.195312,-5.29297,8.05078,4.35156,3.08984,8.53125,56,873,441,79,0,1,1,0
20.2671,0.0113844,1.00776,-2.28394,-0.0785399,0.814647,-1.62433,-0.115357,0.951804,-2.22306,0.0323364,0.779828,-1.59627,1.30859,-6.70312,9.16406,-3.4375,0.863281,11.5742,-0.195312,-5.29297,8.05078,4.35156,3.08984,8.53125,56,873,441,79,0,1,1,0
20.2784,0.0113844,1.00776,-2.28394,-0.0785399,0.814647,-1.62433,-0.115357,0.951804,-2.22306,0.0323364,0.779828,-1.59627,1.30859,-6.70312,9.16406,-3.4375,0.863281,11.5742,-0.195312,-5.29297,8.05078,4.35156,3.08984,8.53125,56,873,441,79,0,1,1,0
20.2889,0.0113844,1.00776,-2.28394,-0.0785399,0.814647,-1.62433,-0.115357,0.951804,-2.22306,0.0323364,0.779828,-1.59627,1.30859,-6.70312,9.16406,-3.4375,0.863281,11.5742,-0.195312,-5.29297,8.05078,4.35156,3.08984,8.53125,56,873,441,79,0,1,1,0
20.2992,0.0170765,0.450166,-1.7827,-0.081931,0.909598,-1.57762,-0.0830815,0.428306,-1.7215,0.0384525,0.859882,-1.54048,-2.27344,8.1875,-5.26562,-2.27344,-6.75,5.45312,0.246094,6.62891,-4.96875,5.46484,-5.51562,5.37891,56,676,500,79,0,1,1,0
20.3102,0.0170765,0.450166,-1.7827,-0.081931,0.909598,-1.57762,-0.0830815,0.428306,-1.7215,0.0384525,0.859882,-1.54048,-2.27344,8.1875,-5.26562,-2.27344,-6.75,5.45312,0.246094,6.62891,-4.96875,5.46484,-5.51562,5.37891,56,676,500,79,0,1,1,0
20.3213,0.0170765,0.450166,-1.7827,-0.081931,0.909598,-1.57762,-0.0830815,0.428306,-1.7215,0.0384525,0.859882,-1.54048,-2.27344,8.1875,-5.26562,-2.27344,-6.75,5.45312,0.246094,6.62891,-4.96875,5.46484,-5.51562,5.37891,56,676,500,79,0,1,1,0
20.3315,0.0170765,0.450166,-1.7827,-0.081931,0.909598,-1.57762,-0.0830815,0.428306,-1.7215,0.0384525,0.859882,-1.54048,-2.27344,8.1875,-5.26562,-2.27344,-6.75,5.45312,0.246094,6.62891,-4.96875,5.46484,-5.51562,5.37891,56,676,500,79,0,1,1,0
20.3424,0.027492,0.500669,-1.61702,-0.0559529,1.06407,-1.64048,-0.0947686,0.459007,-1.49886,0.0432969,1.01442,-1.60467,2,-0.0976562,12.4297,0.195312,-2.05078,-10.0898,-1.73047,0.0234375,3.70703,-2.25,-2.22266,-11.2031,521,262,106,89,1,1,0,0
20.3544,0.027492,0.500669,-1.61702,-0.0559529,1.06407,-1.64048,-0.0947686,0.459007,-1.49886,0.0432969,1.01442,-1.60467,2,-0.0976562,12.4297,0.195312,-2.05078,-10.0898,-1.73047,0.0234375,3.70703,-2.25,-2.22266,-11.2031,521,262,106,89,1,1,0,0
20.3657,0.027492,0.500669,-1.61702,-0.0559529,1.06407,-1.64048,-0.0947686,0.459007,-1.49886,0.0432969,1.01442,-1.60467,2,-0.0976562,12.4297,0.195312,-2.05078,-10.0898,-1.73047,0.0234375,3.70703,-2.25,-2.22266,-11.2031,521,262,106,89,1,1,0,0
20.3764,0.0408747,0.684393,-1.63878,-0.0865937,1.12166,-2.16674,-0.0840504,0.580905,-1.50156,0.0469302,1.06492,-2.14022,3.55859,2.66797,15.1016,-2.17578,-6.20703,8.45703,-5.53906,4.12891,5.41406,1.67969,-6.10938,9.19922,1214,62,73,145,1,0,0,0
20.3867,0.0408747,0.684393,-1.63878,-0.0865937,1.12166,-2.16674,-0.0840504,0.580905,-1.50156,0.0469302,1.06492,-2.14022,3.55859,2.66797,15.1016,-2.17578,-6.20703,8.45703,-5.53906,4.12891,5.41406,1.67969,-6.10938,9.19922,1214,62,73,145,1,0,0,0
20.4001,0.0408747,0.684393,-1.63878,-0.0865937,1.12166,-2.16674,-0.0840504,0.580905,-1.50156,0.0469302,1.06492,-2.14022,3.55859,2.66797,15.1016,-2.17578,-6.20703,8.45703,-5.53906,4.12891,5.41406,1.67969,-6.10938,9.19922,1214,62,73,145,1,0,0,0
20.4109,0.0408747,0.684393,-1.63878,-0.0865937,1.12166,-2.16674,-0.0840504,0.580905,-1.50156,0.0469302,1.06492,-2.14022,3.55859,2.66797,15.1016,-2.17578,-6.20703,8.45703,-5.53906,4.12891,5.41406,1.67969,-6.10938,9.19922,1214,62,73,145,1,0,0,0
20.4215,0.0600706,0.785036,-1.63826,-0.10476,0.610395,-1.95294,-0.0779344,0.678277,-1.4922,0.0017561,0.580844,-1.89348,2.59375,-3.98047,7.60547,2.29688,4.94531,3.67188,-5.58984,-1.77734,4.22656,-0.839844,7.14844,2.78125,780,67,78,362,1,0,0,1
20.4321,0.0600706,0.785036,-1.63826,-0.10476,0.610395,-1.95294,-0.0779344,0.678277,-1.4922,0.0017561,0.580844,-1.89348,2.59375,-3.98047,7.60547,2.29688,4.94531,3.67188,-5.58984,-1.77734,4.22656,-0.839844,7.14844,2.78125,780,67,78,362,1,0,0,1
20.4423,0.0600706,0.785036,-1.63826,-0.10476,0.610395,-1.95294,-0.0779344,0.678277,-1.4922,0.0017561,0.580844,-1.89348,2.59375,-3.98047,7.60547,2.29688,4.94531,3.67188,-5.58984,-1.77734,4.22656,-0.839844,7.14844,2.78125,780,67,78,362,1,0,0,1
20.4525,0.0552868,0.893369,-1.61472,-0.0931337,0.407657,-1.52635,-0.0804171,0.767414,-1.484,0.00012111,0.370234,-1.46834,3.33594,-6.00781,6.56641,0.914062,2.94141,3.07812,-3.06641,-4.92188,3.59766,-0.886719,2.44531,0.441406,759,333,73,609,1,1,0,1
20.4627,0.0552868,0.893369,-1.61472,-0.0931337,0.407657,-1.52635,-0.0804171,0.767414,-1.484,0.00012111,0.370234,-1.46834,3.33594,-6.00781,6.56641,0.914062,2.94141,3.07812,-3.06641,-4.92188,3.59766,-0.886719,2.44531,0.441406,759,333,73,609,1,1,0,1
20.4729,0.0552868,0.893369,-1.61472,-0.0931337,0.407657,-1.52635,-0.0804171,0.767414,-1.484,0.00012111,0.370234,-1.46834,3.33594,-6.00781,6.56641,0.914062,2.94141,3.07812,-3.06641,-4.92188,3.59766,-0.886719,2.44531,0.441406,759,333,73,609,1,1,0,1
20.4832,0.0552868,0.893369,-1.61472,-0.0931337,0.407657,-1.52635,-0.0804171,0.767414,-1.484,0.00012111,0.370234,-1.46834,3.33594,-6.00781,6.56641,0.914062,2.94141,3.07812,-3.06641,-4.92188,3.59766,-0.886719,2.44531,0.441406,759,333,73,609,1,1,0,1
20.4935,0.0489285,1.04451,-1.92145,-0.101006,0.508178,-1.5356,-0.083566,0.9317,-1.82012,0.00653995,0.444111,-1.42813,-1.65625,1.18359,0.332031,-2.07422,-1.40625,12.0195,1.53125,-0.269531,-0.0351562,2.47266,-1.28516,8.30859,21,1159,847,61,0,1,1,0
20.5041,0.0489285,1.04451,-1.92145,-0.101006,0.508178,-1.5356,-0.083566,0.9317,-1.82012,0.00653995,0.444111,-1.42813,-1.65625,1.18359,0.332031,-2.07422,-1.40625,12.0195,1.53125,-0.269531,-0.0351562,2.47266,-1.28516,8.30859,21,1159,847,61,0,1,1,0
20.5145,0.0489285,1.04451,-1.92145,-0.101006,0.508178,-1.5356,-0.083566,0.9317,-1.82012,0.00653995,0.444111,-1.42813,-1.65625,1.18359,0.332031,-2.07422,-1.40625,12.0195,1.53125,-0.269531,-0.0351562,2.47266,-1.28516,8.30859,21,1159,847,61,0,1,1,0
20.5289,0.0489285,1.04451,-1.92145,-0.101006,0.508178,-1.5356,-0.083566,0.9317,-1.82012,0.00653995,0.444111,-1.42813,-1.65625,1.18359,0.332031,-2.07422,-1.40625,12.0195,1.53125,-0.269531,-0.0351562,2.47266,-1.28516,8.30859,21,1159,847,61,0,1,1,0
20.5392,0.0466274,1.00152,-2.19302,-0.0838688,0.603552,-1.54464,-0.0839293,0.89567,-2.1118,0.000181665,0.521924,-1.43883,0.46875,-5.09375,8.49609,-0.320312,0.34375,10.6094,-0.367188,-3.98047,7.82812,1.18359,-0.246094,5.15625,52,1083,606,82,0,1,1,0
20.5494,0.0466274,1.00152,-2.19302,-0.0838688,0.603552,-1.54464,-0.0839293,0.89567,-2.1118,0.000181665,0.521924,-1.43883,0.46875,-5.09375,8.49609,-0.320312,0.34375,10.6094,-0.367188,-3.98047,7.82812,1.18359,-0.246094,5.15625,52,1083,606,82,0,1,1,0
20.5598,0.0466274,1.00152,-2.19302,-0.0838688,0.603552,-1.54464,-0.0839293,0.89567,-2.1118,0.000181665,0.521924,-1.43883,0.46875,-5.09375,8.49609,-0.320312,0.34375,10.6094,-0.367188,-3.98047,7.82812,1.18359,-0.246094,5.15625,52,1083,606,82,0,1,1,0
20.5702,0.0466274,1.00152,-2.19302,-0.0838688,0.603552,-1.54464,-0.0839293,0.89567,-2.1118,0.000181665,0.521924,-1.43883,0.46875,-5.09375,8.49609,-0.320312,0.34375,10.6094,-0.367188,-3.98047,7.82812,1.18359,-0.246094,5.15625,52,1083,606,82,0,1,1,0
20.5804,0.0156232,0.636191,-1.80494,-0.0578906,0.670466,-1.52381,-0.0515929,0.567098,-1.73309,-0.0141093,0.550022,-1.40165,-1.16016,2.14844,0.332031,0.515625,-1.70312,8.67969,0.515625,1.77734,0.183594,1.25781,-3.46094,3.30078,56,781,444,85,0,1,1,0
20.5977,0.0156232,0.636191,-1.80494,-0.0578906,0.670466,-1.52381,-0.0515929,0.567098,-1.73309,-0.0141093,0.550022,-1.40165,-1.16016,2.14844,0.332031,0.515625,-1.70312,8.67969,0.515625,1.77734,0.183594,1.25781,-3.46094,3.30078,56,781,444,85,0,1,1,0
20.6094,0.0156232,0.636191,-1.80494,-0.0578906,0.670466,-1.52381,-0.0515929,0.567098,-1.73309,-0.0141093,0.550022,-1.40165,-1.16016,2.14844,0.332031,0.515625,-1.70312,8.67969,0.515625,1.77734,0.183594,1.25781,-3.46094,3.30078,56,781,444,85,0,1,1,0
20.6197,0.0206493,0.520471,-1.54169,-0.0316703,0.741739,-1.50798,-0.0477174,0.460582,-1.47246,-0.0237981,0.576787,-1.37621,-1.80469,0,4.26562,-1.53125,-1.48047,9.75781,0.320312,0.394531,1.22266,0.246094,-3.92969,4.48828,558,815,618,86,1,1,1,0
20.6308,0.0206493,0.520471,-1.54169,-0.0316703,0.741739,-1.50798,-0.0477174,0.460582,-1.47246,-0.0237981,0.576787,-1.37621,-1.80469,0,4.26562,-1.53125,-1.48047,9.75781,0.320312,0.394531,1.22266,0.246094,-3.92969,4.48828,558,815,618,86,1,1,1,0
20.641,0.0206493,0.520471,-1.54169,-0.0316703,0.741739,-1.50798,-0.0477174,0.460582,-1.47246,-0.0237981,0.576787,-1.37621,-1.80469,0,4.26562,-1.53125,-1.48047,9.75781,0.320312,0.394531,1.22266,0.246094,-3.92969,4.48828,558,815,618,86,1,1,1,0
20.6513,0.0206493,0.520471,-1.54169,-0.0316703,0.741739,-1.50798,-0.0477174,0.460582,-1.47246,-0.0237981,0.576787,-1.37621,-1.80469,0,4.26562,-1.53125,-1.48047,9.75781,0.320312,0.394531,1.22266,0.246094,-3.92969,4.48828,558,815,618,86,1,1,1,0
20.6619,0.106456,0.564434,-1.52869,-0.0386341,0.90984,-1.8301,-0.0964642,0.524952,-1.40023,0.00012111,0.750459,-1.71734,8.1875,-0.367188,8.67969,1.28516,-0.515625,0.40625,-7.44531,-1.92578,9.19922,0.765625,0.492188,0.441406,879,36,59,1088,1,0,0,1
20.6724,0.106456,0.564434,-1.52869,-0.0386341,0.90984,-1.8301,-0.0964642,0.524952,-1.40023,0.00012111,0.750459,-1.71734,8.1875,-0.367188,8.67969,1.28516,-0.515625,0.40625,-7.44531,-1.92578,9.19922,0.765625,0.492188,0.441406,879,36,59,1088,1,0,0,1
20.6833,0.106456,0.564434,-1.52869,-0.0386341,0.90984,-1.8301,-0.0964642,0.524952,-1.40023,0.00012111,0.750459,-1.71734,8.1875,-0.367188,8.67969,1.28516,-0.515625,0.40625,-7.44531,-1.92578,9.19922,0.765625,0.492188,0.441406,879,36,59,1088,1,0,0,1
20.6935,0.159805,0.614634,-1.53027,-0.110513,0.938482,-2.11147,-0.14073,0.62626,-1.4289,0.125531,0.86297,-2.05532,7.19531,1.28516,9.16406,-0.839844,-3.38672,6.9375,-6.94922,1.01172,6.75,0.269531,-2.34766,7.23438,811,66,77,637,1,0,0,1
20.7037,0.159805,0.614634,-1.53027,-0.110513,0.938482,-2.11147,-0.14073,0.62626,-1.4289,0.125531,0.86297,-2.05532,7.19531,1.28516,9.16406,-0.839844,-3.38672,6.9375,-6.94922,1.01172,6.75,0.269531,-2.34766,7.23438,811,66,77,637,1,0,0,1
20.714,0.159805,0.614634,-1.53027,-0.110513,0.938482,-2.11147,-0.14073,0.62626,-1.4289,0.125531,0.86297,-2.05532,7.19531,1.28516,9.16406,-0.839844,-3.38672,6.9375,-6.94922,1.01172,6.75,0.269531,-2.34766,7.23438,811,66,77,637,1,0,0,1
20.7242,0.159805,0.614634,-1.53027,-0.110513,0.938482,-2.11147,-0.14073,0.62626,-1.4289,0.125531,0.86297,-2.05532,7.19531,1.28516,9.16406,-0.839844,-3.38672,6.9375,-6.94922,1.01172,6.75,0.269531,-2.34766,7.23438,811,66,77,637,1,0,0,1
20.7343,0.197833,0.627229,-1.52938,-0.143455,0.699835,-1.81899,-0.168646,0.682092,-1.43342,0.222479,0.758997,-1.79978,3.38672,-0.46875,8.05078,1.85156,1.67969,1.10938,-2.84375,-1.35938,4.63672,-1.65625,-0.34375,1.22266,548,72,81,485,1,0,0,1
20.7446,0.197833,0.627229,-1.52938,-0.143455,0.699835,-1.81899,-0.168646,0.682092,-1.43342,0.222479,0.758997,-1.79978,3.38672,-0.46875,8.05078,1.85156,1.67969,1.10938,-2.84375,-1.35938,4.63672,-1.65625,-0.34375,1.22266,548,72,81,485,1,0,0,1
20.7548,0.197833,0.627229,-1.52938,-0.143455,0.699835,-1.81899,-0.168646,0.682092,-1.43342,0.222479,0.758997,-1.79978,3.38672,-0.46875,8.05078,1.85156,1.67969,1.10938,-2.84375,-1.35938,4.63672,-1.65625,-0.34375,1.22266,548,72,81,485,1,0,0,1
20.7652,0.197833,0.627229,-1.52938,-0.143455,0.699835,-1.81899,-0.168646,0.682092,-1.43342,0.222479,0.758997,-1.79978,3.38672,-0.46875,8.05078,1.85156,1.67969,1.10938,-2.84375,-1.35938,4.63672,-1.65625,-0.34375,1.22266,548,72,81,485,1,0,0,1
20.7754,0.205827,0.651996,-1.52934,-0.107667,0.567825,-1.51703,-0.184814,0.744343,-1.43637,0.2051,0.641884,-1.48412,-1.30859,0.21875,8.90234,-0.34375,-0.144531,3.92969,3.1875,-2.51953,5.19141,-0.617188,-0.046875,0.960938,691,323,150,694,1,1,0,1
20.7858,0.205827,0.651996,-1.52934,-0.107667,0.567825,-1.51703,-0.184814,0.744343,-1.43637,0.2051,0.641884,-1.48412,-1.30859,0.21875,8.90234,-0.34375,-0.144531,3.92969,3.1875,-2.51953,5.19141,-0.617188,-0.046875,0.960938,691,323,150,694,1,1,0,1
20.7961,0.205827,0.651996,-1.52934,-0.107667,0.567825,-1.51703,-0.184814,0.744343,-1.43637,0.2051,0.641884,-1.48412,-1.30859,0.21875,8.90234,-0.34375,-0.144531,3.92969,3.1875,-2.51953,5.19141,-0.617188,-0.046875,0.960938,691,323,150,694,1,1,0,1
20.8064,0.205827,0.651996,-1.52934,-0.107667,0.567825,-1.51703,-0.184814,0.744343,-1.43637,0.2051,0.641884,-1.48412,-1.30859,0.21875,8.90234,-0.34375,-0.144531,3.92969,3.1875,-2.51953,5.19141,-0.617188,-0.046875,0.960938,691,323,150,694,1,1,0,1
20.8167,0.246762,0.826819,-1.87842,-0.0859882,0.614149,-1.48606,-0.217635,0.908871,-1.80789,0.188326,0.657325,-1.44291,-1.03516,0.394531,1,-5.6875,-1.77734,8.27344,1.60547,-0.0234375,1.18359,6.15625,1.21094,8.23438,32,992,772,54,0,1,1,0
20.827,0.246762,0.826819,-1.87842,-0.0859882,0.614149,-1.48606,-0.217635,0.908871,-1.80789,0.188326,0.657325,-1.44291,-1.03516,0.394531,1,-5.6875,-1.77734,8.27344,1.60547,-0.0234375,1.18359,6.15625,1.21094,8.23438,32,992,772,54,0,1,1,0
20.8376,0.246762,0.826819,-1.87842,-0.0859882,0.614149,-1.48606,-0.217635,0.908871,-1.80789,0.188326,0.657325,-1.44291,-1.03516,0.394531,1,-5.6875,-1.77734,8.27344,1.60547,-0.0234375,1.18359,6.15625,1.21094,8.23438,32,992,772,54,0,1,1,0
20.8483,0.246762,0.826819,-1.87842,-0.0859882,0.614149,-1.48606,-0.217635,0.908871,-1.80789,0.188326,0.657325,-1.44291,-1.03516,0.394531,1,-5.6875,-1.77734,8.27344,1.60547,-0.0234375,1.18359,6.15625,1.21094,8.23438,32,992,772,54,0,1,1,0
20.8586,0.182573,0.975481,-2.12124,-0.0479596,0.669678,-1.48243,-0.113299,0.922617,-2.07365,0.155505,0.676339,-1.44727,-0.9375,-2.42188,7.19531,-2.22266,1.65625,9.90625,0.640625,-2.59375,7.16016,3.28906,1.73047,7.19531,60,880,600,77,0,1,1,0
20.8689,0.182573,0.975481,-2.12124,-0.0479596,0.669678,-1.48243,-0.113299,0.922617,-2.07365,0.155505,0.676339,-1.44727,-0.9375,-2.42188,7.19531,-2.22266,1.65625,9.90625,0.640625,-2.59375,7.16016,3.28906,1.73047,7.19531,60,880,600,77,0,1,1,0
20.8794,0.182573,0.975481,-2.12124,-0.0479596,0.669678,-1.48243,-0.113299,0.922617,-2.07365,0.155505,0.676339,-1.44727,-0.9375,-2.42188,7.19531,-2.22266,1.65625,9.90625,0.640625,-2.59375,7.16016,3.28906,1.73047,7.19531,60,880,600,77,0,1,1,0
20.8897,0.182573,0.975481,-2.12124,-0.0479596,0.669678,-1.48243,-0.113299,0.922617,-2.07365,0.155505,0.676339,-1.44727,-0.9375,-2.42188,7.19531,-2.22266,1.65625,9.90625,0.640625,-2.59375,7.16016,3.28906,1.73047,7.19531,60,880,600,77,0,1,1,0
20.9001,0.0535912,0.850011,-1.80511,-0.00853826,0.705951,-1.48057,0.0454768,0.692326,-1.72525,0.118143,0.674341,-1.44291,0.0234375,-0.839844,0.8125,0.121094,1.33203,9.49609,-0.246094,0.589844,0.628906,0.171875,-0.394531,6.52734,64,708,477,81,0,1,1,0
20.9109,0.0535912,0.850011,-1.80511,-0.00853826,0.705951,-1.48057,0.0454768,0.692326,-1.72525,0.118143,0.674341,-1.44291,0.0234375,-0.839844,0.8125,0.121094,1.33203,9.49609,-0.246094,0.589844,0.628906,0.171875,-0.394531,6.52734,64,708,477,81,0,1,1,0
20.9215,0.0535912,0.850011,-1.80511,-0.00853826,0.705951,-1.48057,0.0454768,0.692326,-1.72525,0.118143,0.674341,-1.44291,0.0234375,-0.839844,0.8125,0.121094,1.33203,9.49609,-0.246094,0.589844,0.628906,0.171875,-0.394531,6.52734,64,708,477,81,0,1,1,0
20.9322,0.0535912,0.850011,-1.80511,-0.00853826,0.705951,-1.48057,0.0454768,0.692326,-1.72525,0.118143,0.674341,-1.44291,0.0234375,-0.839844,0.8125,0.121094,1.33203,9.49609,-0.246094,0.589844,0.628906,0.171875,-0.394531,6.52734,64,708,477,81,0,1,1,0
20.9426,0.0359697,0.699048,-1.48457,0.0322153,0.751731,-1.47472,0.0749066,0.563162,-1.41323,0.0835054,0.685302,-1.4404,0,-0.046875,2.11328,0.960938,0.171875,9.38672,-1.16016,-0.566406,2.59375,-0.640625,-1.45703,7.82812,202,730,745,402,1,1,1,1
20.9542,0.0359697,0.699048,-1.48457,0.0322153,0.751731,-1.47472,0.0749066,0.563162,-1.41323,0.0835054,0.685302,-1.4404,0,-0.046875,2.11328,0.960938,0.171875,9.38672,-1.16016,-0.566406,2.59375,-0.640625,-1.45703,7.82812,202,730,745,402,1,1,1,1
20.9654,0.0359697,0.699048,-1.48457,0.0322153,0.751731,-1.47472,0.0749066,0.563162,-1.41323,0.0835054,0.685302,-1.4404,0,-0.046875,2.11328,0.960938,0.171875,9.38672,-1.16016,-0.566406,2.59375,-0.640625,-1.45703,7.82812,202,730,745,402,1,1,1,1
20.9758,0.103489,0.687058,-1.47997,0.0102338,0.91856,-1.80773,0.00811434,0.628804,-1.42813,0.108212,0.836326,-1.78726,6.62891,-1.73047,7.19531,0.21875,-0.441406,0.441406,-5.98438,2.47266,9.125,0.542969,0.8125,1.14844,888,44,55,897,1,0,0,1
20.9861,0.103489,0.687058,-1.47997,0.0102338,0.91856,-1.80773,0.00811434,0.628804,-1.42813,0.108212,0.836326,-1.78726,6.62891,-1.73047,7.19531,0.21875,-0.441406,0.441406,-5.98438,2.47266,9.125,0.542969,0.8125,1.14844,888,44,55,897,1,0,0,1
20.9963,0.103489,0.687058,-1.47997,0.0102338,0.91856,-1.80773,0.00811434,0.628804,-1.42813,0.108212,0.836326,-1.78726,6.62891,-1.73047,7.19531,0.21875,-0.441406,0.441406,-5.98438,2.47266,9.125,0.542969,0.8125,1.14844,888,44,55,897,1,0,0,1
21.0144,0.103489,0.687058,-1.47997,0.0102338,0.91856,-1.80773,0.00811434,0.628804,-1.42813,0.108212,0.836326,-1.78726,6.62891,-1.73047,7.19531,0.21875,-0.441406,0.441406,-5.98438,2.47266,9.125,0.542969,0.8125,1.14844,888,44,55,897,1,0,0,1
21.0314,0.146846,0.686816,-1.48626,-0.0920437,1.02853,-2.12657,-0.0408141,0.685302,-1.45029,0.230594,0.985049,-2.11672,6.80078,1.10938,8.71875,-1.0625,-2.99219,7.97656,-6.03516,5.04297,9.05078,0.542969,-2.47266,7.78906,786,74,75,710,1,0,0,1
21.0416,0.146846,0.686816,-1.48626,-0.0920437,1.02853,-2.12657,-0.0408141,0.685302,-1.45029,0.230594,0.985049,-2.11672,6.80078,1.10938,8.71875,-1.0625,-2.99219,7.97656,-6.03516,5.04297,9.05078,0.542969,-2.47266,7.78906,786,74,75,710,1,0,0,1
21.0518,0.146846,0.686816,-1.48626,-0.0920437,1.02853,-2.12657,-0.0408141,0.685302,-1.45029,0.230594,0.985049,-2.11672,6.80078,1.10938,8.71875,-1.0625,-2.99219,7.97656,-6.03516,5.04297,9.05078,0.542969,-2.47266,7.78906,786,74,75,710,1,0,0,1
21.0622,0.199711,0.664471,-1.48505,-0.156414,0.827727,-1.85125,-0.0964037,0.724965,-1.45199,0.288484,0.889796,-1.83978,5.66406,0.765625,8.53125,1.67969,0.863281,1.07422,-5.8125,2.42188,8.34766,-1.23438,-0.542969,1.14844,579,75,80,681,1,0,0,1
21.0725,0.199711,0.664471,-1.48505,-0.156414,0.827727,-1.85125,-0.0964037,0.724965,-1.45199,0.288484,0.889796,-1.83978,5.66406,0.765625,8.53125,1.67969,0.863281,1.07422,-5.8125,2.42188,8.34766,-1.23438,-0.542969,1.14844,579,75,80,681,1,0,0,1
21.0826,0.199711,0.664471,-1.48505,-0.156414,0.827727,-1.85125,-0.0964037,0.724965,-1.45199,0.288484,0.889796,-1.83978,5.66406,0.765625,8.53125,1.67969,0.863281,1.07422,-5.8125,2.42188,8.34766,-1.23438,-0.542969,1.14844,579,75,80,681,1,0,0,1
21.0929,0.257965,0.647152,-1.4861,-0.120686,0.685968,-1.55437,-0.16253,0.767717,-1.46317,0.251848,0.762328,-1.54359,5.26562,0.863281,8.71875,0.171875,-1.58203,2.85547,-3.68359,0.34375,8.01172,-1.0625,-0.394531,1.96484,665,199,82,771,1,0,0,1
21.1035,0.257965,0.647152,-1.4861,-0.120686,0.685968,-1.55437,-0.16253,0.767717,-1.46317,0.251848,0.762328,-1.54359,5.26562,0.863281,8.71875,0.171875,-1.58203,2.85547,-3.68359,0.34375,8.01172,-1.0625,-0.394531,1.96484,665,199,82,771,1,0,0,1
21.1145,0.257965,0.647152,-1.4861,-0.120686,0.685968,-1.55437,-0.16253,0.767717,-1.46317,0.251848,0.762328,-1.54359,5.26562,0.863281,8.71875,0.171875,-1.58203,2.85547,-3.68359,0.34375,8.01172,-1.0625,-0.394531,1.96484,665,199,82,771,1,0,0,1
21.1248,0.257965,0.647152,-1.4861,-0.120686,0.685968,-1.55437,-0.16253,0.767717,-1.46317,0.251848,0.762328,-1.54359,5.26562,0.863281,8.71875,0.171875,-1.58203,2.85547,-3.68359,0.34375,8.01172,-1.0625,-0.394531,1.96484,665,199,82,771,1,0,0,1
21.1403,0.288121,0.871932,-1.84858,-0.0311859,0.708858,-1.46725,-0.190203,0.897002,-1.8391,0.16259,0.721937,-1.45639,-2.29688,0.914062,1.18359,1.21094,-0.144531,8.82812,2.19922,-0.367188,1.33203,-1.01172,-2.125,8.05078,30,880,860,50,0,1,1,0
21.1511,0.288121,0.871932,-1.84858,-0.0311859,0.708858,-1.46725,-0.190203,0.897002,-1.8391,0.16259,0.721937,-1.45639,-2.29688,0.914062,1.18359,1.21094,-0.144531,8.82812,2.19922,-0.367188,1.33203,-1.01172,-2.125,8.05078,30,880,860,50,0,1,1,0
21.1616,0.288121,0.871932,-1.84858,-0.0311859,0.708858,-1.46725,-0.190203,0.897002,-1.8391,0.16259,0.721937,-1.45639,-2.29688,0.914062,1.18359,1.21094,-0.144531,8.82812,2.19922,-0.367188,1.33203,-1.01172,-2.125,8.05078,30,880,860,50,0,1,1,0
21.1724,0.192868,1.18664,-2.10429,0.0275526,0.769231,-1.46467,-0.0644912,0.826032,-2.07744,0.102338,0.708373,-1.45877,-0.789062,-5.19141,8.49609,-0.589844,1.58203,11.0547,1.45703,-1.82812,8.05078,0.46875,1.55469,8.16016,54,857,626,73,0,1,1,0
21.1826,0.192868,1.18664,-2.10429,0.0275526,0.769231,-1.46467,-0.0644912,0.826032,-2.07744,0.102338,0.708373,-1.45877,-0.789062,-5.19141,8.49609,-0.589844,1.58203,11.0547,1.45703,-1.82812,8.05078,0.46875,1.55469,8.16016,54,857,626,73,0,1,1,0
21.1933,0.192868,1.18664,-2.10429,0.0275526,0.769231,-1.46467,-0.0644912,0.826032,-2.07744,0.102338,0.708373,-1.45877,-0.789062,-5.19141,8.49609,-0.589844,1.58203,11.0547,1.45703,-1.82812,8.05078,0.46875,1.55469,8.16016,54,857,626,73,0,1,1,0
21.2044,0.192868,1.18664,-2.10429,0.0275526,0.769231,-1.46467,-0.0644912,0.826032,-2.07744,0.102338,0.708373,-1.45877,-0.789062,-5.19141,8.49609,-0.589844,1.58203,11.0547,1.45703,-1.82812,8.05078,0.46875,1.55469,8.16016,54,857,626,73,0,1,1,0
21.2147,-0.0337292,1.078,-1.75109,0.0713944,0.812709,-1.45982,0.157988,0.605732,-1.68492,0.0497157,0.670405,-1.45046,1.82812,-2.29688,0.0703125,-4.74609,-2.34766,8.82812,-1.87891,0.789062,0.144531,4.99609,2.89062,9.46094,61,805,584,78,0,1,1,0
21.2249,-0.0337292,1.078,-1.75109,0.0713944,0.812709,-1.45982,0.157988,0.605732,-1.68492,0.0497157,0.670405,-1.45046,1.82812,-2.29688,0.0703125,-4.74609,-2.34766,8.82812,-1.87891,0.789062,0.144531,4.99609,2.89062,9.46094,61,805,584,78,0,1,1,0
21.2352,-0.0337292,1.078,-1.75109,0.0713944,0.812709,-1.45982,0.157988,0.605732,-1.68492,0.0497157,0.670405,-1.45046,1.82812,-2.29688,0.0703125,-4.74609,-2.34766,8.82812,-1.87891,0.789062,0.144531,4.99609,2.89062,9.46094,61,805,584,78,0,1,1,0
21.2455,-0.0337292,1.078,-1.75109,0.0713944,0.812709,-1.45982,0.157988,0.605732,-1.68492,0.0497157,0.670405,-1.45046,1.82812,-2.29688,0.0703125,-4.74609,-2.34766,8.82812,-1.87891,0.789062,0.144531,4.99609,2.89062,9.46094,61,805,584,78,0,1,1,0
21.2558,-0.0587384,0.845409,-1.38651,0.101975,0.851646,-1.4159,0.191415,0.532158,-1.39063,-0.0041783,0.635646,-1.44355,0.246094,0.9375,0,-7.26953,-6.75,5.23047,-0.664062,-2.19922,2.59375,10.043,5.21875,11.7227,374,785,673,511,1,1,1,1
21.2664,-0.0587384,0.845409,-1.38651,0.101975,0.851646,-1.4159,0.191415,0.532158,-1.39063,-0.0041783,0.635646,-1.44355,0.246094,0.9375,0,-7.26953,-6.75,5.23047,-0.664062,-2.19922,2.59375,10.043,5.21875,11.7227,374,785,673,511,1,1,1,1
21.2766,-0.0587384,0.845409,-1.38651,0.101975,0.851646,-1.4159,0.191415,0.532158,-1.39063,-0.0041783,0.635646,-1.44355,0.246094,0.9375,0,-7.26953,-6.75,5.23047,-0.664062,-2.19922,2.59375,10.043,5.21875,11.7227,374,785,673,511,1,1,1,1
21.2868,-0.0587384,0.845409,-1.38651,0.101975,0.851646,-1.4159,0.191415,0.532158,-1.39063,-0.0041783,0.635646,-1.44355,0.246094,0.9375,0,-7.26953,-6.75,5.23047,-0.664062,-2.19922,2.59375,10.043,5.21875,11.7227,374,785,673,511,1,1,1,1
21.2974,-0.0304592,0.838506,-1.40435,0.0961614,1.06329,-1.74076,0.160895,0.592895,-1.41626,-0.00999158,0.75391,-1.78819,2.62109,-0.886719,5.41406,0.960938,-0.144531,-0.925781,-1.95312,-0.144531,8.16016,0.617188,-0.046875,0.664062,675,35,56,958,1,0,0,1
21.3076,-0.0304592,0.838506,-1.40435,0.0961614,1.06329,-1.74076,0.160895,0.592895,-1.41626,-0.00999158,0.75391,-1.78819,2.62109,-0.886719,5.41406,0.960938,-0.144531,-0.925781,-1.95312,-0.144531,8.16016,0.617188,-0.046875,0.664062,675,35,56,958,1,0,0,1
21.3183,-0.0304592,0.838506,-1.40435,0.0961614,1.06329,-1.74076,0.160895,0.592895,-1.41626,-0.00999158,0.75391,-1.78819,2.62109,-0.886719,5.41406,0.960938,-0.144531,-0.925781,-1.95312,-0.144531,8.16016,0.617188,-0.046875,0.664062,675,35,56,958,1,0,0,1
21.3286,-0.0304592,0.838506,-1.40435,0.0961614,1.06329,-1.74076,0.160895,0.592895,-1.41626,-0.00999158,0.75391,-1.78819,2.62109,-0.886719,5.41406,0.960938,-0.144531,-0.925781,-1.95312,-0.144531,8.16016,0.617188,-0.046875,0.664062,675,35,56,958,1,0,0,1
21.3436,0.00708494,0.812043,-1.45118,-0.0604945,1.18985,-2.13444,0.105305,0.652602,-1.45211,0.169009,0.940723,-2.14276,6.72656,-3.14062,6.12109,-2,-3.85547,6.82422,-3.53516,3.75781,7.41797,-0.664062,-1.08594,7.04688,830,71,76,660,1,0,0,1
21.358,0.00708494,0.812043,-1.45118,-0.0604945,1.18985,-2.13444,0.105305,0.652602,-1.45211,0.169009,0.940723,-2.14276,6.72656,-3.14062,6.12109,-2,-3.85547,6.82422,-3.53516,3.75781,7.41797,-0.664062,-1.08594,7.04688,830,71,76,660,1,0,0,1
21.3683,0.00708494,0.812043,-1.45118,-0.0604945,1.18985,-2.13444,0.105305,0.652602,-1.45211,0.169009,0.940723,-2.14276,6.72656,-3.14062,6.12109,-2,-3.85547,6.82422,-3.53516,3.75781,7.41797,-0.664062,-1.08594,7.04688,830,71,76,660,1,0,0,1
21.3815,0.0371203,0.789154,-1.46261,-0.189416,0.917228,-1.91092,0.0759966,0.677853,-1.46495,0.238102,0.927522,-1.8827,3.68359,-1.75391,6.45312,2.34766,2.91797,1.22266,-4.74609,1.65625,7.08594,-1.60547,-0.417969,0.925781,781,74,80,675,1,0,0,1
21.3918,0.0371203,0.789154,-1.46261,-0.189416,0.917228,-1.91092,0.0759966,0.677853,-1.46495,0.238102,0.927522,-1.8827,3.68359,-1.75391,6.45312,2.34766,2.91797,1.22266,-4.74609,1.65625,7.08594,-1.60547,-0.417969,0.925781,781,74,80,675,1,0,0,1
21.4022,0.0371203,0.789154,-1.46261,-0.189416,0.917228,-1.91092,0.0759966,0.677853,-1.46495,0.238102,0.927522,-1.8827,3.68359,-1.75391,6.45312,2.34766,2.91797,1.22266,-4.74609,1.65625,7.08594,-1.60547,-0.417969,0.925781,781,74,80,675,1,0,0,1
21.4124,0.0574668,0.771411,-1.47258,-0.190748,0.750883,-1.61278,0.0664895,0.695838,-1.48598,0.203162,0.83893,-1.60887,0.738281,0.9375,7.75391,2.62109,-0.492188,3.48438,-2.57031,0.46875,7.53125,-1.48047,-2.79297,3.92969,847,172,276,841,1,0,1,1
21.4226,0.0574668,0.771411,-1.47258,-0.190748,0.750883,-1.61278,0.0664895,0.695838,-1.48598,0.203162,0.83893,-1.60887,0.738281,0.9375,7.75391,2.62109,-0.492188,3.48438,-2.57031,0.46875,7.53125,-1.48047,-2.79297,3.92969,847,172,276,841,1,0,1,1
21.4449,0.0574668,0.771411,-1.47258,-0.190748,0.750883,-1.61278,0.0664895,0.695838,-1.48598,0.203162,0.83893,-1.60887,0.738281,0.9375,7.75391,2.62109,-0.492188,3.48438,-2.57031,0.46875,7.53125,-1.48047,-2.79297,3.92969,847,172,276,841,1,0,1,1
21.4556,0.0745433,0.927159,-1.82251,-0.165618,0.739801,-1.56026,0.0614028,0.854674,-1.82065,0.175852,0.805746,-1.57144,-1.45703,-0.046875,1.03516,-2.27344,0.441406,8.08594,1.10938,-0.589844,1.03516,1.45703,0,8.60547,20,754,747,54,0,1,1,0
21.4658,0.0745433,0.927159,-1.82251,-0.165618,0.739801,-1.56026,0.0614028,0.854674,-1.82065,0.175852,0.805746,-1.57144,-1.45703,-0.046875,1.03516,-2.27344,0.441406,8.08594,1.10938,-0.589844,1.03516,1.45703,0,8.60547,20,754,747,54,0,1,1,0
21.4761,0.0745433,0.927159,-1.82251,-0.165618,0.739801,-1.56026,0.0614028,0.854674,-1.82065,0.175852,0.805746,-1.57144,-1.45703,-0.046875,1.03516,-2.27344,0.441406,8.08594,1.10938,-0.589844,1.03516,1.45703,0,8.60547,20,754,747,54,0,1,1,0
21.4868,0.0745433,0.927159,-1.82251,-0.165618,0.739801,-1.56026,0.0614028,0.854674,-1.82065,0.175852,0.805746,-1.57144,-1.45703,-0.046875,1.03516,-2.27344,0.441406,8.08594,1.10938,-0.589844,1.03516,1.45703,0,8.60547,20,754,747,54,0,1,1,0
21.4969,0.0396636,1.08381,-2.08027,-0.120989,0.757665,-1.56192,0.0651573,0.954408,-2.08632,0.139701,0.78661,-1.57621,0.246094,-3.68359,7.49219,0.046875,4.69922,10.6484,-0.640625,-2.59375,7.16016,-0.171875,1.90234,8.64453,53,826,708,79,0,1,1,0
21.5071,0.0396636,1.08381,-2.08027,-0.120989,0.757665,-1.56192,0.0651573,0.954408,-2.08632,0.139701,0.78661,-1.57621,0.246094,-3.68359,7.49219,0.046875,4.69922,10.6484,-0.640625,-2.59375,7.16016,-0.171875,1.90234,8.64453,53,826,708,79,0,1,1,0
21.5178,0.0396636,1.08381,-2.08027,-0.120989,0.757665,-1.56192,0.0651573,0.954408,-2.08632,0.139701,0.78661,-1.57621,0.246094,-3.68359,7.49219,0.046875,4.69922,10.6484,-0.640625,-2.59375,7.16016,-0.171875,1.90234,8.64453,53,826,708,79,0,1,1,0
21.5306,-0.0135643,0.944417,-1.7892,-0.0848376,0.765537,-1.56075,0.0448108,0.832269,-1.81665,0.103367,0.762873,-1.57459,-0.441406,-0.0234375,0.886719,0.515625,2.96484,9.79297,0.21875,-0.121094,0.886719,-1.23438,0.269531,8.97656,60,660,621,84,0,1,1,0
21.5447,-0.0135643,0.944417,-1.7892,-0.0848376,0.765537,-1.56075,0.0448108,0.832269,-1.81665,0.103367,0.762873,-1.57459,-0.441406,-0.0234375,0.886719,0.515625,2.96484,9.79297,0.21875,-0.121094,0.886719,-1.23438,0.269531,8.97656,60,660,621,84,0,1,1,0
21.5555,-0.0135643,0.944417,-1.7892,-0.0848376,0.765537,-1.56075,0.0448108,0.832269,-1.81665,0.103367,0.762873,-1.57459,-0.441406,-0.0234375,0.886719,0.515625,2.96484,9.79297,0.21875,-0.121094,0.886719,-1.23438,0.269531,8.97656,60,660,621,84,0,1,1,0
21.5663,-0.0135643,0.944417,-1.7892,-0.0848376,0.765537,-1.56075,0.0448108,0.832269,-1.81665,0.103367,0.762873,-1.57459,-0.441406,-0.0234375,0.886719,0.515625,2.96484,9.79297,0.21875,-0.121094,0.886719,-1.23438,0.269531,8.97656,60,660,621,84,0,1,1,0
21.5766,-0.00769049,0.786731,-1.51614,-0.0477174,0.783037,-1.55639,0.0185299,0.743556,-1.59833,0.0662472,0.72872,-1.57298,0.0976562,0.171875,3.59766,0.0703125,1.82812,8.97656,0.839844,-2.47266,4.33984,-1.0625,-0.21875,10.1289,453,654,781,596,1,1,1,1
21.5894,-0.00769049,0.786731,-1.51614,-0.0477174,0.783037,-1.55639,0.0185299,0.743556,-1.59833,0.0662472,0.72872,-1.57298,0.0976562,0.171875,3.59766,0.0703125,1.82812,8.97656,0.839844,-2.47266,4.33984,-1.0625,-0.21875,10.1289,453,654,781,596,1,1,1,1
21.6014,-0.00769049,0.786731,-1.51614,-0.0477174,0.783037,-1.55639,0.0185299,0.743556,-1.59833,0.0662472,0.72872,-1.57298,0.0976562,0.171875,3.59766,0.0703125,1.82812,8.97656,0.839844,-2.47266,4.33984,-1.0625,-0.21875,10.1289,453,654,781,596,1,1,1,1
21.6116,-0.00769049,0.786731,-1.51614,-0.0477174,0.783037,-1.55639,0.0185299,0.743556,-1.59833,0.0662472,0.72872,-1.57298,0.0976562,0.171875,3.59766,0.0703125,1.82812,8.97656,0.839844,-2.47266,4.33984,-1.0625,-0.21875,10.1289,453,654,781,596,1,1,1,1
21.6218,0.0627956,0.763963,-1.53148,-0.0737561,0.944538,-1.88399,-0.0442657,0.777769,-1.58513,0.086836,0.870903,-1.89695,6.37891,-1.45703,7.12109,0.0703125,0.0703125,0.144531,-4.82031,1.50781,10.6094,-0.542969,0.34375,0.183594,844,50,52,920,1,0,0,1
21.6322,0.0627956,0.763963,-1.53148,-0.0737561,0.944538,-1.88399,-0.0442657,0.777769,-1.58513,0.086836,0.870903,-1.89695,6.37891,-1.45703,7.12109,0.0703125,0.0703125,0.144531,-4.82031,1.50781,10.6094,-0.542969,0.34375,0.183594,844,50,52,920,1,0,0,1
21.6455,0.0627956,0.763963,-1.53148,-0.0737561,0.944538,-1.88399,-0.0442657,0.777769,-1.58513,0.086836,0.870903,-1.89695,6.37891,-1.45703,7.12109,0.0703125,0.0703125,0.144531,-4.82031,1.50781,10.6094,-0.542969,0.34375,0.183594,844,50,52,920,1,0,0,1
21.6566,0.10906,0.740709,-1.54339,-0.18984,1.07885,-2.18152,-0.100764,0.806654,-1.58707,0.198257,1.05257,-2.18951,6.89844,0.640625,7.56641,-1.0625,-3.1875,7.49219,-4.79688,3.85547,9.19922,-0.566406,-2.02734,7.56641,745,74,73,785,1,0,0,1
21.6678,0.10906,0.740709,-1.54339,-0.18984,1.07885,-2.18152,-0.100764,0.806654,-1.58707,0.198257,1.05257,-2.18951,6.89844,0.640625,7.56641,-1.0625,-3.1875,7.49219,-4.79688,3.85547,9.19922,-0.566406,-2.02734,7.56641,745,74,73,785,1,0,0,1
21.6813,0.10906,0.740709,-1.54339,-0.18984,1.07885,-2.18152,-0.100764,0.806654,-1.58707,0.198257,1.05257,-2.18951,6.89844,0.640625,7.56641,-1.0625,-3.1875,7.49219,-4.79688,3.85547,9.19922,-0.566406,-2.02734,7.56641,745,74,73,785,1,0,0,1
21.698,0.10906,0.740709,-1.54339,-0.18984,1.07885,-2.18152,-0.100764,0.806654,-1.58707,0.198257,1.05257,-2.18951,6.89844,0.640625,7.56641,-1.0625,-3.1875,7.49219,-4.79688,3.85547,9.19922,-0.566406,-2.02734,7.56641,745,74,73,785,1,0,0,1
21.7081,0.153083,0.708313,-1.54157,-0.252212,0.920861,-1.91972,-0.141457,0.823549,-1.58747,0.19856,1.0083,-1.91116,2.17578,2.81641,7.64062,1.45703,-0.367188,0.886719,-2.89062,1.45703,7.75391,-1.10938,-0.714844,1.29688,437,78,78,562,1,0,0,1
21.7186,0.153083,0.708313,-1.54157,-0.252212,0.920861,-1.91972,-0.141457,0.823549,-1.58747,0.19856,1.0083,-1.91116,2.17578,2.81641,7.64062,1.45703,-0.367188,0.886719,-2.89062,1.45703,7.75391,-1.10938,-0.714844,1.29688,437,78,78,562,1,0,0,1
21.7288,0.153083,0.708313,-1.54157,-0.252212,0.920861,-1.91972,-0.141457,0.823549,-1.58747,0.19856,1.0083,-1.91116,2.17578,2.81641,7.64062,1.45703,-0.367188,0.886719,-2.89062,1.45703,7.75391,-1.10938,-0.714844,1.29688,437,78,78,562,1,0,0,1
21.7393,0.182271,0.683182,-1.54157,-0.224296,0.777285,-1.61852,-0.16689,0.836508,-1.58771,0.141396,0.882227,-1.62066,-1.01172,3.85547,8.79297,0.542969,-0.664062,1.96484,0.492188,-0.21875,7.97656,-0.121094,-0.988281,3.59766,619,151,260,817,1,0,1,1
21.7495,0.182271,0.683182,-1.54157,-0.224296,0.777285,-1.61852,-0.16689,0.836508,-1.58771,0.141396,0.882227,-1.62066,-1.01172,3.85547,8.79297,0.542969,-0.664062,1.96484,0.492188,-0.21875,7.97656,-0.121094,-0.988281,3.59766,619,151,260,817,1,0,1,1
21.7598,0.182271,0.683182,-1.54157,-0.224296,0.777285,-1.61852,-0.16689,0.836508,-1.58771,0.141396,0.882227,-1.62066,-1.01172,3.85547,8.79297,0.542969,-0.664062,1.96484,0.492188,-0.21875,7.97656,-0.121094,-0.988281,3.59766,619,151,260,817,1,0,1,1
21.7704,0.182271,0.683182,-1.54157,-0.224296,0.777285,-1.61852,-0.16689,0.836508,-1.58771,0.141396,0.882227,-1.62066,-1.01172,3.85547,8.79297,0.542969,-0.664062,1.96484,0.492188,-0.21875,7.97656,-0.121094,-0.988281,3.59766,619,151,260,817,1,0,1,1
21.7808,0.217514,0.843108,-1.88435,-0.191899,0.770079,-1.56377,-0.199226,0.976995,-1.9175,0.105971,0.842503,-1.57415,-1.55469,0,0.738281,-4.5,-0.738281,7.86328,1.18359,-0.640625,0.960938,3.21484,0,9.19922,37,854,865,48,0,1,1,0
21.7912,0.217514,0.843108,-1.88435,-0.191899,0.770079,-1.56377,-0.199226,0.976995,-1.9175,0.105971,0.842503,-1.57415,-1.55469,0,0.738281,-4.5,-0.738281,7.86328,1.18359,-0.640625,0.960938,3.21484,0,9.19922,37,854,865,48,0,1,1,0
21.8019,0.217514,0.843108,-1.88435,-0.191899,0.770079,-1.56377,-0.199226,0.976995,-1.9175,0.105971,0.842503,-1.57415,-1.55469,0,0.738281,-4.5,-0.738281,7.86328,1.18359,-0.640625,0.960938,3.21484,0,9.19922,37,854,865,48,0,1,1,0
21.8124,0.119293,1.05632,-2.13998,-0.154537,0.790667,-1.56486,-0.128558,1.01617,-2.16157,0.0689117,0.823064,-1.57496,-0.914062,-2.66797,7.16016,-2.34766,2.14844,10.1289,0.542969,-2,6.82422,3.03906,2.86719,9.75781,63,856,677,76,0,1,1,0
21.8225,0.119293,1.05632,-2.13998,-0.154537,0.790667,-1.56486,-0.128558,1.01617,-2.16157,0.0689117,0.823064,-1.57496,-0.914062,-2.66797,7.16016,-2.34766,2.14844,10.1289,0.542969,-2,6.82422,3.03906,2.86719,9.75781,63,856,677,76,0,1,1,0
21.833,0.119293,1.05632,-2.13998,-0.154537,0.790667,-1.56486,-0.128558,1.01617,-2.16157,0.0689117,0.823064,-1.57496,-0.914062,-2.66797,7.16016,-2.34766,2.14844,10.1289,0.542969,-2,6.82422,3.03906,2.86719,9.75781,63,856,677,76,0,1,1,0
21.8432,0.119293,1.05632,-2.13998,-0.154537,0.790667,-1.56486,-0.128558,1.01617,-2.16157,0.0689117,0.823064,-1.57496,-0.914062,-2.66797,7.16016,-2.34766,2.14844,10.1289,0.542969,-2,6.82422,3.03906,2.86719,9.75781,63,856,677,76,0,1,1,0
21.8536,-0.0475357,0.947868,-1.8108,-0.134129,0.800114,-1.56373,-0.0167738,0.820582,-1.83821,0.0320336,0.801265,-1.57124,0.589844,-1.08594,1.22266,-2.25,1.23438,9.49609,-0.269531,0,0.515625,2.14844,1.23438,9.57031,67,737,614,81,0,1,1,0
21.8641,-0.0475357,0.947868,-1.8108,-0.134129,0.800114,-1.56373,-0.0167738,0.820582,-1.83821,0.0320336,0.801265,-1.57124,0.589844,-1.08594,1.22266,-2.25,1.23438,9.49609,-0.269531,0,0.515625,2.14844,1.23438,9.57031,67,737,614,81,0,1,1,0
21.8747,-0.0475357,0.947868,-1.8108,-0.134129,0.800114,-1.56373,-0.0167738,0.820582,-1.83821,0.0320336,0.801265,-1.57124,0.589844,-1.08594,1.22266,-2.25,1.23438,9.49609,-0.269531,0,0.515625,2.14844,1.23438,9.57031,67,737,614,81,0,1,1,0
21.8904,-0.0475357,0.947868,-1.8108,-0.134129,0.800114,-1.56373,-0.0167738,0.820582,-1.83821,0.0320336,0.801265,-1.57124,0.589844,-1.08594,1.22266,-2.25,1.23438,9.49609,-0.269531,0,0.515625,2.14844,1.23438,9.57031,67,737,614,81,0,1,1,0
21.9007,-0.0746644,0.782492,-1.4947,-0.100279,0.814889,-1.55707,-0.00629771,0.707465,-1.57298,0.00387552,0.778193,-1.56866,1.0625,-0.34375,3.22656,-3.1875,0.0703125,9.125,-1.01172,-0.394531,2.92969,0.988281,0.0234375,10.4609,689,698,747,322,1,1,1,1
21.9112,-0.0746644,0.782492,-1.4947,-0.100279,0.814889,-1.55707,-0.00629771,0.707465,-1.57298,0.00387552,0.778193,-1.56866,1.0625,-0.34375,3.22656,-3.1875,0.0703125,9.125,-1.01172,-0.394531,2.92969,0.988281,0.0234375,10.4609,689,698,747,322,1,1,1,1
21.9239,-0.0746644,0.782492,-1.4947,-0.100279,0.814889,-1.55707,-0.00629771,0.707465,-1.57298,0.00387552,0.778193,-1.56866,1.0625,-0.34375,3.22656,-3.1875,0.0703125,9.125,-1.01172,-0.394531,2.92969,0.988281,0.0234375,10.4609,689,698,747,322,1,1,1,1
21.9344,-0.035788,0.776074,-1.501,-0.107849,0.970395,-1.86845,-0.0469302,0.736834,-1.56091,0.0112632,0.921466,-1.88258,5.04297,-1.45703,7.78906,0.664062,-0.34375,0.21875,-3.58594,0.46875,10.2383,-1.38281,0.171875,0.183594,761,47,51,855,1,0,0,1
21.945,-0.035788,0.776074,-1.501,-0.107849,0.970395,-1.86845,-0.0469302,0.736834,-1.56091,0.0112632,0.921466,-1.88258,5.04297,-1.45703,7.78906,0.664062,-0.34375,0.21875,-3.58594,0.46875,10.2383,-1.38281,0.171875,0.183594,761,47,51,855,1,0,0,1
21.9553,-0.035788,0.776074,-1.501,-0.107849,0.970395,-1.86845,-0.0469302,0.736834,-1.56091,0.0112632,0.921466,-1.88258,5.04297,-1.45703,7.78906,0.664062,-0.34375,0.21875,-3.58594,0.46875,10.2383,-1.38281,0.171875,0.183594,761,47,51,855,1,0,0,1
21.9657,-0.035788,0.776074,-1.501,-0.107849,0.970395,-1.86845,-0.0469302,0.736834,-1.56091,0.0112632,0.921466,-1.88258,5.04297,-1.45703,7.78906,0.664062,-0.34375,0.21875,-3.58594,0.46875,10.2383,-1.38281,0.171875,0.183594,761,47,51,855,1,0,0,1
21.976,-0.0210732,0.767838,-1.50378,-0.159623,1.07007,-2.15943,-0.0795088,0.756938,-1.56256,0.0874415,1.0665,-2.16727,4.15234,1.75391,9.125,-0.738281,-3.21484,7.19531,-3.03906,3.06641,9.01562,0.0703125,-2.25,7.60547,784,74,75,756,1,0,0,1
21.9864,-0.0210732,0.767838,-1.50378,-0.159623,1.07007,-2.15943,-0.0795088,0.756938,-1.56256,0.0874415,1.0665,-2.16727,4.15234,1.75391,9.125,-0.738281,-3.21484,7.19531,-3.03906,3.06641,9.01562,0.0703125,-2.25,7.60547,784,74,75,756,1,0,0,1
21.9967,-0.0210732,0.767838,-1.50378,-0.159623,1.07007,-2.15943,-0.0795088,0.756938,-1.56256,0.0874415,1.0665,-2.16727,4.15234,1.75391,9.125,-0.738281,-3.21484,7.19531,-3.03906,3.06641,9.01562,0.0703125,-2.25,7.60547,784,74,75,756,1,0,0,1
22.0069,-0.0210732,0.767838,-1.50378,-0.159623,1.07007,-2.15943,-0.0795088,0.756938,-1.56256,0.0874415,1.0665,-2.16727,4.15234,1.75391,9.125,-0.738281,-3.21484,7.19531,-3.03906,3.06641,9.01562,0.0703125,-2.25,7.60547,784,74,75,756,1,0,0,1
22.0172,-0.00230109,0.741921,-1.50189,-0.169857,0.894277,-1.88952,-0.0944659,0.758634,-1.56083,0.0968881,0.9601,-1.89008,1.70312,2.19922,8.05078,1.18359,0.144531,0.960938,-2.66797,1.28516,7.71484,-0.566406,-0.492188,0.925781,506,78,78,576,1,0,0,1
22.0279,-0.00230109,0.741921,-1.50189,-0.169857,0.894277,-1.88952,-0.0944659,0.758634,-1.56083,0.0968881,0.9601,-1.89008,1.70312,2.19922,8.05078,1.18359,0.144531,0.960938,-2.66797,1.28516,7.71484,-0.566406,-0.492188,0.925781,506,78,78,576,1,0,0,1
22.0382,-0.00230109,0.741921,-1.50189,-0.169857,0.894277,-1.88952,-0.0944659,0.758634,-1.56083,0.0968881,0.9601,-1.89008,1.70312,2.19922,8.05078,1.18359,0.144531,0.960938,-2.66797,1.28516,7.71484,-0.566406,-0.492188,0.925781,506,78,78,576,1,0,0,1
22.0493,-0.00230109,0.741921,-1.50189,-0.169857,0.894277,-1.88952,-0.0944659,0.758634,-1.56083,0.0968881,0.9601,-1.89008,1.70312,2.19922,8.05078,1.18359,0.144531,0.960938,-2.66797,1.28516,7.71484,-0.566406,-0.492188,0.925781,506,78,78,576,1,0,0,1
22.0595,0.00762994,0.72769,-1.5031,-0.153204,0.754334,-1.59393,-0.103852,0.761662,-1.56111,0.0741799,0.822943,-1.61827,1.67969,2.29688,8.86719,0.8125,-0.441406,2.1875,-1.45703,-0.0703125,8.90234,-0.863281,-0.714844,4.00391,770,156,353,862,1,0,1,1
22.0696,0.00762994,0.72769,-1.5031,-0.153204,0.754334,-1.59393,-0.103852,0.761662,-1.56111,0.0741799,0.822943,-1.61827,1.67969,2.29688,8.86719,0.8125,-0.441406,2.1875,-1.45703,-0.0703125,8.90234,-0.863281,-0.714844,4.00391,770,156,353,862,1,0,1,1
22.0802,0.00762994,0.72769,-1.5031,-0.153204,0.754334,-1.59393,-0.103852,0.761662,-1.56111,0.0741799,0.822943,-1.61827,1.67969,2.29688,8.86719,0.8125,-0.441406,2.1875,-1.45703,-0.0703125,8.90234,-0.863281,-0.714844,4.00391,770,156,353,862,1,0,1,1
22.0904,0.00762994,0.72769,-1.5031,-0.153204,0.754334,-1.59393,-0.103852,0.761662,-1.56111,0.0741799,0.822943,-1.61827,1.67969,2.29688,8.86719,0.8125,-0.441406,2.1875,-1.45703,-0.0703125,8.90234,-0.863281,-0.714844,4.00391,770,156,353,862,1,0,1,1
22.1006,0.0184693,0.872477,-1.8525,-0.145272,0.739256,-1.54399,-0.111361,0.911535,-1.89933,0.0646122,0.795027,-1.57447,-0.914062,0,0.960938,-2.69531,-0.269531,7.60547,1.33203,-0.046875,1.14844,1.40625,-0.292969,8.19922,33,884,835,54,0,1,1,0
22.1154,0.0184693,0.872477,-1.8525,-0.145272,0.739256,-1.54399,-0.111361,0.911535,-1.89933,0.0646122,0.795027,-1.57447,-0.914062,0,0.960938,-2.69531,-0.269531,7.60547,1.33203,-0.046875,1.14844,1.40625,-0.292969,8.19922,33,884,835,54,0,1,1,0
22.1258,0.0184693,0.872477,-1.8525,-0.145272,0.739256,-1.54399,-0.111361,0.911535,-1.89933,0.0646122,0.795027,-1.57447,-0.914062,0,0.960938,-2.69531,-0.269531,7.60547,1.33203,-0.046875,1.14844,1.40625,-0.292969,8.19922,33,884,835,54,0,1,1,0
22.141,0.0151388,1.01611,-2.09847,-0.140488,0.746583,-1.54682,-0.0853826,1.00939,-2.1298,0.0543784,0.789032,-1.57512,0.441406,-2.79297,6.52734,-2.14844,2.49609,9.34766,0.0234375,-2.22266,6.49219,2.34766,2,8.82812,59,809,625,81,0,1,1,0
22.1518,0.0151388,1.01611,-2.09847,-0.140488,0.746583,-1.54682,-0.0853826,1.00939,-2.1298,0.0543784,0.789032,-1.57512,0.441406,-2.79297,6.52734,-2.14844,2.49609,9.34766,0.0234375,-2.22266,6.49219,2.34766,2,8.82812,59,809,625,81,0,1,1,0
22.1627,0.0151388,1.01611,-2.09847,-0.140488,0.746583,-1.54682,-0.0853826,1.00939,-2.1298,0.0543784,0.789032,-1.57512,0.441406,-2.79297,6.52734,-2.14844,2.49609,9.34766,0.0234375,-2.22266,6.49219,2.34766,2,8.82812,59,809,625,81,0,1,1,0
22.1728,0.00387552,0.908689,-1.82081,-0.141578,0.744706,-1.54658,-0.0400269,0.880955,-1.83756,0.0439024,0.779465,-1.57148,-0.839844,0,1.10938,-3.08984,0.960938,8.53125,0.121094,-0.714844,0.664062,3.60938,1.67969,9.86719,64,705,615,85,0,1,1,0
22.1832,0.00387552,0.908689,-1.82081,-0.141578,0.744706,-1.54658,-0.0400269,0.880955,-1.83756,0.0439024,0.779465,-1.57148,-0.839844,0,1.10938,-3.08984,0.960938,8.53125,0.121094,-0.714844,0.664062,3.60938,1.67969,9.86719,64,705,615,85,0,1,1,0
22.1964,0.00387552,0.908689,-1.82081,-0.141578,0.744706,-1.54658,-0.0400269,0.880955,-1.83756,0.0439024,0.779465,-1.57148,-0.839844,0,1.10938,-3.08984,0.960938,8.53125,0.121094,-0.714844,0.664062,3.60938,1.67969,9.86719,64,705,615,85,0,1,1,0
22.2145,0.00387552,0.908689,-1.82081,-0.141578,0.744706,-1.54658,-0.0400269,0.880955,-1.83756,0.0439024,0.779465,-1.57148,-0.839844,0,1.10938,-3.08984,0.960938,8.53125,0.121094,-0.714844,0.664062,3.60938,1.67969,9.86719,64,705,615,85,0,1,1,0
22.2262,0.00278553,0.773894,-1.54956,-0.136854,0.746583,-1.54674,-0.0353036,0.758089,-1.58408,0.0317914,0.773349,-1.57124,-0.046875,0.121094,3.00391,-3.66016,0.367188,8.34766,0.046875,-1.58203,3.89453,2.74219,0.863281,10.4609,397,824,783,519,1,1,1,1
22.2371,0.00278553,0.773894,-1.54956,-0.136854,0.746583,-1.54674,-0.0353036,0.758089,-1.58408,0.0317914,0.773349,-1.57124,-0.046875,0.121094,3.00391,-3.66016,0.367188,8.34766,0.046875,-1.58203,3.89453,2.74219,0.863281,10.4609,397,824,783,519,1,1,1,1
22.2477,0.00278553,0.773894,-1.54956,-0.136854,0.746583,-1.54674,-0.0353036,0.758089,-1.58408,0.0317914,0.773349,-1.57124,-0.046875,0.121094,3.00391,-3.66016,0.367188,8.34766,0.046875,-1.58203,3.89453,2.74219,0.863281,10.4609,397,824,783,519,1,1,1,1
22.2583,0.0194382,0.762449,-1.52615,-0.142789,0.890341,-1.87547,-0.0551656,0.753729,-1.55352,0.0333658,0.913352,-1.89444,5.14453,-0.640625,8.19922,0.863281,0,0.589844,-3.4375,0.34375,10.6484,-1.70312,0.292969,0.109375,679,47,52,881,1,0,0,1
22.2703,0.0194382,0.762449,-1.52615,-0.142789,0.890341,-1.87547,-0.0551656,0.753729,-1.55352,0.0333658,0.913352,-1.89444,5.14453,-0.640625,8.19922,0.863281,0,0.589844,-3.4375,0.34375,10.6484,-1.70312,0.292969,0.109375,679,47,52,881,1,0,0,1
22.2805,0.0194382,0.762449,-1.52615,-0.142789,0.890341,-1.87547,-0.0551656,0.753729,-1.55352,0.0333658,0.913352,-1.89444,5.14453,-0.640625,8.19922,0.863281,0,0.589844,-3.4375,0.34375,10.6484,-1.70312,0.292969,0.109375,679,47,52,881,1,0,0,1
22.2908,0.0194382,0.762449,-1.52615,-0.142789,0.890341,-1.87547,-0.0551656,0.753729,-1.55352,0.0333658,0.913352,-1.89444,5.14453,-0.640625,8.19922,0.863281,0,0.589844,-3.4375,0.34375,10.6484,-1.70312,0.292969,0.109375,679,47,52,881,1,0,0,1
22.301,0.0218604,0.755848,-1.52526,-0.139882,1.02477,-2.14599,-0.07091,0.750156,-1.55255,0.0517746,1.04627,-2.15883,4.84766,1.77734,9.49609,-0.320312,-2.62109,7.30859,-4.42578,4.20312,10.5742,-0.171875,-2.47266,7.86328,692,77,76,705,1,0,0,1
22.3117,0.0218604,0.755848,-1.52526,-0.139882,1.02477,-2.14599,-0.07091,0.750156,-1.55255,0.0517746,1.04627,-2.15883,4.84766,1.77734,9.49609,-0.320312,-2.62109,7.30859,-4.42578,4.20312,10.5742,-0.171875,-2.47266,7.86328,692,77,76,705,1,0,0,1
22.3221,0.0218604,0.755848,-1.52526,-0.139882,1.02477,-2.14599,-0.07091,0.750156,-1.55255,0.0517746,1.04627,-2.15883,4.84766,1.77734,9.49609,-0.320312,-2.62109,7.30859,-4.42578,4.20312,10.5742,-0.171875,-2.47266,7.86328,692,77,76,705,1,0,0,1
22.3343,0.0270681,0.739983,-1.52114,-0.104397,0.909779,-1.85799,-0.0702439,0.739256,-1.55102,0.0299748,0.930307,-1.86631,2.81641,2.59375,8.86719,0.640625,-0.046875,0.925781,-3.36328,2.29688,9.68359,-0.121094,-1.03516,1.14844,504,80,80,627,1,0,0,1
22.3451,0.0270681,0.739983,-1.52114,-0.104397,0.909779,-1.85799,-0.0702439,0.739256,-1.55102,0.0299748,0.930307,-1.86631,2.81641,2.59375,8.86719,0.640625,-0.046875,0.925781,-3.36328,2.29688,9.68359,-0.121094,-1.03516,1.14844,504,80,80,627,1,0,0,1
22.3554,0.0270681,0.739983,-1.52114,-0.104397,0.909779,-1.85799,-0.0702439,0.739256,-1.55102,0.0299748,0.930307,-1.86631,2.81641,2.59375,8.86719,0.640625,-0.046875,0.925781,-3.36328,2.29688,9.68359,-0.121094,-1.03516,1.14844,504,80,80,627,1,0,0,1
22.3656,0.0270681,0.739983,-1.52114,-0.104397,0.909779,-1.85799,-0.0702439,0.739256,-1.55102,0.0299748,0.930307,-1.86631,2.81641,2.59375,8.86719,0.640625,-0.046875,0.925781,-3.36328,2.29688,9.68359,-0.121094,-1.03516,1.14844,504,80,80,627,1,0,0,1
22.3759,0.0265837,0.734109,-1.52021,-0.0895609,0.780434,-1.57383,-0.0707889,0.738408,-1.55122,0.0236165,0.799024,-1.59898,2.91797,2.07422,9.27344,0.34375,-0.515625,2.48438,-2.37109,0.9375,10.2383,-0.292969,-0.46875,3.375,716,179,299,883,1,0,1,1
22.3862,0.0265837,0.734109,-1.52021,-0.0895609,0.780434,-1.57383,-0.0707889,0.738408,-1.55122,0.0236165,0.799024,-1.59898,2.91797,2.07422,9.27344,0.34375,-0.515625,2.48438,-2.37109,0.9375,10.2383,-0.292969,-0.46875,3.375,716,179,299,883,1,0,1,1
22.3964,0.0265837,0.734109,-1.52021,-0.0895609,0.780434,-1.57383,-0.0707889,0.738408,-1.55122,0.0236165,0.799024,-1.59898,2.91797,2.07422,9.27344,0.34375,-0.515625,2.48438,-2.37109,0.9375,10.2383,-0.292969,-0.46875,3.375,716,179,299,883,1,0,1,1
22.4066,0.0265837,0.734109,-1.52021,-0.0895609,0.780434,-1.57383,-0.0707889,0.738408,-1.55122,0.0236165,0.799024,-1.59898,2.91797,2.07422,9.27344,0.34375,-0.515625,2.48438,-2.37109,0.9375,10.2383,-0.292969,-0.46875,3.375,716,179,299,883,1,0,1,1
22.4168,0.0262203,0.879744,-1.85985,-0.0816888,0.775529,-1.53196,-0.0755122,0.883256,-1.89553,0.0161682,0.772561,-1.55667,-1.23438,-0.144531,1.25781,-1.38281,1.28516,9.05078,2.10156,0.171875,1.07422,-0.292969,-2.44531,8.23438,38,867,897,51,0,1,1,0
22.427,0.0262203,0.879744,-1.85985,-0.0816888,0.775529,-1.53196,-0.0755122,0.883256,-1.89553,0.0161682,0.772561,-1.55667,-1.23438,-0.144531,1.25781,-1.38281,1.28516,9.05078,2.10156,0.171875,1.07422,-0.292969,-2.44531,8.23438,38,867,897,51,0,1,1,0
22.4374,0.0262203,0.879744,-1.85985,-0.0816888,0.775529,-1.53196,-0.0755122,0.883256,-1.89553,0.0161682,0.772561,-1.55667,-1.23438,-0.144531,1.25781,-1.38281,1.28516,9.05078,2.10156,0.171875,1.07422,-0.292969,-2.44531,8.23438,38,867,897,51,0,1,1,0
22.4483,0.0262203,0.879744,-1.85985,-0.0816888,0.775529,-1.53196,-0.0755122,0.883256,-1.89553,0.0161682,0.772561,-1.55667,-1.23438,-0.144531,1.25781,-1.38281,1.28516,9.05078,2.10156,0.171875,1.07422,-0.292969,-2.44531,8.23438,38,867,897,51,0,1,1,0
22.4586,0.0167738,1.0347,-2.11446,-0.0592834,0.784188,-1.52986,-0.0624323,0.998371,-2.14115,-0.00351219,0.753002,-1.55247,0.441406,-3.1875,7.01172,0.121094,5.41406,11.5,0.320312,-2.29688,6.97266,-1.23438,-0.21875,8.05078,64,770,635,78,0,1,1,0
22.4687,0.0167738,1.0347,-2.11446,-0.0592834,0.784188,-1.52986,-0.0624323,0.998371,-2.14115,-0.00351219,0.753002,-1.55247,0.441406,-3.1875,7.01172,0.121094,5.41406,11.5,0.320312,-2.29688,6.97266,-1.23438,-0.21875,8.05078,64,770,635,78,0,1,1,0
22.4806,0.0167738,1.0347,-2.11446,-0.0592834,0.784188,-1.52986,-0.0624323,0.998371,-2.14115,-0.00351219,0.753002,-1.55247,0.441406,-3.1875,7.01172,0.121094,5.41406,11.5,0.320312,-2.29688,6.97266,-1.23438,-0.21875,8.05078,64,770,635,78,0,1,1,0
22.4923,0.0167738,1.0347,-2.11446,-0.0592834,0.784188,-1.52986,-0.0624323,0.998371,-2.14115,-0.00351219,0.753002,-1.55247,0.441406,-3.1875,7.01172,0.121094,5.41406,11.5,0.320312,-2.29688,6.97266,-1.23438,-0.21875,8.05078,64,770,635,78,0,1,1,0
22.5028,-0.00411774,0.953924,-1.84519,-0.0420858,0.788064,-1.51965,-0.0214971,0.889978,-1.85492,-0.028582,0.727751,-1.53394,-0.492188,-0.640625,0.851562,-0.0234375,3.70703,11.1289,0.0703125,-0.738281,0.589844,0.417969,-0.320312,9.3125,66,716,642,84,0,1,1,0
22.5131,-0.00411774,0.953924,-1.84519,-0.0420858,0.788064,-1.51965,-0.0214971,0.889978,-1.85492,-0.028582,0.727751,-1.53394,-0.492188,-0.640625,0.851562,-0.0234375,3.70703,11.1289,0.0703125,-0.738281,0.589844,0.417969,-0.320312,9.3125,66,716,642,84,0,1,1,0
22.5236,-0.00411774,0.953924,-1.84519,-0.0420858,0.788064,-1.51965,-0.0214971,0.889978,-1.85492,-0.028582,0.727751,-1.53394,-0.492188,-0.640625,0.851562,-0.0234375,3.70703,11.1289,0.0703125,-0.738281,0.589844,0.417969,-0.320312,9.3125,66,716,642,84,0,1,1,0
22.5338,0.00429941,0.819431,-1.56192,-0.0250092,0.798963,-1.51533,-0.024767,0.78988,-1.60354,-0.0563162,0.692568,-1.51904,-0.320312,-0.195312,2.11328,-2.76953,1.08594,10.2031,0.394531,-1.70312,3.59766,2.84375,0.292969,10.7227,156,753,729,433,0,1,1,1
22.5442,0.00429941,0.819431,-1.56192,-0.0250092,0.798963,-1.51533,-0.024767,0.78988,-1.60354,-0.0563162,0.692568,-1.51904,-0.320312,-0.195312,2.11328,-2.76953,1.08594,10.2031,0.394531,-1.70312,3.59766,2.84375,0.292969,10.7227,156,753,729,433,0,1,1,1
22.5552,0.00429941,0.819431,-1.56192,-0.0250092,0.798963,-1.51533,-0.024767,0.78988,-1.60354,-0.0563162,0.692568,-1.51904,-0.320312,-0.195312,2.11328,-2.76953,1.08594,10.2031,0.394531,-1.70312,3.59766,2.84375,0.292969,10.7227,156,753,729,433,0,1,1,1
22.5663,0.00429941,0.819431,-1.56192,-0.0250092,0.798963,-1.51533,-0.024767,0.78988,-1.60354,-0.0563162,0.692568,-1.51904,-0.320312,-0.195312,2.11328,-2.76953,1.08594,10.2031,0.394531,-1.70312,3.59766,2.84375,0.292969,10.7227,156,753,729,433,0,1,1,1
22.577,0.0466274,0.799206,-1.54613,-0.031307,0.969365,-1.85202,-0.0695778,0.803808,-1.59304,-0.0505029,0.83566,-1.85044,2.79297,0.617188,8.53125,0.8125,-0.171875,0.480469,-1.43359,-0.46875,9.60938,-1.43359,-0.0703125,0.292969,797,49,51,953,1,0,0,1
22.5872,0.0466274,0.799206,-1.54613,-0.031307,0.969365,-1.85202,-0.0695778,0.803808,-1.59304,-0.0505029,0.83566,-1.85044,2.79297,0.617188,8.53125,0.8125,-0.171875,0.480469,-1.43359,-0.46875,9.60938,-1.43359,-0.0703125,0.292969,797,49,51,953,1,0,0,1
22.5975,0.0466274,0.799206,-1.54613,-0.031307,0.969365,-1.85202,-0.0695778,0.803808,-1.59304,-0.0505029,0.83566,-1.85044,2.79297,0.617188,8.53125,0.8125,-0.171875,0.480469,-1.43359,-0.46875,9.60938,-1.43359,-0.0703125,0.292969,797,49,51,953,1,0,0,1
22.6082,0.0466274,0.799206,-1.54613,-0.031307,0.969365,-1.85202,-0.0695778,0.803808,-1.59304,-0.0505029,0.83566,-1.85044,2.79297,0.617188,8.53125,0.8125,-0.171875,0.480469,-1.43359,-0.46875,9.60938,-1.43359,-0.0703125,0.292969,797,49,51,953,1,0,0,1
22.6184,0.0687905,0.780736,-1.54799,-0.10803,1.08327,-2.14111,-0.106698,0.826213,-1.59999,0.0581934,1.02235,-2.14696,2.86719,2.81641,9.60938,-0.8125,-2.64453,6.30469,-1.43359,2,8.57031,0.171875,-1.87891,6.49219,832,78,74,803,1,0,0,1
22.6288,0.0687905,0.780736,-1.54799,-0.10803,1.08327,-2.14111,-0.106698,0.826213,-1.59999,0.0581934,1.02235,-2.14696,2.86719,2.81641,9.60938,-0.8125,-2.64453,6.30469,-1.43359,2,8.57031,0.171875,-1.87891,6.49219,832,78,74,803,1,0,0,1
22.6389,0.0687905,0.780736,-1.54799,-0.10803,1.08327,-2.14111,-0.106698,0.826213,-1.59999,0.0581934,1.02235,-2.14696,2.86719,2.81641,9.60938,-0.8125,-2.64453,6.30469,-1.43359,2,8.57031,0.171875,-1.87891,6.49219,832,78,74,803,1,0,0,1
22.6491,0.0687905,0.780736,-1.54799,-0.10803,1.08327,-2.14111,-0.106698,0.826213,-1.59999,0.0581934,1.02235,-2.14696,2.86719,2.81641,9.60938,-0.8125,-2.64453,6.30469,-1.43359,2,8.57031,0.171875,-1.87891,6.49219,832,78,74,803,1,0,0,1
22.6596,0.0979175,0.754879,-1.54557,-0.154839,0.912444,-1.88524,-0.131828,0.829725,-1.59954,0.11893,0.975058,-1.89081,1.82812,2.29688,8.38281,1.18359,0.269531,1.07422,-2.64453,1.16016,8.05078,-1.13672,-0.914062,0.960938,522,80,79,604,1,0,0,1
22.6701,0.0979175,0.754879,-1.54557,-0.154839,0.912444,-1.88524,-0.131828,0.829725,-1.59954,0.11893,0.975058,-1.89081,1.82812,2.29688,8.38281,1.18359,0.269531,1.07422,-2.64453,1.16016,8.05078,-1.13672,-0.914062,0.960938,522,80,79,604,1,0,0,1
22.6803,0.0979175,0.754879,-1.54557,-0.154839,0.912444,-1.88524,-0.131828,0.829725,-1.59954,0.11893,0.975058,-1.89081,1.82812,2.29688,8.38281,1.18359,0.269531,1.07422,-2.64453,1.16016,8.05078,-1.13672,-0.914062,0.960938,522,80,79,604,1,0,0,1
22.6905,0.0979175,0.754879,-1.54557,-0.154839,0.912444,-1.88524,-0.131828,0.829725,-1.59954,0.11893,0.975058,-1.89081,1.82812,2.29688,8.38281,1.18359,0.269531,1.07422,-2.64453,1.16016,8.05078,-1.13672,-0.914062,0.960938,522,80,79,604,1,0,0,1
22.7011,0.110634,0.738832,-1.54528,-0.143758,0.773409,-1.60661,-0.142486,0.827848,-1.59986,0.106395,0.854856,-1.63143,1.40625,2.10156,9.23828,0.171875,-0.617188,3.03906,-1.25781,0.121094,8.90234,-0.886719,-1.03516,3.74609,739,220,352,850,1,1,1,1
22.7113,0.110634,0.738832,-1.54528,-0.143758,0.773409,-1.60661,-0.142486,0.827848,-1.59986,0.106395,0.854856,-1.63143,1.40625,2.10156,9.23828,0.171875,-0.617188,3.03906,-1.25781,0.121094,8.90234,-0.886719,-1.03516,3.74609,739,220,352,850,1,1,1,1
22.7217,0.110634,0.738832,-1.54528,-0.143758,0.773409,-1.60661,-0.142486,0.827848,-1.59986,0.106395,0.854856,-1.63143,1.40625,2.10156,9.23828,0.171875,-0.617188,3.03906,-1.25781,0.121094,8.90234,-0.886719,-1.03516,3.74609,739,220,352,850,1,1,1,1
22.7378,0.122685,0.878472,-1.87846,-0.130617,0.758089,-1.5597,-0.154355,0.972635,-1.92101,0.090227,0.821308,-1.58408,-1.25781,-0.34375,0.925781,-3.26172,-0.320312,9.34766,1.73047,0.0703125,0.703125,1.92578,-0.46875,9.71875,37,892,859,50,0,1,1,0
22.748,0.122685,0.878472,-1.87846,-0.130617,0.758089,-1.5597,-0.154355,0.972635,-1.92101,0.090227,0.821308,-1.58408,-1.25781,-0.34375,0.925781,-3.26172,-0.320312,9.34766,1.73047,0.0703125,0.703125,1.92578,-0.46875,9.71875,37,892,859,50,0,1,1,0
22.7645,0.122685,0.878472,-1.87846,-0.130617,0.758089,-1.5597,-0.154355,0.972635,-1.92101,0.090227,0.821308,-1.58408,-1.25781,-0.34375,0.925781,-3.26172,-0.320312,9.34766,1.73047,0.0703125,0.703125,1.92578,-0.46875,9.71875,37,892,859,50,0,1,1,0
22.7747,0.0960403,1.03343,-2.13279,-0.124017,0.762691,-1.55844,-0.111421,1.06208,-2.16924,0.080841,0.812346,-1.58133,-0.171875,-3.08984,7.34375,-3.08984,2.125,10.6094,0.515625,-2.84375,7.60547,3.4375,2.22266,10.0156,64,843,651,78,0,1,1,0
22.7859,0.0960403,1.03343,-2.13279,-0.124017,0.762691,-1.55844,-0.111421,1.06208,-2.16924,0.080841,0.812346,-1.58133,-0.171875,-3.08984,7.34375,-3.08984,2.125,10.6094,0.515625,-2.84375,7.60547,3.4375,2.22266,10.0156,64,843,651,78,0,1,1,0
22.8016,0.0960403,1.03343,-2.13279,-0.124017,0.762691,-1.55844,-0.111421,1.06208,-2.16924,0.080841,0.812346,-1.58133,-0.171875,-3.08984,7.34375,-3.08984,2.125,10.6094,0.515625,-2.84375,7.60547,3.4375,2.22266,10.0156,64,843,651,78,0,1,1,0
22.8125,0.0300353,0.923828,-1.84047,-0.123351,0.758331,-1.55473,-0.0204071,0.892884,-1.85872,0.0664895,0.796905,-1.57039,-0.195312,-0.664062,1,-3.06641,1.13672,9.46094,-0.269531,0.21875,0.886719,3.55859,1.45703,9.83203,68,703,612,83,0,1,1,0
22.8228,0.0300353,0.923828,-1.84047,-0.123351,0.758331,-1.55473,-0.0204071,0.892884,-1.85872,0.0664895,0.796905,-1.57039,-0.195312,-0.664062,1,-3.06641,1.13672,9.46094,-0.269531,0.21875,0.886719,3.55859,1.45703,9.83203,68,703,612,83,0,1,1,0
22.8329,0.0300353,0.923828,-1.84047,-0.123351,0.758331,-1.55473,-0.0204071,0.892884,-1.85872,0.0664895,0.796905,-1.57039,-0.195312,-0.664062,1,-3.06641,1.13672,9.46094,-0.269531,0.21875,0.886719,3.55859,1.45703,9.83203,68,703,612,83,0,1,1,0
22.8432,0.0300353,0.923828,-1.84047,-0.123351,0.758331,-1.55473,-0.0204071,0.892884,-1.85872,0.0664895,0.796905,-1.57039,-0.195312,-0.664062,1,-3.06641,1.13672,9.46094,-0.269531,0.21875,0.886719,3.55859,1.45703,9.83203,68,703,612,83,0,1,1,0
22.8534,0.0204676,0.784309,-1.54952,-0.117053,0.757968,-1.55279,-0.00878048,0.765598,-1.59026,0.0532279,0.785036,-1.56874,0.046875,-0.367188,2.14844,-3.16406,0.121094,8.86719,-0.195312,-0.121094,3.33594,3.14062,0.441406,10.1641,137,745,758,266,0,1,1,1
22.8637,0.0204676,0.784309,-1.54952,-0.117053,0.757968,-1.55279,-0.00878048,0.765598,-1.59026,0.0532279,0.785036,-1.56874,0.046875,-0.367188,2.14844,-3.16406,0.121094,8.86719,-0.195312,-0.121094,3.33594,3.14062,0.441406,10.1641,137,745,758,266,0,1,1,1
22.8741,0.0204676,0.784309,-1.54952,-0.117053,0.757968,-1.55279,-0.00878048,0.765598,-1.59026,0.0532279,0.785036,-1.56874,0.046875,-0.367188,2.14844,-3.16406,0.121094,8.86719,-0.195312,-0.121094,3.33594,3.14062,0.441406,10.1641,137,745,758,266,0,1,1,1
22.8844,0.0204676,0.784309,-1.54952,-0.117053,0.757968,-1.55279,-0.00878048,0.765598,-1.59026,0.0532279,0.785036,-1.56874,0.046875,-0.367188,2.14844,-3.16406,0.121094,8.86719,-0.195312,-0.121094,3.33594,3.14062,0.441406,10.1641,137,745,758,266,0,1,1,1
22.8947,0.0353036,0.771411,-1.52082,-0.118264,0.907841,-1.88104,-0.0262809,0.758089,-1.55812,0.0559529,0.936787,-1.89574,4.69922,-0.589844,7.67969,1.16016,0.0976562,0.367188,-3.11328,0.738281,10.2773,-1.85156,0.0976562,0.292969,743,46,52,906,1,0,0,1
22.9049,0.0353036,0.771411,-1.52082,-0.118264,0.907841,-1.88104,-0.0262809,0.758089,-1.55812,0.0559529,0.936787,-1.89574,4.69922,-0.589844,7.67969,1.16016,0.0976562,0.367188,-3.11328,0.738281,10.2773,-1.85156,0.0976562,0.292969,743,46,52,906,1,0,0,1
22.919,0.0353036,0.771411,-1.52082,-0.118264,0.907841,-1.88104,-0.0262809,0.758089,-1.55812,0.0559529,0.936787,-1.89574,4.69922,-0.589844,7.67969,1.16016,0.0976562,0.367188,-3.11328,0.738281,10.2773,-1.85156,0.0976562,0.292969,743,46,52,906,1,0,0,1
22.9293,0.0353036,0.771411,-1.52082,-0.118264,0.907841,-1.88104,-0.0262809,0.758089,-1.55812,0.0559529,0.936787,-1.89574,4.69922,-0.589844,7.67969,1.16016,0.0976562,0.367188,-3.11328,0.738281,10.2773,-1.85156,0.0976562,0.292969,743,46,52,906,1,0,0,1
22.9395,0.0380891,0.76911,-1.52413,-0.115721,1.03495,-2.14458,-0.0414197,0.75821,-1.55776,0.079751,1.06535,-2.16129,4.20312,2.17578,9.08984,-0.394531,-2.79297,7.08594,-4.25391,4.52344,10.1641,-0.0234375,-2.59375,7.45703,742,75,75,749,1,0,0,1
22.9502,0.0380891,0.76911,-1.52413,-0.115721,1.03495,-2.14458,-0.0414197,0.75821,-1.55776,0.079751,1.06535,-2.16129,4.20312,2.17578,9.08984,-0.394531,-2.79297,7.08594,-4.25391,4.52344,10.1641,-0.0234375,-2.59375,7.45703,742,75,75,749,1,0,0,1
22.9603,0.0380891,0.76911,-1.52413,-0.115721,1.03495,-2.14458,-0.0414197,0.75821,-1.55776,0.079751,1.06535,-2.16129,4.20312,2.17578,9.08984,-0.394531,-2.79297,7.08594,-4.25391,4.52344,10.1641,-0.0234375,-2.59375,7.45703,742,75,75,749,1,0,0,1
22.9706,0.0380891,0.76911,-1.52413,-0.115721,1.03495,-2.14458,-0.0414197,0.75821,-1.55776,0.079751,1.06535,-2.16129,4.20312,2.17578,9.08984,-0.394531,-2.79297,7.08594,-4.25391,4.52344,10.1641,-0.0234375,-2.59375,7.45703,742,75,75,749,1,0,0,1
22.9814,0.0457191,0.758876,-1.52276,-0.0767838,0.919226,-1.86497,-0.0416619,0.753063,-1.55744,0.0626745,0.947989,-1.88185,2.91797,2.81641,8.23438,0.640625,-0.394531,0.664062,-3.36328,3.1875,9.79297,-0.0976562,-0.617188,0.851562,452,79,80,637,1,0,0,1
22.9954,0.0457191,0.758876,-1.52276,-0.0767838,0.919226,-1.86497,-0.0416619,0.753063,-1.55744,0.0626745,0.947989,-1.88185,2.91797,2.81641,8.23438,0.640625,-0.394531,0.664062,-3.36328,3.1875,9.79297,-0.0976562,-0.617188,0.851562,452,79,80,637,1,0,0,1
23.0095,0.0457191,0.758876,-1.52276,-0.0767838,0.919226,-1.86497,-0.0416619,0.753063,-1.55744,0.0626745,0.947989,-1.88185,2.91797,2.81641,8.23438,0.640625,-0.394531,0.664062,-3.36328,3.1875,9.79297,-0.0976562,-0.617188,0.851562,452,79,80,637,1,0,0,1
23.0196,0.0451741,0.75821,-1.52308,-0.0600706,0.804716,-1.5865,-0.0415407,0.757847,-1.5578,0.0567401,0.83348,-1.61706,3.4375,2.44531,8.64453,0.246094,-0.515625,3.375,-2.17578,1.80469,10.832,-0.515625,-1.33203,4.15234,665,189,284,945,1,0,1,1
23.0301,0.0451741,0.75821,-1.52308,-0.0600706,0.804716,-1.5865,-0.0415407,0.757847,-1.5578,0.0567401,0.83348,-1.61706,3.4375,2.44531,8.64453,0.246094,-0.515625,3.375,-2.17578,1.80469,10.832,-0.515625,-1.33203,4.15234,665,189,284,945,1,0,1,1
23.0403,0.0451741,0.75821,-1.52308,-0.0600706,0.804716,-1.5865,-0.0415407,0.757847,-1.5578,0.0567401,0.83348,-1.61706,3.4375,2.44531,8.64453,0.246094,-0.515625,3.375,-2.17578,1.80469,10.832,-0.515625,-1.33203,4.15234,665,189,284,945,1,0,1,1
23.0506,0.0451741,0.75821,-1.52308,-0.0600706,0.804716,-1.5865,-0.0415407,0.757847,-1.5578,0.0567401,0.83348,-1.61706,3.4375,2.44531,8.64453,0.246094,-0.515625,3.375,-2.17578,1.80469,10.832,-0.515625,-1.33203,4.15234,665,189,284,945,1,0,1,1
23.0669,0.0447502,0.914079,-1.8743,-0.0617056,0.801749,-1.54508,-0.0483835,0.913594,-1.91318,0.0607367,0.829423,-1.5817,-1.28516,-0.34375,1.07422,-3.73438,0.292969,8.125,1.90234,-0.144531,1.07422,2.17578,0.046875,10.5742,41,844,925,51,0,1,1,0
23.0771,0.0447502,0.914079,-1.8743,-0.0617056,0.801749,-1.54508,-0.0483835,0.913594,-1.91318,0.0607367,0.829423,-1.5817,-1.28516,-0.34375,1.07422,-3.73438,0.292969,8.125,1.90234,-0.144531,1.07422,2.17578,0.046875,10.5742,41,844,925,51,0,1,1,0
23.0956,0.0447502,0.914079,-1.8743,-0.0617056,0.801749,-1.54508,-0.0483835,0.913594,-1.91318,0.0607367,0.829423,-1.5817,-1.28516,-0.34375,1.07422,-3.73438,0.292969,8.125,1.90234,-0.144531,1.07422,2.17578,0.046875,10.5742,41,844,925,51,0,1,1,0
23.1065,0.0478385,1.03325,-2.1212,-0.0635223,0.814526,-1.54448,-0.0546207,1.02368,-2.14878,0.0633406,0.841897,-1.58279,0.492188,-2.64453,6.30469,-3.70703,3.58594,9.68359,-0.21875,-2,6.52734,2.84375,4.12891,11.0547,65,763,750,79,0,1,1,0
23.1167,0.0478385,1.03325,-2.1212,-0.0635223,0.814526,-1.54448,-0.0546207,1.02368,-2.14878,0.0633406,0.841897,-1.58279,0.492188,-2.64453,6.30469,-3.70703,3.58594,9.68359,-0.21875,-2,6.52734,2.84375,4.12891,11.0547,65,763,750,79,0,1,1,0
23.1271,0.0478385,1.03325,-2.1212,-0.0635223,0.814526,-1.54448,-0.0546207,1.02368,-2.14878,0.0633406,0.841897,-1.58279,0.492188,-2.64453,6.30469,-3.70703,3.58594,9.68359,-0.21875,-2,6.52734,2.84375,4.12891,11.0547,65,763,750,79,0,1,1,0
23.1415,0.0453557,0.91965,-1.85468,-0.0678822,0.821853,-1.53975,-0.0382708,0.914987,-1.86473,0.0623112,0.850193,-1.58162,-0.765625,-0.046875,1.07422,-3.63281,2.34766,8.42188,0.34375,-0.144531,0.8125,3.51172,2.94141,10.832,67,568,625,85,0,1,1,0
23.1524,0.0453557,0.91965,-1.85468,-0.0678822,0.821853,-1.53975,-0.0382708,0.914987,-1.86473,0.0623112,0.850193,-1.58162,-0.765625,-0.046875,1.07422,-3.63281,2.34766,8.42188,0.34375,-0.144531,0.8125,3.51172,2.94141,10.832,67,568,625,85,0,1,1,0
23.1626,0.0453557,0.91965,-1.85468,-0.0678822,0.821853,-1.53975,-0.0382708,0.914987,-1.86473,0.0623112,0.850193,-1.58162,-0.765625,-0.046875,1.07422,-3.63281,2.34766,8.42188,0.34375,-0.144531,0.8125,3.51172,2.94141,10.832,67,568,625,85,0,1,1,0
23.1733,0.0514112,0.812709,-1.58255,-0.06982,0.839656,-1.53677,-0.031307,0.819492,-1.62736,0.0521985,0.868178,-1.58178,-0.320312,-0.34375,1.81641,-3.41016,2.05078,8.45703,0.960938,-1.33203,4.48828,3.06641,1.43359,11.0547,131,666,843,505,0,1,1,1
23.1836,0.0514112,0.812709,-1.58255,-0.06982,0.839656,-1.53677,-0.031307,0.819492,-1.62736,0.0521985,0.868178,-1.58178,-0.320312,-0.34375,1.81641,-3.41016,2.05078,8.45703,0.960938,-1.33203,4.48828,3.06641,1.43359,11.0547,131,666,843,505,0,1,1,1
23.1938,0.0514112,0.812709,-1.58255,-0.06982,0.839656,-1.53677,-0.031307,0.819492,-1.62736,0.0521985,0.868178,-1.58178,-0.320312,-0.34375,1.81641,-3.41016,2.05078,8.45703,0.960938,-1.33203,4.48828,3.06641,1.43359,11.0547,131,666,843,505,0,1,1,1
23.204,0.0514112,0.812709,-1.58255,-0.06982,0.839656,-1.53677,-0.031307,0.819492,-1.62736,0.0521985,0.868178,-1.58178,-0.320312,-0.34375,1.81641,-3.41016,2.05078,8.45703,0.960938,-1.33203,4.48828,3.06641,1.43359,11.0547,131,666,843,505,0,1,1,1
23.2145,0.0624928,0.827061,-1.53858,-0.0715155,0.981113,-1.86279,-0.0418435,0.83027,-1.58247,0.0539546,1.00939,-1.89856,4.375,0.8125,8.16016,0.9375,-0.617188,0.628906,-2.69531,2.42188,11.6133,-1.75391,-0.515625,0.21875,677,53,45,986,1,0,0,1
23.2246,0.0624928,0.827061,-1.53858,-0.0715155,0.981113,-1.86279,-0.0418435,0.83027,-1.58247,0.0539546,1.00939,-1.89856,4.375,0.8125,8.16016,0.9375,-0.617188,0.628906,-2.69531,2.42188,11.6133,-1.75391,-0.515625,0.21875,677,53,45,986,1,0,0,1
23.2348,0.0624928,0.827061,-1.53858,-0.0715155,0.981113,-1.86279,-0.0418435,0.83027,-1.58247,0.0539546,1.00939,-1.89856,4.375,0.8125,8.16016,0.9375,-0.617188,0.628906,-2.69531,2.42188,11.6133,-1.75391,-0.515625,0.21875,677,53,45,986,1,0,0,1
23.2452,0.0624928,0.827061,-1.53858,-0.0715155,0.981113,-1.86279,-0.0418435,0.83027,-1.58247,0.0539546,1.00939,-1.89856,4.375,0.8125,8.16016,0.9375,-0.617188,0.628906,-2.69531,2.42188,11.6133,-1.75391,-0.515625,0.21875,677,53,45,986,1,0,0,1
23.2563,0.0651572,0.851767,-1.53943,-0.0663078,1.05723,-2.13356,-0.0508662,0.855946,-1.58226,0.0701833,1.07939,-2.16565,3.73438,3.85547,9.83203,-0.515625,-2.49609,7.41797,-3.92969,5.53906,11.5,0.988281,-2.79297,7.75391,663,79,76,760,1,0,0,1
23.2666,0.0651572,0.851767,-1.53943,-0.0663078,1.05723,-2.13356,-0.0508662,0.855946,-1.58226,0.0701833,1.07939,-2.16565,3.73438,3.85547,9.83203,-0.515625,-2.49609,7.41797,-3.92969,5.53906,11.5,0.988281,-2.79297,7.75391,663,79,76,760,1,0,0,1
23.277,0.0651572,0.851767,-1.53943,-0.0663078,1.05723,-2.13356,-0.0508662,0.855946,-1.58226,0.0701833,1.07939,-2.16565,3.73438,3.85547,9.83203,-0.515625,-2.49609,7.41797,-3.92969,5.53906,11.5,0.988281,-2.79297,7.75391,663,79,76,760,1,0,0,1
23.2871,0.0651572,0.851767,-1.53943,-0.0663078,1.05723,-2.13356,-0.0508662,0.855946,-1.58226,0.0701833,1.07939,-2.16565,3.73438,3.85547,9.83203,-0.515625,-2.49609,7.41797,-3.92969,5.53906,11.5,0.988281,-2.79297,7.75391,663,79,76,760,1,0,0,1
23.2974,0.0702439,0.876413,-1.53713,-0.048444,0.873567,-1.85537,-0.0469908,0.881863,-1.58154,0.0595256,0.895488,-1.88799,3.21484,2.51953,8.34766,0.914062,0.664062,0.738281,-3.01562,2.19922,10.8711,-0.640625,0.320312,0.851562,416,79,78,660,1,0,0,1
23.3076,0.0702439,0.876413,-1.53713,-0.048444,0.873567,-1.85537,-0.0469908,0.881863,-1.58154,0.0595256,0.895488,-1.88799,3.21484,2.51953,8.34766,0.914062,0.664062,0.738281,-3.01562,2.19922,10.8711,-0.640625,0.320312,0.851562,416,79,78,660,1,0,0,1
23.3178,0.0702439,0.876413,-1.53713,-0.048444,0.873567,-1.85537,-0.0469908,0.881863,-1.58154,0.0595256,0.895488,-1.88799,3.21484,2.51953,8.34766,0.914062,0.664062,0.738281,-3.01562,2.19922,10.8711,-0.640625,0.320312,0.851562,416,79,78,660,1,0,0,1
23.3303,0.0702439,0.876413,-1.53713,-0.048444,0.873567,-1.85537,-0.0469908,0.881863,-1.58154,0.0595256,0.895488,-1.88799,3.21484,2.51953,8.34766,0.914062,0.664062,0.738281,-3.01562,2.19922,10.8711,-0.640625,0.320312,0.851562,416,79,78,660,1,0,0,1
23.3405,0.0678822,0.915471,-1.53652,-0.0415408,0.766748,-1.58666,-0.0458402,0.916501,-1.58077,0.0583145,0.78764,-1.62772,3.78125,1.55469,9.60938,0.121094,-0.21875,3.15234,-2.37109,0.691406,12.0586,-0.21875,-0.21875,4.04297,663,242,393,971,1,1,1,1
23.3509,0.0678822,0.915471,-1.53652,-0.0415408,0.766748,-1.58666,-0.0458402,0.916501,-1.58077,0.0583145,0.78764,-1.62772,3.78125,1.55469,9.60938,0.121094,-0.21875,3.15234,-2.37109,0.691406,12.0586,-0.21875,-0.21875,4.04297,663,242,393,971,1,1,1,1
23.3613,0.0678822,0.915471,-1.53652,-0.0415408,0.766748,-1.58666,-0.0458402,0.916501,-1.58077,0.0583145,0.78764,-1.62772,3.78125,1.55469,9.60938,0.121094,-0.21875,3.15234,-2.37109,0.691406,12.0586,-0.21875,-0.21875,4.04297,663,242,393,971,1,1,1,1
23.3718,0.0644306,1.07007,-1.87882,-0.0481413,0.812891,-1.55461,-0.0520774,1.07594,-1.92008,0.06655,0.830149,-1.58517,-0.988281,-1.13672,0.144531,-4.32812,1.95312,8.64453,1.28516,-1.48047,-0.0351562,2.84375,2.49609,10.6094,43,836,959,47,0,1,1,0
23.3853,0.0644306,1.07007,-1.87882,-0.0481413,0.812891,-1.55461,-0.0520774,1.07594,-1.92008,0.06655,0.830149,-1.58517,-0.988281,-1.13672,0.144531,-4.32812,1.95312,8.64453,1.28516,-1.48047,-0.0351562,2.84375,2.49609,10.6094,43,836,959,47,0,1,1,0
23.3976,0.0644306,1.07007,-1.87882,-0.0481413,0.812891,-1.55461,-0.0520774,1.07594,-1.92008,0.06655,0.830149,-1.58517,-0.988281,-1.13672,0.144531,-4.32812,1.95312,8.64453,1.28516,-1.48047,-0.0351562,2.84375,2.49609,10.6094,43,836,959,47,0,1,1,0
23.4083,0.0644306,1.07007,-1.87882,-0.0481413,0.812891,-1.55461,-0.0520774,1.07594,-1.92008,0.06655,0.830149,-1.58517,-0.988281,-1.13672,0.144531,-4.32812,1.95312,8.64453,1.28516,-1.48047,-0.0351562,2.84375,2.49609,10.6094,43,836,959,47,0,1,1,0
23.4187,0.0617056,1.09387,-2.15184,-0.0524407,0.859882,-1.55304,-0.0650361,1.09241,-2.18721,0.0722422,0.882529,-1.58626,0.765625,-4.00391,7.78906,-3.11328,4.44922,9.90625,-0.691406,-3.55859,7.60547,2.91797,5.26562,10.2773,66,597,608,76,0,1,1,0
23.4288,0.0617056,1.09387,-2.15184,-0.0524407,0.859882,-1.55304,-0.0650361,1.09241,-2.18721,0.0722422,0.882529,-1.58626,0.765625,-4.00391,7.78906,-3.11328,4.44922,9.90625,-0.691406,-3.55859,7.60547,2.91797,5.26562,10.2773,66,597,608,76,0,1,1,0
23.4411,0.0617056,1.09387,-2.15184,-0.0524407,0.859882,-1.55304,-0.0650361,1.09241,-2.18721,0.0722422,0.882529,-1.58626,0.765625,-4.00391,7.78906,-3.11328,4.44922,9.90625,-0.691406,-3.55859,7.60547,2.91797,5.26562,10.2773,66,597,608,76,0,1,1,0
23.4512,0.0617056,1.09387,-2.15184,-0.0524407,0.859882,-1.55304,-0.0650361,1.09241,-2.18721,0.0722422,0.882529,-1.58626,0.765625,-4.00391,7.78906,-3.11328,4.44922,9.90625,-0.691406,-3.55859,7.60547,2.91797,5.26562,10.2773,66,597,608,76,0,1,1,0
23.4645,0.0490496,0.834751,-1.88637,-0.0553473,0.901423,-1.5343,-0.0558923,0.842684,-1.90797,0.0682456,0.927825,-1.58037,-1.67969,2.54688,1.10938,-2.69531,1.0625,8.30859,0.9375,2.96484,0.777344,2.91797,0.515625,9.94141,64,556,567,80,0,1,1,0
23.4748,0.0490496,0.834751,-1.88637,-0.0553473,0.901423,-1.5343,-0.0558923,0.842684,-1.90797,0.0682456,0.927825,-1.58037,-1.67969,2.54688,1.10938,-2.69531,1.0625,8.30859,0.9375,2.96484,0.777344,2.91797,0.515625,9.94141,64,556,567,80,0,1,1,0
23.4852,0.0490496,0.834751,-1.88637,-0.0553473,0.901423,-1.5343,-0.0558923,0.842684,-1.90797,0.0682456,0.927825,-1.58037,-1.67969,2.54688,1.10938,-2.69531,1.0625,8.30859,0.9375,2.96484,0.777344,2.91797,0.515625,9.94141,64,556,567,80,0,1,1,0
23.4958,0.0526829,0.710432,-1.60204,-0.0551657,0.954772,-1.5255,-0.0515929,0.738045,-1.63761,0.0673372,0.983596,-1.57907,-0.46875,1.13672,2.55859,-3.36328,0.246094,9.46094,0.566406,0.144531,4.59766,2.66797,-0.0234375,11.6133,211,701,862,496,1,1,1,1
23.5061,0.0526829,0.710432,-1.60204,-0.0551657,0.954772,-1.5255,-0.0515929,0.738045,-1.63761,0.0673372,0.983596,-1.57907,-0.46875,1.13672,2.55859,-3.36328,0.246094,9.46094,0.566406,0.144531,4.59766,2.66797,-0.0234375,11.6133,211,701,862,496,1,1,1,1
23.5163,0.0526829,0.710432,-1.60204,-0.0551657,0.954772,-1.5255,-0.0515929,0.738045,-1.63761,0.0673372,0.983596,-1.57907,-0.46875,1.13672,2.55859,-3.36328,0.246094,9.46094,0.566406,0.144531,4.59766,2.66797,-0.0234375,11.6133,211,701,862,496,1,1,1,1
23.5266,0.0526829,0.710432,-1.60204,-0.0551657,0.954772,-1.5255,-0.0515929,0.738045,-1.63761,0.0673372,0.983596,-1.57907,-0.46875,1.13672,2.55859,-3.36328,0.246094,9.46094,0.566406,0.144531,4.59766,2.66797,-0.0234375,11.6133,211,701,862,496,1,1,1,1
23.5404,0.0618267,0.779041,-1.57019,-0.0546812,1.12542,-1.87725,-0.0599495,0.801446,-1.59773,0.073635,1.14752,-1.9227,3.90625,2.32422,10.1641,0.691406,-0.714844,0.515625,-2.37109,2.86719,11.5742,-1.25781,-0.34375,0.292969,788,54,50,993,1,0,0,1
23.5515,0.0618267,0.779041,-1.57019,-0.0546812,1.12542,-1.87725,-0.0599495,0.801446,-1.59773,0.073635,1.14752,-1.9227,3.90625,2.32422,10.1641,0.691406,-0.714844,0.515625,-2.37109,2.86719,11.5742,-1.25781,-0.34375,0.292969,788,54,50,993,1,0,0,1
23.5619,0.0618267,0.779041,-1.57019,-0.0546812,1.12542,-1.87725,-0.0599495,0.801446,-1.59773,0.073635,1.14752,-1.9227,3.90625,2.32422,10.1641,0.691406,-0.714844,0.515625,-2.37109,2.86719,11.5742,-1.25781,-0.34375,0.292969,788,54,50,993,1,0,0,1
23.5722,0.0664895,0.850556,-1.57257,-0.0577695,1.10434,-2.17312,-0.0644912,0.872175,-1.59966,0.0766627,1.11815,-2.20626,3.26172,4.40234,10.3867,-0.863281,-3.75781,7.01172,-3.41016,5.76172,10.7227,0.515625,-4.64844,7.34375,728,75,74,754,1,0,0,1
23.5833,0.0664895,0.850556,-1.57257,-0.0577695,1.10434,-2.17312,-0.0644912,0.872175,-1.59966,0.0766627,1.11815,-2.20626,3.26172,4.40234,10.3867,-0.863281,-3.75781,7.01172,-3.41016,5.76172,10.7227,0.515625,-4.64844,7.34375,728,75,74,754,1,0,0,1
23.5935,0.0664895,0.850556,-1.57257,-0.0577695,1.10434,-2.17312,-0.0644912,0.872175,-1.59966,0.0766627,1.11815,-2.20626,3.26172,4.40234,10.3867,-0.863281,-3.75781,7.01172,-3.41016,5.76172,10.7227,0.515625,-4.64844,7.34375,728,75,74,754,1,0,0,1
23.6037,0.0664895,0.850556,-1.57257,-0.0577695,1.10434,-2.17312,-0.0644912,0.872175,-1.59966,0.0766627,1.11815,-2.20626,3.26172,4.40234,10.3867,-0.863281,-3.75781,7.01172,-3.41016,5.76172,10.7227,0.515625,-4.64844,7.34375,728,75,74,754,1,0,0,1
23.6138,0.073635,0.910021,-1.56224,-0.053894,0.776982,-1.88383,-0.0607367,0.935333,-1.59127,0.0537123,0.790607,-1.90631,3.03906,0.589844,7.23438,1.67969,2,0.8125,-3.38672,0.34375,9.19922,-0.914062,3.58594,0.777344,434,76,77,576,1,0,0,1
23.624,0.073635,0.910021,-1.56224,-0.053894,0.776982,-1.88383,-0.0607367,0.935333,-1.59127,0.0537123,0.790607,-1.90631,3.03906,0.589844,7.23438,1.67969,2,0.8125,-3.38672,0.34375,9.19922,-0.914062,3.58594,0.777344,434,76,77,576,1,0,0,1
23.6342,0.073635,0.910021,-1.56224,-0.053894,0.776982,-1.88383,-0.0607367,0.935333,-1.59127,0.0537123,0.790607,-1.90631,3.03906,0.589844,7.23438,1.67969,2,0.8125,-3.38672,0.34375,9.19922,-0.914062,3.58594,0.777344,434,76,77,576,1,0,0,1
23.6445,0.073635,0.910021,-1.56224,-0.053894,0.776982,-1.88383,-0.0607367,0.935333,-1.59127,0.0537123,0.790607,-1.90631,3.03906,0.589844,7.23438,1.67969,2,0.8125,-3.38672,0.34375,9.19922,-0.914062,3.58594,0.777344,434,76,77,576,1,0,0,1
23.6548,0.0680033,0.985594,-1.55251,-0.0539546,0.6764,-1.60826,-0.0583145,1.00945,-1.58218,0.0526223,0.683303,-1.6366,4.00391,0.0703125,9.05078,0.542969,0.492188,3.59766,-2.07422,-0.914062,11.3516,-0.515625,1.18359,4.22656,596,270,202,884,1,1,1,1
23.665,0.0680033,0.985594,-1.55251,-0.0539546,0.6764,-1.60826,-0.0583145,1.00945,-1.58218,0.0526223,0.683303,-1.6366,4.00391,0.0703125,9.05078,0.542969,0.492188,3.59766,-2.07422,-0.914062,11.3516,-0.515625,1.18359,4.22656,596,270,202,884,1,1,1,1
23.6753,0.0680033,0.985594,-1.55251,-0.0539546,0.6764,-1.60826,-0.0583145,1.00945,-1.58218,0.0526223,0.683303,-1.6366,4.00391,0.0703125,9.05078,0.542969,0.492188,3.59766,-2.07422,-0.914062,11.3516,-0.515625,1.18359,4.22656,596,270,202,884,1,1,1,1
23.6857,0.0680033,0.985594,-1.55251,-0.0539546,0.6764,-1.60826,-0.0583145,1.00945,-1.58218,0.0526223,0.683303,-1.6366,4.00391,0.0703125,9.05078,0.542969,0.492188,3.59766,-2.07422,-0.914062,11.3516,-0.515625,1.18359,4.22656,596,270,202,884,1,1,1,1
23.6962,0.0655811,1.15164,-1.88645,-0.0546207,0.76481,-1.59203,-0.0612212,1.17138,-1.907,0.0607973,0.77135,-1.60604,-1.55469,-0.9375,0.441406,-4.17969,2.37109,10.6836,1.03516,-1.0625,0.21875,2.27344,3.01562,12.8008,42,935,1011,50,0,1,1,0
23.7065,0.0655811,1.15164,-1.88645,-0.0546207,0.76481,-1.59203,-0.0612212,1.17138,-1.907,0.0607973,0.77135,-1.60604,-1.55469,-0.9375,0.441406,-4.17969,2.37109,10.6836,1.03516,-1.0625,0.21875,2.27344,3.01562,12.8008,42,935,1011,50,0,1,1,0
23.7166,0.0655811,1.15164,-1.88645,-0.0546207,0.76481,-1.59203,-0.0612212,1.17138,-1.907,0.0607973,0.77135,-1.60604,-1.55469,-0.9375,0.441406,-4.17969,2.37109,10.6836,1.03516,-1.0625,0.21875,2.27344,3.01562,12.8008,42,935,1011,50,0,1,1,0
23.7303,0.0655811,1.15164,-1.88645,-0.0546207,0.76481,-1.59203,-0.0612212,1.17138,-1.907,0.0607973,0.77135,-1.60604,-1.55469,-0.9375,0.441406,-4.17969,2.37109,10.6836,1.03516,-1.0625,0.21875,2.27344,3.01562,12.8008,42,935,1011,50,0,1,1,0
23.7407,0.0630984,1.11439,-2.2017,-0.0551657,0.856249,-1.59417,-0.0758755,1.12711,-2.22685,0.06764,0.867693,-1.61416,0.542969,-5.01953,8.125,-2.86719,5.14453,10.9453,-0.765625,-5.26562,7.82812,3.21484,6.08203,11.0938,61,758,729,76,0,1,1,0
23.7513,0.0630984,1.11439,-2.2017,-0.0551657,0.856249,-1.59417,-0.0758755,1.12711,-2.22685,0.06764,0.867693,-1.61416,0.542969,-5.01953,8.125,-2.86719,5.14453,10.9453,-0.765625,-5.26562,7.82812,3.21484,6.08203,11.0938,61,758,729,76,0,1,1,0
23.7614,0.0630984,1.11439,-2.2017,-0.0551657,0.856249,-1.59417,-0.0758755,1.12711,-2.22685,0.06764,0.867693,-1.61416,0.542969,-5.01953,8.125,-2.86719,5.14453,10.9453,-0.765625,-5.26562,7.82812,3.21484,6.08203,11.0938,61,758,729,76,0,1,1,0
23.7717,0.0630984,1.11439,-2.2017,-0.0551657,0.856249,-1.59417,-0.0758755,1.12711,-2.22685,0.06764,0.867693,-1.61416,0.542969,-5.01953,8.125,-2.86719,5.14453,10.9453,-0.765625,-5.26562,7.82812,3.21484,6.08203,11.0938,61,758,729,76,0,1,1,0
23.7828,0.0466274,0.749853,-1.91681,-0.059889,0.928975,-1.57031,-0.070365,0.754274,-1.93704,0.0682456,0.941934,-1.5993,-1.85156,3.78125,1.33203,-3.33594,-0.0234375,7.01172,1.10938,3.4375,1,3.53516,0.046875,9.49609,62,513,538,79,0,1,1,0
23.793,0.0466274,0.749853,-1.91681,-0.059889,0.928975,-1.57031,-0.070365,0.754274,-1.93704,0.0682456,0.941934,-1.5993,-1.85156,3.78125,1.33203,-3.33594,-0.0234375,7.01172,1.10938,3.4375,1,3.53516,0.046875,9.49609,62,513,538,79,0,1,1,0
23.8033,0.0466274,0.749853,-1.91681,-0.059889,0.928975,-1.57031,-0.070365,0.754274,-1.93704,0.0682456,0.941934,-1.5993,-1.85156,3.78125,1.33203,-3.33594,-0.0234375,7.01172,1.10938,3.4375,1,3.53516,0.046875,9.49609,62,513,538,79,0,1,1,0
23.8136,0.0448107,0.630015,-1.6079,-0.0563162,1.01793,-1.53838,-0.0667922,0.648847,-1.64577,0.0691539,1.03483,-1.58392,-0.0976562,1.48047,2.22266,-3.95703,-1.38281,8.60547,0.589844,1.03516,3.82031,2.96484,-1.75391,11.3906,215,663,813,353,1,1,1,1
23.8238,0.0448107,0.630015,-1.6079,-0.0563162,1.01793,-1.53838,-0.0667922,0.648847,-1.64577,0.0691539,1.03483,-1.58392,-0.0976562,1.48047,2.22266,-3.95703,-1.38281,8.60547,0.589844,1.03516,3.82031,2.96484,-1.75391,11.3906,215,663,813,353,1,1,1,1
23.834,0.0448107,0.630015,-1.6079,-0.0563162,1.01793,-1.53838,-0.0667922,0.648847,-1.64577,0.0691539,1.03483,-1.58392,-0.0976562,1.48047,2.22266,-3.95703,-1.38281,8.60547,0.589844,1.03516,3.82031,2.96484,-1.75391,11.3906,215,663,813,353,1,1,1,1
23.8464,0.0448107,0.630015,-1.6079,-0.0563162,1.01793,-1.53838,-0.0667922,0.648847,-1.64577,0.0691539,1.03483,-1.58392,-0.0976562,1.48047,2.22266,-3.95703,-1.38281,8.60547,0.589844,1.03516,3.82031,2.96484,-1.75391,11.3906,215,663,813,353,1,1,1,1
23.8567,0.0514718,0.741315,-1.59421,-0.0521985,1.18918,-1.87874,-0.072666,0.752397,-1.61529,0.0751488,1.19863,-1.91515,3.85547,2.29688,10.6094,0.960938,-0.246094,-0.441406,-2.32422,3.73438,12.5391,-1.08594,-0.417969,-0.40625,824,52,51,1040,1,0,0,1
23.8686,0.0514718,0.741315,-1.59421,-0.0521985,1.18918,-1.87874,-0.072666,0.752397,-1.61529,0.0751488,1.19863,-1.91515,3.85547,2.29688,10.6094,0.960938,-0.246094,-0.441406,-2.32422,3.73438,12.5391,-1.08594,-0.417969,-0.40625,824,52,51,1040,1,0,0,1
23.8811,0.0514718,0.741315,-1.59421,-0.0521985,1.18918,-1.87874,-0.072666,0.752397,-1.61529,0.0751488,1.19863,-1.91515,3.85547,2.29688,10.6094,0.960938,-0.246094,-0.441406,-2.32422,3.73438,12.5391,-1.08594,-0.417969,-0.40625,824,52,51,1040,1,0,0,1
23.8914,0.0514718,0.741315,-1.59421,-0.0521985,1.18918,-1.87874,-0.072666,0.752397,-1.61529,0.0751488,1.19863,-1.91515,3.85547,2.29688,10.6094,0.960938,-0.246094,-0.441406,-2.32422,3.73438,12.5391,-1.08594,-0.417969,-0.40625,824,52,51,1040,1,0,0,1
23.9017,0.054439,0.8531,-1.60003,-0.0571034,1.11609,-2.20675,-0.0772077,0.858065,-1.62126,0.077571,1.11615,-2.23323,3.41016,5.19141,11.4648,-1.28516,-3.73438,8.125,-3.1875,5.63672,10.4258,0.394531,-4.89453,7.49219,735,76,73,740,1,0,0,1
23.9119,0.054439,0.8531,-1.60003,-0.0571034,1.11609,-2.20675,-0.0772077,0.858065,-1.62126,0.077571,1.11615,-2.23323,3.41016,5.19141,11.4648,-1.28516,-3.73438,8.125,-3.1875,5.63672,10.4258,0.394531,-4.89453,7.49219,735,76,73,740,1,0,0,1
23.9221,0.054439,0.8531,-1.60003,-0.0571034,1.11609,-2.20675,-0.0772077,0.858065,-1.62126,0.077571,1.11615,-2.23323,3.41016,5.19141,11.4648,-1.28516,-3.73438,8.125,-3.1875,5.63672,10.4258,0.394531,-4.89453,7.49219,735,76,73,740,1,0,0,1
23.9324,0.0635828,0.936484,-1.58029,-0.0543179,0.6939,-1.90587,-0.0761783,0.95023,-1.6033,0.0548629,0.698442,-1.92492,3.46094,-0.269531,6.89844,2.07422,4.22656,0.703125,-3.80859,-0.144531,8.94141,-0.765625,5.5625,0.589844,431,75,76,540,1,0,0,1
23.9427,0.0635828,0.936484,-1.58029,-0.0543179,0.6939,-1.90587,-0.0761783,0.95023,-1.6033,0.0548629,0.698442,-1.92492,3.46094,-0.269531,6.89844,2.07422,4.22656,0.703125,-3.80859,-0.144531,8.94141,-0.765625,5.5625,0.589844,431,75,76,540,1,0,0,1
23.9529,0.0635828,0.936484,-1.58029,-0.0543179,0.6939,-1.90587,-0.0761783,0.95023,-1.6033,0.0548629,0.698442,-1.92492,3.46094,-0.269531,6.89844,2.07422,4.22656,0.703125,-3.80859,-0.144531,8.94141,-0.765625,5.5625,0.589844,431,75,76,540,1,0,0,1
23.9631,0.0635828,0.936484,-1.58029,-0.0543179,0.6939,-1.90587,-0.0761783,0.95023,-1.6033,0.0548629,0.698442,-1.92492,3.46094,-0.269531,6.89844,2.07422,4.22656,0.703125,-3.80859,-0.144531,8.94141,-0.765625,5.5625,0.589844,431,75,76,540,1,0,0,1
23.9733,0.0575879,1.03719,-1.54783,-0.0517746,0.587445,-1.60031,-0.0773288,1.0516,-1.57282,0.0531068,0.587081,-1.62162,5.63672,-3.75781,7.86328,0.566406,1.90234,3.63281,-2.25,-4.72266,10.6094,-0.0703125,-1.21094,1.81641,599,274,223,900,1,1,1,1
23.9867,0.0575879,1.03719,-1.54783,-0.0517746,0.587445,-1.60031,-0.0773288,1.0516,-1.57282,0.0531068,0.587081,-1.62162,5.63672,-3.75781,7.86328,0.566406,1.90234,3.63281,-2.25,-4.72266,10.6094,-0.0703125,-1.21094,1.81641,599,274,223,900,1,1,1,1
23.9972,0.0575879,1.03719,-1.54783,-0.0517746,0.587445,-1.60031,-0.0773288,1.0516,-1.57282,0.0531068,0.587081,-1.62162,5.63672,-3.75781,7.86328,0.566406,1.90234,3.63281,-2.25,-4.72266,10.6094,-0.0703125,-1.21094,1.81641,599,274,223,900,1,1,1,1
24.0075,0.0575879,1.03719,-1.54783,-0.0517746,0.587445,-1.60031,-0.0773288,1.0516,-1.57282,0.0531068,0.587081,-1.62162,5.63672,-3.75781,7.86328,0.566406,1.90234,3.63281,-2.25,-4.72266,10.6094,-0.0703125,-1.21094,1.81641,599,274,223,900,1,1,1,1
24.0178,0.0558318,1.22769,-1.94927,-0.0576484,0.716487,-1.59906,-0.0829604,1.23877,-1.95581,0.0624928,0.705769,-1.60406,-1.55469,-2.94141,1.29688,-4.40234,3.46094,11.7969,0.8125,-1.48047,1.59375,3.1875,4.27734,13.9141,38,1015,1020,47,0,1,1,0
24.028,0.0558318,1.22769,-1.94927,-0.0576484,0.716487,-1.59906,-0.0829604,1.23877,-1.95581,0.0624928,0.705769,-1.60406,-1.55469,-2.94141,1.29688,-4.40234,3.46094,11.7969,0.8125,-1.48047,1.59375,3.1875,4.27734,13.9141,38,1015,1020,47,0,1,1,0
24.0381,0.0558318,1.22769,-1.94927,-0.0576484,0.716487,-1.59906,-0.0829604,1.23877,-1.95581,0.0624928,0.705769,-1.60406,-1.55469,-2.94141,1.29688,-4.40234,3.46094,11.7969,0.8125,-1.48047,1.59375,3.1875,4.27734,13.9141,38,1015,1020,47,0,1,1,0
24.0483,0.0558318,1.22769,-1.94927,-0.0576484,0.716487,-1.59906,-0.0829604,1.23877,-1.95581,0.0624928,0.705769,-1.60406,-1.55469,-2.94141,1.29688,-4.40234,3.46094,11.7969,0.8125,-1.48047,1.59375,3.1875,4.27734,13.9141,38,1015,1020,47,0,1,1,0
24.0585,0.0488074,1.03367,-2.21155,-0.0672767,0.843956,-1.60063,-0.080296,1.03307,-2.22479,0.0712128,0.851404,-1.6209,0.46875,-6.35547,7.45703,-3.4375,4.27734,10.6484,-0.21875,-4.82031,7.19531,4.05469,6.77734,11.3164,58,644,592,74,0,1,1,0
24.0687,0.0488074,1.03367,-2.21155,-0.0672767,0.843956,-1.60063,-0.080296,1.03307,-2.22479,0.0712128,0.851404,-1.6209,0.46875,-6.35547,7.45703,-3.4375,4.27734,10.6484,-0.21875,-4.82031,7.19531,4.05469,6.77734,11.3164,58,644,592,74,0,1,1,0
24.079,0.0488074,1.03367,-2.21155,-0.0672767,0.843956,-1.60063,-0.080296,1.03307,-2.22479,0.0712128,0.851404,-1.6209,0.46875,-6.35547,7.45703,-3.4375,4.27734,10.6484,-0.21875,-4.82031,7.19531,4.05469,6.77734,11.3164,58,644,592,74,0,1,1,0
24.0903,0.0488074,1.03367,-2.21155,-0.0672767,0.843956,-1.60063,-0.080296,1.03307,-2.22479,0.0712128,0.851404,-1.6209,0.46875,-6.35547,7.45703,-3.4375,4.27734,10.6484,-0.21875,-4.82031,7.19531,4.05469,6.77734,11.3164,58,644,592,74,0,1,1,0
24.1061,0.0385736,0.609789,-1.75376,-0.0678217,0.93606,-1.55945,-0.0681244,0.617298,-1.76365,0.0678822,0.953379,-1.60051,-1.92578,6.20703,-4.59766,-2.94141,-2.42188,5.89844,1.08594,5.21875,-4.30078,3.3125,-3.88281,10.4258,59,478,674,75,0,1,1,0
24.1163,0.0385736,0.609789,-1.75376,-0.0678217,0.93606,-1.55945,-0.0681244,0.617298,-1.76365,0.0678822,0.953379,-1.60051,-1.92578,6.20703,-4.59766,-2.94141,-2.42188,5.89844,1.08594,5.21875,-4.30078,3.3125,-3.88281,10.4258,59,478,674,75,0,1,1,0
24.1265,0.0385736,0.609789,-1.75376,-0.0678217,0.93606,-1.55945,-0.0681244,0.617298,-1.76365,0.0678822,0.953379,-1.60051,-1.92578,6.20703,-4.59766,-2.94141,-2.42188,5.89844,1.08594,5.21875,-4.30078,3.3125,-3.88281,10.4258,59,478,674,75,0,1,1,0
24.1375,0.0385736,0.609789,-1.75376,-0.0678217,0.93606,-1.55945,-0.0681244,0.617298,-1.76365,0.0678822,0.953379,-1.60051,-1.92578,6.20703,-4.59766,-2.94141,-2.42188,5.89844,1.08594,5.21875,-4.30078,3.3125,-3.88281,10.4258,59,478,674,75,0,1,1,0
24.1486,0.0611606,0.652178,-1.56559,-0.0474752,1.08188,-1.64371,-0.0827182,0.669497,-1.60523,0.0704255,1.11494,-1.70426,2.47266,0.9375,5.33984,0.839844,1.08594,-8.79297,-2.17578,3.85547,11.7969,-1.13672,-0.121094,-7.97656,332,226,147,460,1,1,0,1
24.1588,0.0611606,0.652178,-1.56559,-0.0474752,1.08188,-1.64371,-0.0827182,0.669497,-1.60523,0.0704255,1.11494,-1.70426,2.47266,0.9375,5.33984,0.839844,1.08594,-8.79297,-2.17578,3.85547,11.7969,-1.13672,-0.121094,-7.97656,332,226,147,460,1,1,0,1
24.169,0.0611606,0.652178,-1.56559,-0.0474752,1.08188,-1.64371,-0.0827182,0.669497,-1.60523,0.0704255,1.11494,-1.70426,2.47266,0.9375,5.33984,0.839844,1.08594,-8.79297,-2.17578,3.85547,11.7969,-1.13672,-0.121094,-7.97656,332,226,147,460,1,1,0,1
24.1792,0.0576484,0.807986,-1.60196,-0.0630378,1.17786,-2.17001,-0.0888343,0.804656,-1.62506,0.0890159,1.19082,-2.2105,5.04297,4.82031,12.0586,-2.07422,-4.35156,5.08203,-3.60938,6.77734,12.3906,0.441406,-3.90625,5.48828,897,65,63,857,1,0,0,1
24.1895,0.0576484,0.807986,-1.60196,-0.0630378,1.17786,-2.17001,-0.0888343,0.804656,-1.62506,0.0890159,1.19082,-2.2105,5.04297,4.82031,12.0586,-2.07422,-4.35156,5.08203,-3.60938,6.77734,12.3906,0.441406,-3.90625,5.48828,897,65,63,857,1,0,0,1
24.1997,0.0576484,0.807986,-1.60196,-0.0630378,1.17786,-2.17001,-0.0888343,0.804656,-1.62506,0.0890159,1.19082,-2.2105,5.04297,4.82031,12.0586,-2.07422,-4.35156,5.08203,-3.60938,6.77734,12.3906,0.441406,-3.90625,5.48828,897,65,63,857,1,0,0,1
24.2099,0.0576484,0.807986,-1.60196,-0.0630378,1.17786,-2.17001,-0.0888343,0.804656,-1.62506,0.0890159,1.19082,-2.2105,5.04297,4.82031,12.0586,-2.07422,-4.35156,5.08203,-3.60938,6.77734,12.3906,0.441406,-3.90625,5.48828,897,65,63,857,1,0,0,1
24.2201,0.0667922,0.910506,-1.6016,-0.0661261,0.730536,-1.99908,-0.0777527,0.903239,-1.61109,0.0480807,0.740649,-2.01673,1.97656,0.417969,7.9375,2.27344,6.00781,3.07812,-3.80859,0.21875,8.30859,-0.914062,5.09375,2.44531,494,73,73,483,1,0,0,1
24.2303,0.0667922,0.910506,-1.6016,-0.0661261,0.730536,-1.99908,-0.0777527,0.903239,-1.61109,0.0480807,0.740649,-2.01673,1.97656,0.417969,7.9375,2.27344,6.00781,3.07812,-3.80859,0.21875,8.30859,-0.914062,5.09375,2.44531,494,73,73,483,1,0,0,1
24.2408,0.0667922,0.910506,-1.6016,-0.0661261,0.730536,-1.99908,-0.0777527,0.903239,-1.61109,0.0480807,0.740649,-2.01673,1.97656,0.417969,7.9375,2.27344,6.00781,3.07812,-3.80859,0.21875,8.30859,-0.914062,5.09375,2.44531,494,73,73,483,1,0,0,1
24.2652,0.0699411,1.0172,-1.5668,-0.0660656,0.578967,-1.61504,-0.0753911,1.01242,-1.57496,0.0402086,0.56728,-1.63212,4.44922,-2.59375,7.97656,1.35938,0.292969,1.81641,-3.06641,-2.25,9.98047,-1.58203,3.85547,1.25781,577,329,105,863,1,1,0,1
24.2931,0.0641278,1.21068,-1.97292,-0.0837476,0.734775,-1.61617,-0.0837476,1.20626,-1.97288,0.0520168,0.725571,-1.60729,-1.48047,-1.87891,1.22266,-4.40234,1.16016,11.0547,0.789062,-1.30859,1.03516,3.36328,3.70703,13.6914,36,997,962,50,0,1,1,0
24.3043,0.0641278,1.21068,-1.97292,-0.0837476,0.734775,-1.61617,-0.0837476,1.20626,-1.97288,0.0520168,0.725571,-1.60729,-1.48047,-1.87891,1.22266,-4.40234,1.16016,11.0547,0.789062,-1.30859,1.03516,3.36328,3.70703,13.6914,36,997,962,50,0,1,1,0
24.3167,0.0641278,1.21068,-1.97292,-0.0837476,0.734775,-1.61617,-0.0837476,1.20626,-1.97288,0.0520168,0.725571,-1.60729,-1.48047,-1.87891,1.22266,-4.40234,1.16016,11.0547,0.789062,-1.30859,1.03516,3.36328,3.70703,13.6914,36,997,962,50,0,1,1,0
24.327,0.0641278,1.21068,-1.97292,-0.0837476,0.734775,-1.61617,-0.0837476,1.20626,-1.97288,0.0520168,0.725571,-1.60729,-1.48047,-1.87891,1.22266,-4.40234,1.16016,11.0547,0.789062,-1.30859,1.03516,3.36328,3.70703,13.6914,36,997,962,50,0,1,1,0
24.3374,0.0502607,0.98844,-2.20646,-0.0880471,0.880713,-1.62546,-0.0882287,0.974815,-2.21191,0.0651572,0.877624,-1.62829,0.691406,-5.73828,7.82812,-3.38672,3.33594,11.2422,0.144531,-4.22656,7.67969,3.60938,5.8125,11.6484,57,729,580,75,0,1,1,0
24.3479,0.0502607,0.98844,-2.20646,-0.0880471,0.880713,-1.62546,-0.0882287,0.974815,-2.21191,0.0651572,0.877624,-1.62829,0.691406,-5.73828,7.82812,-3.38672,3.33594,11.2422,0.144531,-4.22656,7.67969,3.60938,5.8125,11.6484,57,729,580,75,0,1,1,0
24.3586,0.0502607,0.98844,-2.20646,-0.0880471,0.880713,-1.62546,-0.0882287,0.974815,-2.21191,0.0651572,0.877624,-1.62829,0.691406,-5.73828,7.82812,-3.38672,3.33594,11.2422,0.144531,-4.22656,7.67969,3.60938,5.8125,11.6484,57,729,580,75,0,1,1,0
24.3692,0.0502607,0.98844,-2.20646,-0.0880471,0.880713,-1.62546,-0.0882287,0.974815,-2.21191,0.0651572,0.877624,-1.62829,0.691406,-5.73828,7.82812,-3.38672,3.33594,11.2422,0.144531,-4.22656,7.67969,3.60938,5.8125,11.6484,57,729,580,75,0,1,1,0
24.3798,0.0388763,0.576969,-1.72969,-0.0904693,0.985594,-1.58065,-0.0699411,0.578119,-1.72776,0.0594045,0.98511,-1.59999,-2.05078,5.6875,-4.71094,-2.96484,-3.48438,6.97266,1.16016,5.71094,-4.44922,3.08984,-4.30078,10.9805,113,567,732,76,0,1,1,0
24.3941,0.0388763,0.576969,-1.72969,-0.0904693,0.985594,-1.58065,-0.0699411,0.578119,-1.72776,0.0594045,0.98511,-1.59999,-2.05078,5.6875,-4.71094,-2.96484,-3.48438,6.97266,1.16016,5.71094,-4.44922,3.08984,-4.30078,10.9805,113,567,732,76,0,1,1,0
24.4051,0.0388763,0.576969,-1.72969,-0.0904693,0.985594,-1.58065,-0.0699411,0.578119,-1.72776,0.0594045,0.98511,-1.59999,-2.05078,5.6875,-4.71094,-2.96484,-3.48438,6.97266,1.16016,5.71094,-4.44922,3.08984,-4.30078,10.9805,113,567,732,76,0,1,1,0
24.4162,0.0388763,0.576969,-1.72969,-0.0904693,0.985594,-1.58065,-0.0699411,0.578119,-1.72776,0.0594045,0.98511,-1.59999,-2.05078,5.6875,-4.71094,-2.96484,-3.48438,6.97266,1.16016,5.71094,-4.44922,3.08984,-4.30078,10.9805,113,567,732,76,0,1,1,0
24.4272,0.0441446,0.671253,-1.69595,-0.0617662,1.1262,-1.63256,-0.0723633,0.658234,-1.61068,0.0732716,1.13692,-1.6626,3.28906,4.00391,7.97656,1.01172,0.566406,-10.0898,-2.44531,4.42578,12.0586,-1.67969,0.664062,-9.79297,181,208,154,370,0,1,0,1
24.4387,0.0441446,0.671253,-1.69595,-0.0617662,1.1262,-1.63256,-0.0723633,0.658234,-1.61068,0.0732716,1.13692,-1.6626,3.28906,4.00391,7.97656,1.01172,0.566406,-10.0898,-2.44531,4.42578,12.0586,-1.67969,0.664062,-9.79297,181,208,154,370,0,1,0,1
24.4497,0.0441446,0.671253,-1.69595,-0.0617662,1.1262,-1.63256,-0.0723633,0.658234,-1.61068,0.0732716,1.13692,-1.6626,3.28906,4.00391,7.97656,1.01172,0.566406,-10.0898,-2.44531,4.42578,12.0586,-1.67969,0.664062,-9.79297,181,208,154,370,0,1,0,1
24.4602,0.0422674,0.838082,-1.68706,-0.0703044,1.23835,-2.17207,-0.0798721,0.814163,-1.61375,0.096767,1.2389,-2.20295,4.89453,5.53906,12.7266,-2.17578,-6.80078,8.53125,-2.86719,7.09766,13.207,0.441406,-7.09766,9.05078,505,63,61,931,1,0,0,1
24.4704,0.0422674,0.838082,-1.68706,-0.0703044,1.23835,-2.17207,-0.0798721,0.814163,-1.61375,0.096767,1.2389,-2.20295,4.89453,5.53906,12.7266,-2.17578,-6.80078,8.53125,-2.86719,7.09766,13.207,0.441406,-7.09766,9.05078,505,63,61,931,1,0,0,1
24.4806,0.0422674,0.838082,-1.68706,-0.0703044,1.23835,-2.17207,-0.0798721,0.814163,-1.61375,0.096767,1.2389,-2.20295,4.89453,5.53906,12.7266,-2.17578,-6.80078,8.53125,-2.86719,7.09766,13.207,0.441406,-7.09766,9.05078,505,63,61,931,1,0,0,1
24.4908,0.0422674,0.838082,-1.68706,-0.0703044,1.23835,-2.17207,-0.0798721,0.814163,-1.61375,0.096767,1.2389,-2.20295,4.89453,5.53906,12.7266,-2.17578,-6.80078,8.53125,-2.86719,7.09766,13.207,0.441406,-7.09766,9.05078,505,63,61,931,1,0,0,1
24.5011,0.0511085,0.957012,-1.66304,-0.0465668,0.774015,-2.00788,-0.0727266,0.9208,-1.58372,0.0686694,0.782735,-2.029,3.33594,0.664062,8.79297,2.17578,6.42969,3.11328,-3.88281,-0.0976562,9.38672,-1.18359,4.74609,2.51953,362,71,72,532,1,0,0,1
24.5113,0.0511085,0.957012,-1.66304,-0.0465668,0.774015,-2.00788,-0.0727266,0.9208,-1.58372,0.0686694,0.782735,-2.029,3.33594,0.664062,8.79297,2.17578,6.42969,3.11328,-3.88281,-0.0976562,9.38672,-1.18359,4.74609,2.51953,362,71,72,532,1,0,0,1
24.5215,0.0511085,0.957012,-1.66304,-0.0465668,0.774015,-2.00788,-0.0727266,0.9208,-1.58372,0.0686694,0.782735,-2.029,3.33594,0.664062,8.79297,2.17578,6.42969,3.11328,-3.88281,-0.0976562,9.38672,-1.18359,4.74609,2.51953,362,71,72,532,1,0,0,1
24.5355,0.0511085,0.957012,-1.66304,-0.0465668,0.774015,-2.00788,-0.0727266,0.9208,-1.58372,0.0686694,0.782735,-2.029,3.33594,0.664062,8.79297,2.17578,6.42969,3.11328,-3.88281,-0.0976562,9.38672,-1.18359,4.74609,2.51953,362,71,72,532,1,0,0,1
24.5465,0.0521985,1.06716,-1.59724,-0.0414197,0.64146,-1.65113,-0.0704255,1.0344,-1.52009,0.0629167,0.621719,-1.63353,4.44922,-1.21094,8.42188,0.839844,-0.34375,3.92969,-1.65625,-3.53516,9.60938,-1.08594,2.32422,-0.183594,383,432,67,859,1,1,0,1
24.5595,0.0521985,1.06716,-1.59724,-0.0414197,0.64146,-1.65113,-0.0704255,1.0344,-1.52009,0.0629167,0.621719,-1.63353,4.44922,-1.21094,8.42188,0.839844,-0.34375,3.92969,-1.65625,-3.53516,9.60938,-1.08594,2.32422,-0.183594,383,432,67,859,1,1,0,1
24.5699,0.0521985,1.06716,-1.59724,-0.0414197,0.64146,-1.65113,-0.0704255,1.0344,-1.52009,0.0629167,0.621719,-1.63353,4.44922,-1.21094,8.42188,0.839844,-0.34375,3.92969,-1.65625,-3.53516,9.60938,-1.08594,2.32422,-0.183594,383,432,67,859,1,1,0,1
24.5805,0.0494129,1.26397,-1.99771,-0.0721211,0.821006,-1.63854,-0.0776316,1.23393,-1.92327,0.0790849,0.762873,-1.55045,-1.33203,-1.73047,0.960938,-3.78125,1.38281,10.9062,0.46875,-1.40625,0.777344,1.85156,1.08594,13.0977,65,563,1026,46,0,1,1,0
24.591,0.0494129,1.26397,-1.99771,-0.0721211,0.821006,-1.63854,-0.0776316,1.23393,-1.92327,0.0790849,0.762873,-1.55045,-1.33203,-1.73047,0.960938,-3.78125,1.38281,10.9062,0.46875,-1.40625,0.777344,1.85156,1.08594,13.0977,65,563,1026,46,0,1,1,0
24.6013,0.0494129,1.26397,-1.99771,-0.0721211,0.821006,-1.63854,-0.0776316,1.23393,-1.92327,0.0790849,0.762873,-1.55045,-1.33203,-1.73047,0.960938,-3.78125,1.38281,10.9062,0.46875,-1.40625,0.777344,1.85156,1.08594,13.0977,65,563,1026,46,0,1,1,0
24.6122,0.0424491,1.01085,-2.21959,-0.0724844,0.966217,-1.62473,-0.0762388,0.976753,-2.16169,0.108939,0.904208,-1.53911,0.789062,-5.29297,7.23438,-4.07812,2.91797,10.7227,-0.046875,-3.3125,6.45312,3.36328,5.07031,9.71875,76,450,383,73,0,1,1,0
24.6232,0.0424491,1.01085,-2.21959,-0.0724844,0.966217,-1.62473,-0.0762388,0.976753,-2.16169,0.108939,0.904208,-1.53911,0.789062,-5.29297,7.23438,-4.07812,2.91797,10.7227,-0.046875,-3.3125,6.45312,3.36328,5.07031,9.71875,76,450,383,73,0,1,1,0
24.634,0.0424491,1.01085,-2.21959,-0.0724844,0.966217,-1.62473,-0.0762388,0.976753,-2.16169,0.108939,0.904208,-1.53911,0.789062,-5.29297,7.23438,-4.07812,2.91797,10.7227,-0.046875,-3.3125,6.45312,3.36328,5.07031,9.71875,76,450,383,73,0,1,1,0
24.6447,0.0424491,1.01085,-2.21959,-0.0724844,0.966217,-1.62473,-0.0762388,0.976753,-2.16169,0.108939,0.904208,-1.53911,0.789062,-5.29297,7.23438,-4.07812,2.91797,10.7227,-0.046875,-3.3125,6.45312,3.36328,5.07031,9.71875,76,450,383,73,0,1,1,0
24.6556,0.051169,0.60549,-1.74818,-0.0719394,1.05517,-1.54625,-0.0559528,0.585265,-1.68799,0.101127,1.00279,-1.46963,-2.14844,5.98438,-4.04297,-2.86719,-3.16406,7.30859,0.714844,4.84766,-4.11719,4.44922,-4.00391,9.86719,70,391,659,75,0,1,1,0
24.6695,0.051169,0.60549,-1.74818,-0.0719394,1.05517,-1.54625,-0.0559528,0.585265,-1.68799,0.101127,1.00279,-1.46963,-2.14844,5.98438,-4.04297,-2.86719,-3.16406,7.30859,0.714844,4.84766,-4.11719,4.44922,-4.00391,9.86719,70,391,659,75,0,1,1,0
24.6816,0.051169,0.60549,-1.74818,-0.0719394,1.05517,-1.54625,-0.0559528,0.585265,-1.68799,0.101127,1.00279,-1.46963,-2.14844,5.98438,-4.04297,-2.86719,-3.16406,7.30859,0.714844,4.84766,-4.11719,4.44922,-4.00391,9.86719,70,391,659,75,0,1,1,0
24.6919,0.051169,0.60549,-1.74818,-0.0719394,1.05517,-1.54625,-0.0559528,0.585265,-1.68799,0.101127,1.00279,-1.46963,-2.14844,5.98438,-4.04297,-2.86719,-3.16406,7.30859,0.714844,4.84766,-4.11719,4.44922,-4.00391,9.86719,70,391,659,75,0,1,1,0
24.7025,0.0775105,0.683848,-1.59631,-0.0517746,1.20729,-1.61654,-0.0754516,0.653329,-1.50342,0.106698,1.15927,-1.54783,2.25,3.38672,7.53125,1.33203,-0.320312,-10.0156,-1.82812,4.42578,7.90234,-2.02734,-0.121094,-12.1328,247,198,86,268,1,0,0,1
24.7129,0.0775105,0.683848,-1.59631,-0.0517746,1.20729,-1.61654,-0.0754516,0.653329,-1.50342,0.106698,1.15927,-1.54783,2.25,3.38672,7.53125,1.33203,-0.320312,-10.0156,-1.82812,4.42578,7.90234,-2.02734,-0.121094,-12.1328,247,198,86,268,1,0,0,1
24.7231,0.0775105,0.683848,-1.59631,-0.0517746,1.20729,-1.61654,-0.0754516,0.653329,-1.50342,0.106698,1.15927,-1.54783,2.25,3.38672,7.53125,1.33203,-0.320312,-10.0156,-1.82812,4.42578,7.90234,-2.02734,-0.121094,-12.1328,247,198,86,268,1,0,0,1
24.7337,0.0703044,0.863515,-1.60124,-0.0667922,1.3066,-2.1797,-0.0788427,0.82367,-1.5293,0.110271,1.25767,-2.12698,4.57422,6.03516,14.8047,-2.25,-8.60547,7.56641,-3.51172,5.39062,10.8711,0.640625,-7.17188,9.64453,614,84,64,797,1,0,0,1
24.7441,0.0703044,0.863515,-1.60124,-0.0667922,1.3066,-2.1797,-0.0788427,0.82367,-1.5293,0.110271,1.25767,-2.12698,4.57422,6.03516,14.8047,-2.25,-8.60547,7.56641,-3.51172,5.39062,10.8711,0.640625,-7.17188,9.64453,614,84,64,797,1,0,0,1
24.7544,0.0703044,0.863515,-1.60124,-0.0667922,1.3066,-2.1797,-0.0788427,0.82367,-1.5293,0.110271,1.25767,-2.12698,4.57422,6.03516,14.8047,-2.25,-8.60547,7.56641,-3.51172,5.39062,10.8711,0.640625,-7.17188,9.64453,614,84,64,797,1,0,0,1
24.7645,0.0703044,0.863515,-1.60124,-0.0667922,1.3066,-2.1797,-0.0788427,0.82367,-1.5293,0.110271,1.25767,-2.12698,4.57422,6.03516,14.8047,-2.25,-8.60547,7.56641,-3.51172,5.39062,10.8711,0.640625,-7.17188,9.64453,614,84,64,797,1,0,0,1
24.7771,0.0813254,0.988501,-1.58392,-0.0634011,0.706375,-1.98189,-0.0735139,0.94151,-1.49914,0.0449319,0.695354,-1.92266,2.66797,-0.8125,8.71875,2.39844,6.60156,3.15234,-4.79688,-0.46875,7.53125,-1.35938,4.84766,2.22266,376,85,72,440,1,0,0,1
24.7873,0.0813254,0.988501,-1.58392,-0.0634011,0.706375,-1.98189,-0.0735139,0.94151,-1.49914,0.0449319,0.695354,-1.92266,2.66797,-0.8125,8.71875,2.39844,6.60156,3.15234,-4.79688,-0.46875,7.53125,-1.35938,4.84766,2.22266,376,85,72,440,1,0,0,1
24.7976,0.0813254,0.988501,-1.58392,-0.0634011,0.706375,-1.98189,-0.0735139,0.94151,-1.49914,0.0449319,0.695354,-1.92266,2.66797,-0.8125,8.71875,2.39844,6.60156,3.15234,-4.79688,-0.46875,7.53125,-1.35938,4.84766,2.22266,376,85,72,440,1,0,0,1
24.8084,0.0813254,0.988501,-1.58392,-0.0634011,0.706375,-1.98189,-0.0735139,0.94151,-1.49914,0.0449319,0.695354,-1.92266,2.66797,-0.8125,8.71875,2.39844,6.60156,3.15234,-4.79688,-0.46875,7.53125,-1.35938,4.84766,2.22266,376,85,72,440,1,0,0,1
24.821,0.0772683,1.10513,-1.5075,-0.0577695,0.541423,-1.56385,-0.066005,1.05681,-1.42668,0.0282792,0.550809,-1.58194,2.64453,-1.97656,8.64453,0.292969,3.11328,-0.40625,-2.99219,-3.36328,7.71484,0.121094,0.515625,4.26562,401,81,455,761,1,0,1,1
24.8321,0.0772683,1.10513,-1.5075,-0.0577695,0.541423,-1.56385,-0.066005,1.05681,-1.42668,0.0282792,0.550809,-1.58194,2.64453,-1.97656,8.64453,0.292969,3.11328,-0.40625,-2.99219,-3.36328,7.71484,0.121094,0.515625,4.26562,401,81,455,761,1,0,1,1
24.8424,0.0772683,1.10513,-1.5075,-0.0577695,0.541423,-1.56385,-0.066005,1.05681,-1.42668,0.0282792,0.550809,-1.58194,2.64453,-1.97656,8.64453,0.292969,3.11328,-0.40625,-2.99219,-3.36328,7.71484,0.121094,0.515625,4.26562,401,81,455,761,1,0,1,1
24.8527,0.0887737,1.31774,-1.95367,-0.0470513,0.665137,-1.48146,-0.0611606,1.26469,-1.84778,0.0374836,0.7309,-1.60285,0.738281,-3.53516,-3.74609,-2.66797,-9.15234,6.00781,1.82812,-1.08594,-4.71094,0.269531,1.21094,6.89844,66,1488,557,55,0,1,1,0
24.8634,0.0887737,1.31774,-1.95367,-0.0470513,0.665137,-1.48146,-0.0611606,1.26469,-1.84778,0.0374836,0.7309,-1.60285,0.738281,-3.53516,-3.74609,-2.66797,-9.15234,6.00781,1.82812,-1.08594,-4.71094,0.269531,1.21094,6.89844,66,1488,557,55,0,1,1,0
24.8759,0.0887737,1.31774,-1.95367,-0.0470513,0.665137,-1.48146,-0.0611606,1.26469,-1.84778,0.0374836,0.7309,-1.60285,0.738281,-3.53516,-3.74609,-2.66797,-9.15234,6.00781,1.82812,-1.08594,-4.71094,0.269531,1.21094,6.89844,66,1488,557,55,0,1,1,0
24.8861,0.0887737,1.31774,-1.95367,-0.0470513,0.665137,-1.48146,-0.0611606,1.26469,-1.84778,0.0374836,0.7309,-1.60285,0.738281,-3.53516,-3.74609,-2.66797,-9.15234,6.00781,1.82812,-1.08594,-4.71094,0.269531,1.21094,6.89844,66,1488,557,55,0,1,1,0
24.8964,0.104276,1.04094,-2.26884,-0.0480202,0.815677,-1.49042,-0.0182271,0.985776,-2.15556,0.054439,0.906025,-1.6194,1.03516,-8.16016,8.27344,-2.37109,3.92969,13.6172,0.269531,-5.41406,7.38281,4.59766,3.03906,7.97656,76,1022,309,75,0,1,1,0
24.9067,0.104276,1.04094,-2.26884,-0.0480202,0.815677,-1.49042,-0.0182271,0.985776,-2.15556,0.054439,0.906025,-1.6194,1.03516,-8.16016,8.27344,-2.37109,3.92969,13.6172,0.269531,-5.41406,7.38281,4.59766,3.03906,7.97656,76,1022,309,75,0,1,1,0
24.9168,0.104276,1.04094,-2.26884,-0.0480202,0.815677,-1.49042,-0.0182271,0.985776,-2.15556,0.054439,0.906025,-1.6194,1.03516,-8.16016,8.27344,-2.37109,3.92969,13.6172,0.269531,-5.41406,7.38281,4.59766,3.03906,7.97656,76,1022,309,75,0,1,1,0
24.9273,0.104276,1.04094,-2.26884,-0.0480202,0.815677,-1.49042,-0.0182271,0.985776,-2.15556,0.054439,0.906025,-1.6194,1.03516,-8.16016,8.27344,-2.37109,3.92969,13.6172,0.269531,-5.41406,7.38281,4.59766,3.03906,7.97656,76,1022,309,75,0,1,1,0
24.9375,0.106577,0.480686,-1.77459,-0.066005,0.926371,-1.45074,0.00750881,0.458341,-1.66906,0.0464457,1.01854,-1.56527,-3.16406,9.86719,-5.60156,-1.40625,-4.625,7.01172,0.441406,7.34375,-4.78516,6.30469,-5.46484,8.71875,70,713,447,76,0,1,1,0
24.9492,0.106577,0.480686,-1.77459,-0.066005,0.926371,-1.45074,0.00750881,0.458341,-1.66906,0.0464457,1.01854,-1.56527,-3.16406,9.86719,-5.60156,-1.40625,-4.625,7.01172,0.441406,7.34375,-4.78516,6.30469,-5.46484,8.71875,70,713,447,76,0,1,1,0
24.9594,0.106577,0.480686,-1.77459,-0.066005,0.926371,-1.45074,0.00750881,0.458341,-1.66906,0.0464457,1.01854,-1.56527,-3.16406,9.86719,-5.60156,-1.40625,-4.625,7.01172,0.441406,7.34375,-4.78516,6.30469,-5.46484,8.71875,70,713,447,76,0,1,1,0
24.9696,0.106577,0.480686,-1.77459,-0.066005,0.926371,-1.45074,0.00750881,0.458341,-1.66906,0.0464457,1.01854,-1.56527,-3.16406,9.86719,-5.60156,-1.40625,-4.625,7.01172,0.441406,7.34375,-4.78516,6.30469,-5.46484,8.71875,70,713,447,76,0,1,1,0
24.9842,0.102035,0.575515,-1.63002,-0.0437208,1.08945,-1.50988,0.020286,0.561467,-1.56595,0.0469907,1.18664,-1.6106,2.47266,1.25781,9.57031,1.48047,0.914062,-12.5781,-2.91797,3.55859,11.2422,-1.40625,-1.95312,-11.6133,279,257,186,320,1,1,0,1
24.9946,0.102035,0.575515,-1.63002,-0.0437208,1.08945,-1.50988,0.020286,0.561467,-1.56595,0.0469907,1.18664,-1.6106,2.47266,1.25781,9.57031,1.48047,0.914062,-12.5781,-2.91797,3.55859,11.2422,-1.40625,-1.95312,-11.6133,279,257,186,320,1,1,0,1
25.0095,0.102035,0.575515,-1.63002,-0.0437208,1.08945,-1.50988,0.020286,0.561467,-1.56595,0.0469907,1.18664,-1.6106,2.47266,1.25781,9.57031,1.48047,0.914062,-12.5781,-2.91797,3.55859,11.2422,-1.40625,-1.95312,-11.6133,279,257,186,320,1,1,0,1
25.0237,0.112451,0.776195,-1.64165,-0.0653389,1.20626,-2.08136,0.016471,0.738893,-1.58029,0.0552262,1.28837,-2.19165,5.14453,3.38672,13.8398,-1.82812,-4.77344,4.82031,-4.5,5.39062,11.0195,0.441406,-5.88672,5.52734,689,53,83,503,1,0,0,1
25.0339,0.112451,0.776195,-1.64165,-0.0653389,1.20626,-2.08136,0.016471,0.738893,-1.58029,0.0552262,1.28837,-2.19165,5.14453,3.38672,13.8398,-1.82812,-4.77344,4.82031,-4.5,5.39062,11.0195,0.441406,-5.88672,5.52734,689,53,83,503,1,0,0,1
25.0442,0.112451,0.776195,-1.64165,-0.0653389,1.20626,-2.08136,0.016471,0.738893,-1.58029,0.0552262,1.28837,-2.19165,5.14453,3.38672,13.8398,-1.82812,-4.77344,4.82031,-4.5,5.39062,11.0195,0.441406,-5.88672,5.52734,689,53,83,503,1,0,0,1
25.0548,0.120202,0.90875,-1.63265,-0.0696383,0.654721,-1.95694,0.0231926,0.874233,-1.57831,0.0301564,0.674704,-2.04708,1.97656,-0.640625,7.82812,2.57031,5.91016,3.67188,-4.12891,-1.0625,6.26953,-0.988281,8.38281,2.85547,404,65,90,271,1,0,0,1
25.0651,0.120202,0.90875,-1.63265,-0.0696383,0.654721,-1.95694,0.0231926,0.874233,-1.57831,0.0301564,0.674704,-2.04708,1.97656,-0.640625,7.82812,2.57031,5.91016,3.67188,-4.12891,-1.0625,6.26953,-0.988281,8.38281,2.85547,404,65,90,271,1,0,0,1
25.0754,0.120202,0.90875,-1.63265,-0.0696383,0.654721,-1.95694,0.0231926,0.874233,-1.57831,0.0301564,0.674704,-2.04708,1.97656,-0.640625,7.82812,2.57031,5.91016,3.67188,-4.12891,-1.0625,6.26953,-0.988281,8.38281,2.85547,404,65,90,271,1,0,0,1
25.0862,0.120202,0.90875,-1.63265,-0.0696383,0.654721,-1.95694,0.0231926,0.874233,-1.57831,0.0301564,0.674704,-2.04708,1.97656,-0.640625,7.82812,2.57031,5.91016,3.67188,-4.12891,-1.0625,6.26953,-0.988281,8.38281,2.85547,404,65,90,271,1,0,0,1
25.0965,0.128679,1.03198,-1.56704,-0.0632195,0.475236,-1.54508,0.0319731,0.971243,-1.48134,0.0432363,0.473056,-1.62574,4.74609,-4.44922,6.04688,2.125,3.58594,-0.480469,-3.46094,-4.72266,6.82422,-1.67969,4.52344,0.480469,386,67,80,479,1,0,0,1
25.1068,0.128679,1.03198,-1.56704,-0.0632195,0.475236,-1.54508,0.0319731,0.971243,-1.48134,0.0432363,0.473056,-1.62574,4.74609,-4.44922,6.04688,2.125,3.58594,-0.480469,-3.46094,-4.72266,6.82422,-1.67969,4.52344,0.480469,386,67,80,479,1,0,0,1
25.117,0.128679,1.03198,-1.56704,-0.0632195,0.475236,-1.54508,0.0319731,0.971243,-1.48134,0.0432363,0.473056,-1.62574,4.74609,-4.44922,6.04688,2.125,3.58594,-0.480469,-3.46094,-4.72266,6.82422,-1.67969,4.52344,0.480469,386,67,80,479,1,0,0,1
25.1273,0.128679,1.03198,-1.56704,-0.0632195,0.475236,-1.54508,0.0319731,0.971243,-1.48134,0.0432363,0.473056,-1.62574,4.74609,-4.44922,6.04688,2.125,3.58594,-0.480469,-3.46094,-4.72266,6.82422,-1.67969,4.52344,0.480469,386,67,80,479,1,0,0,1
25.1382,0.115357,1.23363,-1.9684,-0.059344,0.615663,-1.46947,0.0345769,1.19082,-1.89299,0.0540757,0.611303,-1.55635,-0.839844,-2.94141,1.03516,-1.25781,-4.96875,4.26562,-0.394531,-1.82812,0.515625,1.35938,-1.60547,4.52344,62,1155,677,87,0,1,1,0
25.1486,0.115357,1.23363,-1.9684,-0.059344,0.615663,-1.46947,0.0345769,1.19082,-1.89299,0.0540757,0.611303,-1.55635,-0.839844,-2.94141,1.03516,-1.25781,-4.96875,4.26562,-0.394531,-1.82812,0.515625,1.35938,-1.60547,4.52344,62,1155,677,87,0,1,1,0
25.1589,0.115357,1.23363,-1.9684,-0.059344,0.615663,-1.46947,0.0345769,1.19082,-1.89299,0.0540757,0.611303,-1.55635,-0.839844,-2.94141,1.03516,-1.25781,-4.96875,4.26562,-0.394531,-1.82812,0.515625,1.35938,-1.60547,4.52344,62,1155,677,87,0,1,1,0
25.1692,0.115357,1.23363,-1.9684,-0.059344,0.615663,-1.46947,0.0345769,1.19082,-1.89299,0.0540757,0.611303,-1.55635,-0.839844,-2.94141,1.03516,-1.25781,-4.96875,4.26562,-0.394531,-1.82812,0.515625,1.35938,-1.60547,4.52344,62,1155,677,87,0,1,1,0
25.1794,0.0931942,0.979236,-2.23246,-0.0655811,0.790849,-1.52046,-0.00563163,0.954105,-2.19322,0.0739377,0.817675,-1.59764,0.269531,-8.1875,8.94141,-2.86719,4.17969,10.5352,-0.765625,-4.84766,7.64062,4.94531,5.01953,9.60938,75,941,418,95,0,1,1,0
25.1896,0.0931942,0.979236,-2.23246,-0.0655811,0.790849,-1.52046,-0.00563163,0.954105,-2.19322,0.0739377,0.817675,-1.59764,0.269531,-8.1875,8.94141,-2.86719,4.17969,10.5352,-0.765625,-4.84766,7.64062,4.94531,5.01953,9.60938,75,941,418,95,0,1,1,0
25.2001,0.0931942,0.979236,-2.23246,-0.0655811,0.790849,-1.52046,-0.00563163,0.954105,-2.19322,0.0739377,0.817675,-1.59764,0.269531,-8.1875,8.94141,-2.86719,4.17969,10.5352,-0.765625,-4.84766,7.64062,4.94531,5.01953,9.60938,75,941,418,95,0,1,1,0
25.2104,0.0931942,0.979236,-2.23246,-0.0655811,0.790849,-1.52046,-0.00563163,0.954105,-2.19322,0.0739377,0.817675,-1.59764,0.269531,-8.1875,8.94141,-2.86719,4.17969,10.5352,-0.765625,-4.84766,7.64062,4.94531,5.01953,9.60938,75,941,418,95,0,1,1,0
25.2209,0.06328,0.492555,-1.74039,-0.077026,0.91202,-1.50742,-0.0472329,0.497399,-1.73345,0.0695778,0.939572,-1.57488,-2.34766,8.23438,-5.60156,-2.76953,-4.42578,5.45312,1.03516,7.12109,-4.375,3.98047,-3.83203,9.125,70,567,397,89,0,1,1,0
25.2311,0.06328,0.492555,-1.74039,-0.077026,0.91202,-1.50742,-0.0472329,0.497399,-1.73345,0.0695778,0.939572,-1.57488,-2.34766,8.23438,-5.60156,-2.76953,-4.42578,5.45312,1.03516,7.12109,-4.375,3.98047,-3.83203,9.125,70,567,397,89,0,1,1,0
25.2414,0.06328,0.492555,-1.74039,-0.077026,0.91202,-1.50742,-0.0472329,0.497399,-1.73345,0.0695778,0.939572,-1.57488,-2.34766,8.23438,-5.60156,-2.76953,-4.42578,5.45312,1.03516,7.12109,-4.375,3.98047,-3.83203,9.125,70,567,397,89,0,1,1,0
25.2516,0.06328,0.492555,-1.74039,-0.077026,0.91202,-1.50742,-0.0472329,0.497399,-1.73345,0.0695778,0.939572,-1.57488,-2.34766,8.23438,-5.60156,-2.76953,-4.42578,5.45312,1.03516,7.12109,-4.375,3.98047,-3.83203,9.125,70,567,397,89,0,1,1,0
25.2618,0.0747855,0.558378,-1.54371,-0.0526223,1.08418,-1.57815,-0.0630378,0.564555,-1.54254,0.0749672,1.12081,-1.64944,0.589844,1.73047,4.15234,-0.21875,-1.50781,-11.0195,-0.195312,5.07031,5.85938,-1.53125,-3.01562,-8.16016,139,256,217,96,0,1,1,0
25.2728,0.0747855,0.558378,-1.54371,-0.0526223,1.08418,-1.57815,-0.0630378,0.564555,-1.54254,0.0749672,1.12081,-1.64944,0.589844,1.73047,4.15234,-0.21875,-1.50781,-11.0195,-0.195312,5.07031,5.85938,-1.53125,-3.01562,-8.16016,139,256,217,96,0,1,1,0
25.2831,0.0747855,0.558378,-1.54371,-0.0526223,1.08418,-1.57815,-0.0630378,0.564555,-1.54254,0.0749672,1.12081,-1.64944,0.589844,1.73047,4.15234,-0.21875,-1.50781,-11.0195,-0.195312,5.07031,5.85938,-1.53125,-3.01562,-8.16016,139,256,217,96,0,1,1,0
25.2939,0.0750277,0.776437,-1.57903,-0.0651572,1.14946,-2.14042,-0.0540151,0.727448,-1.55974,0.085201,1.16847,-2.19585,2.07422,6.18359,13.5781,-1.73047,-12.0703,7.45703,-3.4375,4.30078,6.86328,2.74219,-13.4805,8.38281,855,58,89,305,1,0,0,1
25.3046,0.0750277,0.776437,-1.57903,-0.0651572,1.14946,-2.14042,-0.0540151,0.727448,-1.55974,0.085201,1.16847,-2.19585,2.07422,6.18359,13.5781,-1.73047,-12.0703,7.45703,-3.4375,4.30078,6.86328,2.74219,-13.4805,8.38281,855,58,89,305,1,0,0,1
25.3148,0.0750277,0.776437,-1.57903,-0.0651572,1.14946,-2.14042,-0.0540151,0.727448,-1.55974,0.085201,1.16847,-2.19585,2.07422,6.18359,13.5781,-1.73047,-12.0703,7.45703,-3.4375,4.30078,6.86328,2.74219,-13.4805,8.38281,855,58,89,305,1,0,0,1
25.3312,0.0750277,0.776437,-1.57903,-0.0651572,1.14946,-2.14042,-0.0540151,0.727448,-1.55974,0.085201,1.16847,-2.19585,2.07422,6.18359,13.5781,-1.73047,-12.0703,7.45703,-3.4375,4.30078,6.86328,2.74219,-13.4805,8.38281,855,58,89,305,1,0,0,1
25.3495,0.0882287,0.912565,-1.59861,-0.0397847,0.590048,-1.91657,-0.037968,0.885678,-1.57601,0.0765416,0.609971,-1.9745,2.39844,-1.87891,7.38281,2.42188,6.08203,2.92969,-5.46484,-0.0976562,8.01172,-1.0625,7.44531,2.89062,729,66,88,448,1,0,0,1
25.3597,0.0882287,0.912565,-1.59861,-0.0397847,0.590048,-1.91657,-0.037968,0.885678,-1.57601,0.0765416,0.609971,-1.9745,2.39844,-1.87891,7.38281,2.42188,6.08203,2.92969,-5.46484,-0.0976562,8.01172,-1.0625,7.44531,2.89062,729,66,88,448,1,0,0,1
25.3704,0.085746,1.0714,-1.57112,-0.0250092,0.475297,-1.6207,-0.0452346,1.03803,-1.55586,0.0749672,0.442173,-1.56951,6.82422,-5.19141,6.89844,2.10156,1.92578,4.30078,-2.59375,-3.06641,9.3125,-0.640625,3.66016,0.664062,597,668,142,771,1,1,0,1
25.3827,0.085746,1.0714,-1.57112,-0.0250092,0.475297,-1.6207,-0.0452346,1.03803,-1.55586,0.0749672,0.442173,-1.56951,6.82422,-5.19141,6.89844,2.10156,1.92578,4.30078,-2.59375,-3.06641,9.3125,-0.640625,3.66016,0.664062,597,668,142,771,1,1,0,1
25.3929,0.085746,1.0714,-1.57112,-0.0250092,0.475297,-1.6207,-0.0452346,1.03803,-1.55586,0.0749672,0.442173,-1.56951,6.82422,-5.19141,6.89844,2.10156,1.92578,4.30078,-2.59375,-3.06641,9.3125,-0.640625,3.66016,0.664062,597,668,142,771,1,1,0,1
25.403,0.085746,1.0714,-1.57112,-0.0250092,0.475297,-1.6207,-0.0452346,1.03803,-1.55586,0.0749672,0.442173,-1.56951,6.82422,-5.19141,6.89844,2.10156,1.92578,4.30078,-2.59375,-3.06641,9.3125,-0.640625,3.66016,0.664062,597,668,142,771,1,1,0,1
25.4137,0.0661867,1.26403,-1.96469,-0.0261598,0.66544,-1.64883,-0.0551051,1.24035,-1.95468,0.0748461,0.64261,-1.59615,-1.53125,-1.55469,-0.21875,-1.55469,2.86719,10.4609,0.886719,-1.16016,0.21875,0.886719,3.53516,13.7266,25,903,921,53,0,1,1,0
25.4244,0.0661867,1.26403,-1.96469,-0.0261598,0.66544,-1.64883,-0.0551051,1.24035,-1.95468,0.0748461,0.64261,-1.59615,-1.53125,-1.55469,-0.21875,-1.55469,2.86719,10.4609,0.886719,-1.16016,0.21875,0.886719,3.53516,13.7266,25,903,921,53,0,1,1,0
25.4346,0.0661867,1.26403,-1.96469,-0.0261598,0.66544,-1.64883,-0.0551051,1.24035,-1.95468,0.0748461,0.64261,-1.59615,-1.53125,-1.55469,-0.21875,-1.55469,2.86719,10.4609,0.886719,-1.16016,0.21875,0.886719,3.53516,13.7266,25,903,921,53,0,1,1,0
25.4456,0.0661867,1.26403,-1.96469,-0.0261598,0.66544,-1.64883,-0.0551051,1.24035,-1.95468,0.0748461,0.64261,-1.59615,-1.53125,-1.55469,-0.21875,-1.55469,2.86719,10.4609,0.886719,-1.16016,0.21875,0.886719,3.53516,13.7266,25,903,921,53,0,1,1,0
25.4603,0.0647334,1.02247,-2.26698,-0.0373625,0.851465,-1.67092,-0.0568612,0.989409,-2.25119,0.0995525,0.825608,-1.63854,1.43359,-6.75,8.82812,-4.84766,3.4375,9.49609,-0.0234375,-4.94531,8.90234,3.78125,6.75,10.6094,51,846,573,78,0,1,1,0
25.4704,0.0647334,1.02247,-2.26698,-0.0373625,0.851465,-1.67092,-0.0568612,0.989409,-2.25119,0.0995525,0.825608,-1.63854,1.43359,-6.75,8.82812,-4.84766,3.4375,9.49609,-0.0234375,-4.94531,8.90234,3.78125,6.75,10.6094,51,846,573,78,0,1,1,0
25.4812,0.0647334,1.02247,-2.26698,-0.0373625,0.851465,-1.67092,-0.0568612,0.989409,-2.25119,0.0995525,0.825608,-1.63854,1.43359,-6.75,8.82812,-4.84766,3.4375,9.49609,-0.0234375,-4.94531,8.90234,3.78125,6.75,10.6094,51,846,573,78,0,1,1,0
25.4918,0.0647334,1.02247,-2.26698,-0.0373625,0.851465,-1.67092,-0.0568612,0.989409,-2.25119,0.0995525,0.825608,-1.63854,1.43359,-6.75,8.82812,-4.84766,3.4375,9.49609,-0.0234375,-4.94531,8.90234,3.78125,6.75,10.6094,51,846,573,78,0,1,1,0
25.5021,0.0766627,0.544148,-1.78056,-0.0479596,0.986381,-1.6429,-0.0232531,0.525678,-1.73418,0.0872598,0.957678,-1.62659,-2.25,7.91406,-6.12109,-3.75781,-3.83203,5.30469,0.515625,7.12109,-5.41406,4.47656,-4.40234,11.6484,53,545,705,77,0,1,1,0
25.5124,0.0766627,0.544148,-1.78056,-0.0479596,0.986381,-1.6429,-0.0232531,0.525678,-1.73418,0.0872598,0.957678,-1.62659,-2.25,7.91406,-6.12109,-3.75781,-3.83203,5.30469,0.515625,7.12109,-5.41406,4.47656,-4.40234,11.6484,53,545,705,77,0,1,1,0
25.5227,0.0766627,0.544148,-1.78056,-0.0479596,0.986381,-1.6429,-0.0232531,0.525678,-1.73418,0.0872598,0.957678,-1.62659,-2.25,7.91406,-6.12109,-3.75781,-3.83203,5.30469,0.515625,7.12109,-5.41406,4.47656,-4.40234,11.6484,53,545,705,77,0,1,1,0
25.5329,0.0809016,0.634678,-1.63265,-0.0369991,1.1546,-1.72057,-0.0265231,0.639583,-1.65174,0.0801749,1.13795,-1.7259,2.49609,1.92578,6.97266,1.53125,0.195312,-9.68359,-1.90234,5.71094,12.6875,-1.45703,-0.246094,-9.46094,513,179,105,223,1,0,0,1
25.5435,0.0809016,0.634678,-1.63265,-0.0369991,1.1546,-1.72057,-0.0265231,0.639583,-1.65174,0.0801749,1.13795,-1.7259,2.49609,1.92578,6.97266,1.53125,0.195312,-9.68359,-1.90234,5.71094,12.6875,-1.45703,-0.246094,-9.46094,513,179,105,223,1,0,0,1
25.5566,0.0809016,0.634678,-1.63265,-0.0369991,1.1546,-1.72057,-0.0265231,0.639583,-1.65174,0.0801749,1.13795,-1.7259,2.49609,1.92578,6.97266,1.53125,0.195312,-9.68359,-1.90234,5.71094,12.6875,-1.45703,-0.246094,-9.46094,513,179,105,223,1,0,0,1
25.5668,0.0809016,0.634678,-1.63265,-0.0369991,1.1546,-1.72057,-0.0265231,0.639583,-1.65174,0.0801749,1.13795,-1.7259,2.49609,1.92578,6.97266,1.53125,0.195312,-9.68359,-1.90234,5.71094,12.6875,-1.45703,-0.246094,-9.46094,513,179,105,223,1,0,0,1
25.5773,0.0838688,0.838445,-1.67624,-0.0534096,1.21031,-2.23416,-0.0320336,0.815556,-1.66203,0.0988864,1.18034,-2.23614,5.21875,6.94922,12.9492,-2.37109,-6.57812,7.19531,-4.52344,5.88672,11.5391,1.97656,-5.61328,8.60547,781,65,66,704,1,0,0,1
25.5876,0.0838688,0.838445,-1.67624,-0.0534096,1.21031,-2.23416,-0.0320336,0.815556,-1.66203,0.0988864,1.18034,-2.23614,5.21875,6.94922,12.9492,-2.37109,-6.57812,7.19531,-4.52344,5.88672,11.5391,1.97656,-5.61328,8.60547,781,65,66,704,1,0,0,1
25.5978,0.0838688,0.838445,-1.67624,-0.0534096,1.21031,-2.23416,-0.0320336,0.815556,-1.66203,0.0988864,1.18034,-2.23614,5.21875,6.94922,12.9492,-2.37109,-6.57812,7.19531,-4.52344,5.88672,11.5391,1.97656,-5.61328,8.60547,781,65,66,704,1,0,0,1
25.6081,0.0838688,0.838445,-1.67624,-0.0534096,1.21031,-2.23416,-0.0320336,0.815556,-1.66203,0.0988864,1.18034,-2.23614,5.21875,6.94922,12.9492,-2.37109,-6.57812,7.19531,-4.52344,5.88672,11.5391,1.97656,-5.61328,8.60547,781,65,66,704,1,0,0,1
25.6183,0.0914987,0.968881,-1.6691,-0.0454163,0.677732,-1.99957,-0.0265231,0.941268,-1.63717,0.071455,0.675552,-1.9946,3.36328,-0.367188,7.75391,2.49609,6.75,3.26172,-5.6875,-0.0976562,9.05078,-1.25781,6.85156,1.89062,518,71,71,532,1,0,0,1
25.6305,0.0914987,0.968881,-1.6691,-0.0454163,0.677732,-1.99957,-0.0265231,0.941268,-1.63717,0.071455,0.675552,-1.9946,3.36328,-0.367188,7.75391,2.49609,6.75,3.26172,-5.6875,-0.0976562,9.05078,-1.25781,6.85156,1.89062,518,71,71,532,1,0,0,1
25.6417,0.0914987,0.968881,-1.6691,-0.0454163,0.677732,-1.99957,-0.0265231,0.941268,-1.63717,0.071455,0.675552,-1.9946,3.36328,-0.367188,7.75391,2.49609,6.75,3.26172,-5.6875,-0.0976562,9.05078,-1.25781,6.85156,1.89062,518,71,71,532,1,0,0,1
25.6518,0.0914987,0.968881,-1.6691,-0.0454163,0.677732,-1.99957,-0.0265231,0.941268,-1.63717,0.071455,0.675552,-1.9946,3.36328,-0.367188,7.75391,2.49609,6.75,3.26172,-5.6875,-0.0976562,9.05078,-1.25781,6.85156,1.89062,518,71,71,532,1,0,0,1
25.6621,0.0781766,1.10767,-1.60875,-0.0328208,0.584901,-1.6846,-0.0266442,1.06807,-1.57088,0.0644911,0.552686,-1.63442,5.46484,-2.37109,8.67969,0.367188,0.0976562,4.41406,-1.95312,-3.78125,9.01562,-0.0976562,1.58203,2.44531,561,665,229,813,1,1,1,1
25.6751,0.0781766,1.10767,-1.60875,-0.0328208,0.584901,-1.6846,-0.0266442,1.06807,-1.57088,0.0644911,0.552686,-1.63442,5.46484,-2.37109,8.67969,0.367188,0.0976562,4.41406,-1.95312,-3.78125,9.01562,-0.0976562,1.58203,2.44531,561,665,229,813,1,1,1,1
25.6853,0.0781766,1.10767,-1.60875,-0.0328208,0.584901,-1.6846,-0.0266442,1.06807,-1.57088,0.0644911,0.552686,-1.63442,5.46484,-2.37109,8.67969,0.367188,0.0976562,4.41406,-1.95312,-3.78125,9.01562,-0.0976562,1.58203,2.44531,561,665,229,813,1,1,1,1
25.6955,0.0701833,1.29697,-2.0095,-0.040148,0.771593,-1.67637,-0.0357275,1.26421,-1.96485,0.0663683,0.747249,-1.6326,-1.18359,-2.71875,0.332031,-2.44531,3.28906,12.6875,0.441406,-2.02734,-2.81641,3.11328,3.41016,15.1016,38,900,1023,49,0,1,1,0
25.7063,0.0701833,1.29697,-2.0095,-0.040148,0.771593,-1.67637,-0.0357275,1.26421,-1.96485,0.0663683,0.747249,-1.6326,-1.18359,-2.71875,0.332031,-2.44531,3.28906,12.6875,0.441406,-2.02734,-2.81641,3.11328,3.41016,15.1016,38,900,1023,49,0,1,1,0
25.7191,0.0701833,1.29697,-2.0095,-0.040148,0.771593,-1.67637,-0.0357275,1.26421,-1.96485,0.0663683,0.747249,-1.6326,-1.18359,-2.71875,0.332031,-2.44531,3.28906,12.6875,0.441406,-2.02734,-2.81641,3.11328,3.41016,15.1016,38,900,1023,49,0,1,1,0
25.7301,0.0701833,1.29697,-2.0095,-0.040148,0.771593,-1.67637,-0.0357275,1.26421,-1.96485,0.0663683,0.747249,-1.6326,-1.18359,-2.71875,0.332031,-2.44531,3.28906,12.6875,0.441406,-2.02734,-2.81641,3.11328,3.41016,15.1016,38,900,1023,49,0,1,1,0
25.7406,0.0572851,1.0321,-2.30202,-0.0451135,0.946173,-1.65662,-0.057164,1.00715,-2.28232,0.0912565,0.925524,-1.64201,0.914062,-8.80469,8.86719,-4.87109,4.32812,11.6484,-0.417969,-5.63672,8.49609,3.58594,5.66406,11.2422,60,651,515,75,0,1,1,0
25.7508,0.0572851,1.0321,-2.30202,-0.0451135,0.946173,-1.65662,-0.057164,1.00715,-2.28232,0.0912565,0.925524,-1.64201,0.914062,-8.80469,8.86719,-4.87109,4.32812,11.6484,-0.417969,-5.63672,8.49609,3.58594,5.66406,11.2422,60,651,515,75,0,1,1,0
25.7614,0.0572851,1.0321,-2.30202,-0.0451135,0.946173,-1.65662,-0.057164,1.00715,-2.28232,0.0912565,0.925524,-1.64201,0.914062,-8.80469,8.86719,-4.87109,4.32812,11.6484,-0.417969,-5.63672,8.49609,3.58594,5.66406,11.2422,60,651,515,75,0,1,1,0
25.7718,0.0572851,1.0321,-2.30202,-0.0451135,0.946173,-1.65662,-0.057164,1.00715,-2.28232,0.0912565,0.925524,-1.64201,0.914062,-8.80469,8.86719,-4.87109,4.32812,11.6484,-0.417969,-5.63672,8.49609,3.58594,5.66406,11.2422,60,651,515,75,0,1,1,0
25.7821,0.0495946,0.527798,-1.80535,-0.0469302,1.05257,-1.57148,-0.0575273,0.520713,-1.77757,0.0845954,1.04536,-1.57007,-2.29688,8.85547,-5.85938,-3.55859,-4.375,6.08203,0.863281,7.44531,-5.82422,4.44922,-6.18359,9.46094,59,533,688,75,0,1,1,0
25.7925,0.0495946,0.527798,-1.80535,-0.0469302,1.05257,-1.57148,-0.0575273,0.520713,-1.77757,0.0845954,1.04536,-1.57007,-2.29688,8.85547,-5.85938,-3.55859,-4.375,6.08203,0.863281,7.44531,-5.82422,4.44922,-6.18359,9.46094,59,533,688,75,0,1,1,0
25.8029,0.0495946,0.527798,-1.80535,-0.0469302,1.05257,-1.57148,-0.0575273,0.520713,-1.77757,0.0845954,1.04536,-1.57007,-2.29688,8.85547,-5.85938,-3.55859,-4.375,6.08203,0.863281,7.44531,-5.82422,4.44922,-6.18359,9.46094,59,533,688,75,0,1,1,0
25.8132,0.06219,0.610637,-1.61734,-0.0245854,1.20595,-1.59659,-0.0684272,0.611364,-1.61262,0.0880471,1.21401,-1.60923,0.640625,3.48438,5.52734,1.25781,0.0234375,-11.6484,-1.30859,3.58594,11.8359,-2.25,0.046875,-12.4648,260,205,96,300,1,1,0,1
25.8237,0.06219,0.610637,-1.61734,-0.0245854,1.20595,-1.59659,-0.0684272,0.611364,-1.61262,0.0880471,1.21401,-1.60923,0.640625,3.48438,5.52734,1.25781,0.0234375,-11.6484,-1.30859,3.58594,11.8359,-2.25,0.046875,-12.4648,260,205,96,300,1,1,0,1
25.8454,0.06219,0.610637,-1.61734,-0.0245854,1.20595,-1.59659,-0.0684272,0.611364,-1.61262,0.0880471,1.21401,-1.60923,0.640625,3.48438,5.52734,1.25781,0.0234375,-11.6484,-1.30859,3.58594,11.8359,-2.25,0.046875,-12.4648,260,205,96,300,1,1,0,1
25.8559,0.070365,0.83239,-1.64972,-0.0475357,1.30823,-2.16666,-0.0782371,0.818583,-1.63692,0.0965853,1.30042,-2.18693,4.10547,6.13281,13.0977,-2.74219,-9.91797,4.00391,-3.58594,5.04297,12.4297,1.35938,-10.2148,5.33984,909,64,62,840,1,0,0,1
25.8673,0.070365,0.83239,-1.64972,-0.0475357,1.30823,-2.16666,-0.0782371,0.818583,-1.63692,0.0965853,1.30042,-2.18693,4.10547,6.13281,13.0977,-2.74219,-9.91797,4.00391,-3.58594,5.04297,12.4297,1.35938,-10.2148,5.33984,909,64,62,840,1,0,0,1
25.8776,0.070365,0.83239,-1.64972,-0.0475357,1.30823,-2.16666,-0.0782371,0.818583,-1.63692,0.0965853,1.30042,-2.18693,4.10547,6.13281,13.0977,-2.74219,-9.91797,4.00391,-3.58594,5.04297,12.4297,1.35938,-10.2148,5.33984,909,64,62,840,1,0,0,1
25.8878,0.070365,0.83239,-1.64972,-0.0475357,1.30823,-2.16666,-0.0782371,0.818583,-1.63692,0.0965853,1.30042,-2.18693,4.10547,6.13281,13.0977,-2.74219,-9.91797,4.00391,-3.58594,5.04297,12.4297,1.35938,-10.2148,5.33984,909,64,62,840,1,0,0,1
25.898,0.0757544,0.970031,-1.63051,-0.0629167,0.677793,-2.05084,-0.0719394,0.952228,-1.60128,0.0396636,0.677974,-2.04054,2.81641,-1.16016,8.42188,2.22266,7.19531,4.63672,-4.40234,-1.40625,6.37891,-1.60547,5.83594,3.78125,554,73,74,343,1,0,0,1
25.9082,0.0757544,0.970031,-1.63051,-0.0629167,0.677793,-2.05084,-0.0719394,0.952228,-1.60128,0.0396636,0.677974,-2.04054,2.81641,-1.16016,8.42188,2.22266,7.19531,4.63672,-4.40234,-1.40625,6.37891,-1.60547,5.83594,3.78125,554,73,74,343,1,0,0,1
25.9186,0.0757544,0.970031,-1.63051,-0.0629167,0.677793,-2.05084,-0.0719394,0.952228,-1.60128,0.0396636,0.677974,-2.04054,2.81641,-1.16016,8.42188,2.22266,7.19531,4.63672,-4.40234,-1.40625,6.37891,-1.60547,5.83594,3.78125,554,73,74,343,1,0,0,1
25.9289,0.0757544,0.970031,-1.63051,-0.0629167,0.677793,-2.05084,-0.0719394,0.952228,-1.60128,0.0396636,0.677974,-2.04054,2.81641,-1.16016,8.42188,2.22266,7.19531,4.63672,-4.40234,-1.40625,6.37891,-1.60547,5.83594,3.78125,554,73,74,343,1,0,0,1
25.9401,0.0758755,1.0972,-1.55477,-0.0696989,0.455435,-1.60245,-0.0661867,1.06565,-1.51832,0.0277342,0.423946,-1.5947,4.00391,-5.44141,6.60156,1.87891,2.34766,1.18359,-3.75781,-5.14453,6.15625,-0.8125,7.12109,1.03516,589,313,67,733,1,1,0,1
25.9502,0.0758755,1.0972,-1.55477,-0.0696989,0.455435,-1.60245,-0.0661867,1.06565,-1.51832,0.0277342,0.423946,-1.5947,4.00391,-5.44141,6.60156,1.87891,2.34766,1.18359,-3.75781,-5.14453,6.15625,-0.8125,7.12109,1.03516,589,313,67,733,1,1,0,1
25.9604,0.0758755,1.0972,-1.55477,-0.0696989,0.455435,-1.60245,-0.0661867,1.06565,-1.51832,0.0277342,0.423946,-1.5947,4.00391,-5.44141,6.60156,1.87891,2.34766,1.18359,-3.75781,-5.14453,6.15625,-0.8125,7.12109,1.03516,589,313,67,733,1,1,0,1
25.9709,0.0758755,1.0972,-1.55477,-0.0696989,0.455435,-1.60245,-0.0661867,1.06565,-1.51832,0.0277342,0.423946,-1.5947,4.00391,-5.44141,6.60156,1.87891,2.34766,1.18359,-3.75781,-5.14453,6.15625,-0.8125,7.12109,1.03516,589,313,67,733,1,1,0,1
25.9814,0.0723633,1.29685,-1.95561,-0.0836265,0.652905,-1.62954,-0.0727872,1.26784,-1.89937,0.0403902,0.61421,-1.58408,-1.60547,-1.53125,-3.11328,-3.63281,0.171875,14.0977,0.9375,-2.02734,-4.71094,3.70703,0.988281,12.4648,33,1122,927,54,0,1,1,0
25.9921,0.0723633,1.29685,-1.95561,-0.0836265,0.652905,-1.62954,-0.0727872,1.26784,-1.89937,0.0403902,0.61421,-1.58408,-1.60547,-1.53125,-3.11328,-3.63281,0.171875,14.0977,0.9375,-2.02734,-4.71094,3.70703,0.988281,12.4648,33,1122,927,54,0,1,1,0
26.0023,0.0723633,1.29685,-1.95561,-0.0836265,0.652905,-1.62954,-0.0727872,1.26784,-1.89937,0.0403902,0.61421,-1.58408,-1.60547,-1.53125,-3.11328,-3.63281,0.171875,14.0977,0.9375,-2.02734,-4.71094,3.70703,0.988281,12.4648,33,1122,927,54,0,1,1,0
26.0124,0.0516535,1.01714,-2.29738,-0.0901665,0.834267,-1.64984,-0.0845349,0.995041,-2.25874,0.0503213,0.799751,-1.60778,0,-11.1797,9.05078,-3.16406,0.566406,12.6523,-0.640625,-7.51953,8.49609,4.625,4.96875,9.16406,56,976,479,77,0,1,1,0
26.023,0.0516535,1.01714,-2.29738,-0.0901665,0.834267,-1.64984,-0.0845349,0.995041,-2.25874,0.0503213,0.799751,-1.60778,0,-11.1797,9.05078,-3.16406,0.566406,12.6523,-0.640625,-7.51953,8.49609,4.625,4.96875,9.16406,56,976,479,77,0,1,1,0
26.0337,0.0516535,1.01714,-2.29738,-0.0901665,0.834267,-1.64984,-0.0845349,0.995041,-2.25874,0.0503213,0.799751,-1.60778,0,-11.1797,9.05078,-3.16406,0.566406,12.6523,-0.640625,-7.51953,8.49609,4.625,4.96875,9.16406,56,976,479,77,0,1,1,0
26.0451,0.0516535,1.01714,-2.29738,-0.0901665,0.834267,-1.64984,-0.0845349,0.995041,-2.25874,0.0503213,0.799751,-1.60778,0,-11.1797,9.05078,-3.16406,0.566406,12.6523,-0.640625,-7.51953,8.49609,4.625,4.96875,9.16406,56,976,479,77,0,1,1,0
26.0554,0.0193776,0.427155,-1.76397,-0.0955559,0.93933,-1.59801,-0.086957,0.395546,-1.7414,0.050079,0.897426,-1.5557,-2.37109,9.17578,-4.63672,-2.125,-8.38281,5.26562,0.515625,7.22266,-4.96875,4.5,-6.875,5.30469,59,821,554,78,0,1,1,0
26.0656,0.0193776,0.427155,-1.76397,-0.0955559,0.93933,-1.59801,-0.086957,0.395546,-1.7414,0.050079,0.897426,-1.5557,-2.37109,9.17578,-4.63672,-2.125,-8.38281,5.26562,0.515625,7.22266,-4.96875,4.5,-6.875,5.30469,59,821,554,78,0,1,1,0
26.0758,0.0193776,0.427155,-1.76397,-0.0955559,0.93933,-1.59801,-0.086957,0.395546,-1.7414,0.050079,0.897426,-1.5557,-2.37109,9.17578,-4.63672,-2.125,-8.38281,5.26562,0.515625,7.22266,-4.96875,4.5,-6.875,5.30469,59,821,554,78,0,1,1,0
26.0861,0.0193776,0.427155,-1.76397,-0.0955559,0.93933,-1.59801,-0.086957,0.395546,-1.7414,0.050079,0.897426,-1.5557,-2.37109,9.17578,-4.63672,-2.125,-8.38281,5.26562,0.515625,7.22266,-4.96875,4.5,-6.875,5.30469,59,821,554,78,0,1,1,0
26.0965,0.0168949,0.459795,-1.5802,-0.0752094,1.09429,-1.65392,-0.0882893,0.441083,-1.54625,0.0540151,1.05348,-1.61367,0.0234375,-3.1875,4.67188,-0.246094,-2.27344,-9.86719,1.73047,2.19922,4.00391,-2.94141,-3.51172,-10.9453,681,253,104,90,1,1,0,0
26.1067,0.0168949,0.459795,-1.5802,-0.0752094,1.09429,-1.65392,-0.0882893,0.441083,-1.54625,0.0540151,1.05348,-1.61367,0.0234375,-3.1875,4.67188,-0.246094,-2.27344,-9.86719,1.73047,2.19922,4.00391,-2.94141,-3.51172,-10.9453,681,253,104,90,1,1,0,0
26.117,0.0168949,0.459795,-1.5802,-0.0752094,1.09429,-1.65392,-0.0882893,0.441083,-1.54625,0.0540151,1.05348,-1.61367,0.0234375,-3.1875,4.67188,-0.246094,-2.27344,-9.86719,1.73047,2.19922,4.00391,-2.94141,-3.51172,-10.9453,681,253,104,90,1,1,0,0
26.1279,0.0168949,0.459795,-1.5802,-0.0752094,1.09429,-1.65392,-0.0882893,0.441083,-1.54625,0.0540151,1.05348,-1.61367,0.0234375,-3.1875,4.67188,-0.246094,-2.27344,-9.86719,1.73047,2.19922,4.00391,-2.94141,-3.51172,-10.9453,681,253,104,90,1,1,0,0
26.138,0.020952,0.647576,-1.63184,-0.107606,1.15418,-2.1933,-0.0825971,0.565221,-1.54476,0.0543179,1.1041,-2.16129,3.83203,-0.0703125,15.582,-2.54688,-8.03906,5.89844,-6.18359,7.02344,6.64062,0.0234375,-8.55859,6.37891,1261,57,69,108,1,0,0,0
26.1482,0.020952,0.647576,-1.63184,-0.107606,1.15418,-2.1933,-0.0825971,0.565221,-1.54476,0.0543179,1.1041,-2.16129,3.83203,-0.0703125,15.582,-2.54688,-8.03906,5.89844,-6.18359,7.02344,6.64062,0.0234375,-8.55859,6.37891,1261,57,69,108,1,0,0,0
26.1585,0.020952,0.647576,-1.63184,-0.107606,1.15418,-2.1933,-0.0825971,0.565221,-1.54476,0.0543179,1.1041,-2.16129,3.83203,-0.0703125,15.582,-2.54688,-8.03906,5.89844,-6.18359,7.02344,6.64062,0.0234375,-8.55859,6.37891,1261,57,69,108,1,0,0,0
26.1687,0.020952,0.647576,-1.63184,-0.107606,1.15418,-2.1933,-0.0825971,0.565221,-1.54476,0.0543179,1.1041,-2.16129,3.83203,-0.0703125,15.582,-2.54688,-8.03906,5.89844,-6.18359,7.02344,6.64062,0.0234375,-8.55859,6.37891,1261,57,69,108,1,0,0,0
26.1804,0.0525012,0.769897,-1.63454,-0.112511,0.611243,-2.00316,-0.0738166,0.669497,-1.53479,0.00193776,0.592834,-1.94341,2.47266,-4.67188,8.94141,2.47266,5.53906,3.44922,-6.65234,-1.92578,5.52734,-0.441406,7.22266,2.89062,942,64,76,416,1,0,0,1
26.1908,0.0525012,0.769897,-1.63454,-0.112511,0.611243,-2.00316,-0.0738166,0.669497,-1.53479,0.00193776,0.592834,-1.94341,2.47266,-4.67188,8.94141,2.47266,5.53906,3.44922,-6.65234,-1.92578,5.52734,-0.441406,7.22266,2.89062,942,64,76,416,1,0,0,1
26.2018,0.0525012,0.769897,-1.63454,-0.112511,0.611243,-2.00316,-0.0738166,0.669497,-1.53479,0.00193776,0.592834,-1.94341,2.47266,-4.67188,8.94141,2.47266,5.53906,3.44922,-6.65234,-1.92578,5.52734,-0.441406,7.22266,2.89062,942,64,76,416,1,0,0,1
26.212,0.0491102,0.884286,-1.61303,-0.0996131,0.405477,-1.56466,-0.0740588,0.773833,-1.51214,-0.000908326,0.369144,-1.52393,4.40234,-6.55469,7.34375,0.914062,1.30859,2.89062,-3.51172,-4.375,4.26562,-0.914062,3.98047,2.1875,816,292,72,628,1,1,0,1
26.2226,0.0491102,0.884286,-1.61303,-0.0996131,0.405477,-1.56466,-0.0740588,0.773833,-1.51214,-0.000908326,0.369144,-1.52393,4.40234,-6.55469,7.34375,0.914062,1.30859,2.89062,-3.51172,-4.375,4.26562,-0.914062,3.98047,2.1875,816,292,72,628,1,1,0,1
26.2336,0.0491102,0.884286,-1.61303,-0.0996131,0.405477,-1.56466,-0.0740588,0.773833,-1.51214,-0.000908326,0.369144,-1.52393,4.40234,-6.55469,7.34375,0.914062,1.30859,2.89062,-3.51172,-4.375,4.26562,-0.914062,3.98047,2.1875,816,292,72,628,1,1,0,1
26.244,0.0491102,0.884286,-1.61303,-0.0996131,0.405477,-1.56466,-0.0740588,0.773833,-1.51214,-0.000908326,0.369144,-1.52393,4.40234,-6.55469,7.34375,0.914062,1.30859,2.89062,-3.51172,-4.375,4.26562,-0.914062,3.98047,2.1875,816,292,72,628,1,1,0,1
26.2543,0.0356064,1.04258,-1.90987,-0.108999,0.50509,-1.54121,-0.0753305,0.936,-1.82957,0.00411774,0.443445,-1.43943,-2.14844,0.367188,0.183594,-0.714844,-4.10547,9.83203,0.195312,-0.0234375,0.144531,1.30859,-4.47656,5.45312,16,1110,1091,64,0,1,1,0
26.2647,0.0356064,1.04258,-1.90987,-0.108999,0.50509,-1.54121,-0.0753305,0.936,-1.82957,0.00411774,0.443445,-1.43943,-2.14844,0.367188,0.183594,-0.714844,-4.10547,9.83203,0.195312,-0.0234375,0.144531,1.30859,-4.47656,5.45312,16,1110,1091,64,0,1,1,0
26.275,0.0356064,1.04258,-1.90987,-0.108999,0.50509,-1.54121,-0.0753305,0.936,-1.82957,0.00411774,0.443445,-1.43943,-2.14844,0.367188,0.183594,-0.714844,-4.10547,9.83203,0.195312,-0.0234375,0.144531,1.30859,-4.47656,5.45312,16,1110,1091,64,0,1,1,0
26.2852,0.0356064,1.04258,-1.90987,-0.108999,0.50509,-1.54121,-0.0753305,0.936,-1.82957,0.00411774,0.443445,-1.43943,-2.14844,0.367188,0.183594,-0.714844,-4.10547,9.83203,0.195312,-0.0234375,0.144531,1.30859,-4.47656,5.45312,16,1110,1091,64,0,1,1,0
26.2954,0.0442657,0.974513,-2.18471,-0.110876,0.606822,-1.56628,-0.0905904,0.892703,-2.12278,0.0036333,0.528646,-1.46648,0.171875,-4.375,7.41797,-2.79297,-2.42188,8.94141,-0.246094,-2.66797,7.19531,3.73438,-0.367188,5.45312,49,1111,626,82,0,1,1,0
26.3067,0.0442657,0.974513,-2.18471,-0.110876,0.606822,-1.56628,-0.0905904,0.892703,-2.12278,0.0036333,0.528646,-1.46648,0.171875,-4.375,7.41797,-2.79297,-2.42188,8.94141,-0.246094,-2.66797,7.19531,3.73438,-0.367188,5.45312,49,1111,626,82,0,1,1,0
26.317,0.0442657,0.974513,-2.18471,-0.110876,0.606822,-1.56628,-0.0905904,0.892703,-2.12278,0.0036333,0.528646,-1.46648,0.171875,-4.375,7.41797,-2.79297,-2.42188,8.94141,-0.246094,-2.66797,7.19531,3.73438,-0.367188,5.45312,49,1111,626,82,0,1,1,0
26.3305,0.0442657,0.974513,-2.18471,-0.110876,0.606822,-1.56628,-0.0905904,0.892703,-2.12278,0.0036333,0.528646,-1.46648,0.171875,-4.375,7.41797,-2.79297,-2.42188,8.94141,-0.246094,-2.66797,7.19531,3.73438,-0.367188,5.45312,49,1111,626,82,0,1,1,0
26.3408,0.0179243,0.63389,-1.84951,-0.110876,0.680336,-1.56466,-0.0876232,0.598829,-1.79941,0.00756938,0.588171,-1.45627,-1.33203,3.23828,1.10938,-3.26172,-4.94531,6.41797,0.617188,2.71875,0.664062,4.17969,-2.91797,3.55859,55,810,403,84,0,1,1,0
26.351,0.0179243,0.63389,-1.84951,-0.110876,0.680336,-1.56466,-0.0876232,0.598829,-1.79941,0.00756938,0.588171,-1.45627,-1.33203,3.23828,1.10938,-3.26172,-4.94531,6.41797,0.617188,2.71875,0.664062,4.17969,-2.91797,3.55859,55,810,403,84,0,1,1,0
26.3658,0.0179243,0.63389,-1.84951,-0.110876,0.680336,-1.56466,-0.0876232,0.598829,-1.79941,0.00756938,0.588171,-1.45627,-1.33203,3.23828,1.10938,-3.26172,-4.94531,6.41797,0.617188,2.71875,0.664062,4.17969,-2.91797,3.55859,55,810,403,84,0,1,1,0
26.376,0.00272498,0.501335,-1.55691,-0.101672,0.754334,-1.56224,-0.0870782,0.464336,-1.49591,0.0124743,0.656599,-1.44896,-0.046875,-0.492188,5.45312,-4.20312,-3.95703,7.53125,0.542969,0.691406,1.40625,2.47266,-2.07422,5.11719,592,962,570,84,1,1,1,0
26.3862,0.00272498,0.501335,-1.55691,-0.101672,0.754334,-1.56224,-0.0870782,0.464336,-1.49591,0.0124743,0.656599,-1.44896,-0.046875,-0.492188,5.45312,-4.20312,-3.95703,7.53125,0.542969,0.691406,1.40625,2.47266,-2.07422,5.11719,592,962,570,84,1,1,1,0
26.3968,0.00272498,0.501335,-1.55691,-0.101672,0.754334,-1.56224,-0.0870782,0.464336,-1.49591,0.0124743,0.656599,-1.44896,-0.046875,-0.492188,5.45312,-4.20312,-3.95703,7.53125,0.542969,0.691406,1.40625,2.47266,-2.07422,5.11719,592,962,570,84,1,1,1,0
26.407,0.00272498,0.501335,-1.55691,-0.101672,0.754334,-1.56224,-0.0870782,0.464336,-1.49591,0.0124743,0.656599,-1.44896,-0.046875,-0.492188,5.45312,-4.20312,-3.95703,7.53125,0.542969,0.691406,1.40625,2.47266,-2.07422,5.11719,592,962,570,84,1,1,1,0
26.4173,0.0207704,0.571337,-1.5421,-0.0976148,0.908084,-1.87418,-0.0964037,0.504605,-1.4247,0.0157443,0.822156,-1.78532,3.08984,-1.95312,8.75391,1.75391,0.664062,0.589844,-2.39844,-1.87891,6.97266,-1.28516,0.839844,1.03516,936,39,64,857,1,0,0,1
26.433,0.0207704,0.571337,-1.5421,-0.0976148,0.908084,-1.87418,-0.0964037,0.504605,-1.4247,0.0157443,0.822156,-1.78532,3.08984,-1.95312,8.75391,1.75391,0.664062,0.589844,-2.39844,-1.87891,6.97266,-1.28516,0.839844,1.03516,936,39,64,857,1,0,0,1
26.4431,0.0207704,0.571337,-1.5421,-0.0976148,0.908084,-1.87418,-0.0964037,0.504605,-1.4247,0.0157443,0.822156,-1.78532,3.08984,-1.95312,8.75391,1.75391,0.664062,0.589844,-2.39844,-1.87891,6.97266,-1.28516,0.839844,1.03516,936,39,64,857,1,0,0,1
26.4538,0.0206493,0.635465,-1.54662,-0.10585,0.949867,-2.13933,-0.100824,0.57388,-1.44161,0.025312,0.883741,-2.08003,3.92969,-0.394531,8.75391,-0.542969,-3.08984,7.9375,-4.00391,1.77734,6.75,-0.0976562,-2.86719,8.16016,915,76,82,659,1,0,0,1
26.464,0.0206493,0.635465,-1.54662,-0.10585,0.949867,-2.13933,-0.100824,0.57388,-1.44161,0.025312,0.883741,-2.08003,3.92969,-0.394531,8.75391,-0.542969,-3.08984,7.9375,-4.00391,1.77734,6.75,-0.0976562,-2.86719,8.16016,915,76,82,659,1,0,0,1
26.4742,0.0206493,0.635465,-1.54662,-0.10585,0.949867,-2.13933,-0.100824,0.57388,-1.44161,0.025312,0.883741,-2.08003,3.92969,-0.394531,8.75391,-0.542969,-3.08984,7.9375,-4.00391,1.77734,6.75,-0.0976562,-2.86719,8.16016,915,76,82,659,1,0,0,1
26.4846,0.0206493,0.635465,-1.54662,-0.10585,0.949867,-2.13933,-0.100824,0.57388,-1.44161,0.025312,0.883741,-2.08003,3.92969,-0.394531,8.75391,-0.542969,-3.08984,7.9375,-4.00391,1.77734,6.75,-0.0976562,-2.86719,8.16016,915,76,82,659,1,0,0,1
26.4949,0.0247065,0.669981,-1.54625,-0.089137,0.741618,-1.8347,-0.0998553,0.605127,-1.44137,0.0103549,0.706133,-1.77967,3.36328,-1.65625,7.45703,1.0625,0.9375,0.851562,-4.77344,0.441406,5.82422,-0.542969,0,0.703125,673,77,84,518,1,0,0,1
26.5054,0.0247065,0.669981,-1.54625,-0.089137,0.741618,-1.8347,-0.0998553,0.605127,-1.44137,0.0103549,0.706133,-1.77967,3.36328,-1.65625,7.45703,1.0625,0.9375,0.851562,-4.77344,0.441406,5.82422,-0.542969,0,0.703125,673,77,84,518,1,0,0,1
26.5158,0.0247065,0.669981,-1.54625,-0.089137,0.741618,-1.8347,-0.0998553,0.605127,-1.44137,0.0103549,0.706133,-1.77967,3.36328,-1.65625,7.45703,1.0625,0.9375,0.851562,-4.77344,0.441406,5.82422,-0.542969,0,0.703125,673,77,84,518,1,0,0,1
26.5298,0.0247065,0.669981,-1.54625,-0.089137,0.741618,-1.8347,-0.0998553,0.605127,-1.44137,0.0103549,0.706133,-1.77967,3.36328,-1.65625,7.45703,1.0625,0.9375,0.851562,-4.77344,0.441406,5.82422,-0.542969,0,0.703125,673,77,84,518,1,0,0,1
26.54,0.0173187,0.713217,-1.54629,-0.0804171,0.608033,-1.54141,-0.099492,0.642368,-1.44363,0.0083566,0.573396,-1.46563,4.10547,-1.82812,7.78906,0.640625,-0.0703125,3.82031,-3.3125,-0.46875,6.75,-0.0703125,0.0703125,2.44531,820,409,184,723,1,1,0,1
26.5506,0.0173187,0.713217,-1.54629,-0.0804171,0.608033,-1.54141,-0.099492,0.642368,-1.44363,0.0083566,0.573396,-1.46563,4.10547,-1.82812,7.78906,0.640625,-0.0703125,3.82031,-3.3125,-0.46875,6.75,-0.0703125,0.0703125,2.44531,820,409,184,723,1,1,0,1
26.5608,0.0173187,0.713217,-1.54629,-0.0804171,0.608033,-1.54141,-0.099492,0.642368,-1.44363,0.0083566,0.573396,-1.46563,4.10547,-1.82812,7.78906,0.640625,-0.0703125,3.82031,-3.3125,-0.46875,6.75,-0.0703125,0.0703125,2.44531,820,409,184,723,1,1,0,1
26.5709,0.0173187,0.713217,-1.54629,-0.0804171,0.608033,-1.54141,-0.099492,0.642368,-1.44363,0.0083566,0.573396,-1.46563,4.10547,-1.82812,7.78906,0.640625,-0.0703125,3.82031,-3.3125,-0.46875,6.75,-0.0703125,0.0703125,2.44531,820,409,184,723,1,1,0,1
26.5811,0.0165315,0.866058,-1.87014,-0.0866543,0.636615,-1.51739,-0.10034,0.809803,-1.8028,0.0191354,0.591138,-1.43766,-0.863281,0.246094,0.851562,-3.98047,-1.21094,7.01172,1.58203,0.171875,1.10938,3.26172,0.542969,7.67969,25,877,775,60,0,1,1,0
26.5914,0.0165315,0.866058,-1.87014,-0.0866543,0.636615,-1.51739,-0.10034,0.809803,-1.8028,0.0191354,0.591138,-1.43766,-0.863281,0.246094,0.851562,-3.98047,-1.21094,7.01172,1.58203,0.171875,1.10938,3.26172,0.542969,7.67969,25,877,775,60,0,1,1,0
26.6017,0.0165315,0.866058,-1.87014,-0.0866543,0.636615,-1.51739,-0.10034,0.809803,-1.8028,0.0191354,0.591138,-1.43766,-0.863281,0.246094,0.851562,-3.98047,-1.21094,7.01172,1.58203,0.171875,1.10938,3.26172,0.542969,7.67969,25,877,775,60,0,1,1,0
26.6119,0.0165315,0.866058,-1.87014,-0.0866543,0.636615,-1.51739,-0.10034,0.809803,-1.8028,0.0191354,0.591138,-1.43766,-0.863281,0.246094,0.851562,-3.98047,-1.21094,7.01172,1.58203,0.171875,1.10938,3.26172,0.542969,7.67969,25,877,775,60,0,1,1,0
26.6221,0.0350008,0.97094,-2.11321,-0.0879865,0.671435,-1.51892,-0.095132,0.917409,-2.06493,0.0227081,0.627774,-1.44924,1.0625,-2.71875,6.41797,-3.66016,1.0625,8.60547,0.246094,-2.125,6.34375,3.80859,2.84375,7.90234,59,811,635,82,0,1,1,0
26.6324,0.0350008,0.97094,-2.11321,-0.0879865,0.671435,-1.51892,-0.095132,0.917409,-2.06493,0.0227081,0.627774,-1.44924,1.0625,-2.71875,6.41797,-3.66016,1.0625,8.60547,0.246094,-2.125,6.34375,3.80859,2.84375,7.90234,59,811,635,82,0,1,1,0
26.6427,0.0350008,0.97094,-2.11321,-0.0879865,0.671435,-1.51892,-0.095132,0.917409,-2.06493,0.0227081,0.627774,-1.44924,1.0625,-2.71875,6.41797,-3.66016,1.0625,8.60547,0.246094,-2.125,6.34375,3.80859,2.84375,7.90234,59,811,635,82,0,1,1,0
26.6531,0.0350008,0.831179,-1.82234,-0.0887737,0.6873,-1.51852,-0.0625534,0.792726,-1.76958,0.0210126,0.64037,-1.4486,-0.8125,-0.394531,1.07422,-2.79297,0.839844,8.38281,0.542969,-0.21875,0.960938,3.83203,1.18359,7.71484,63,689,558,85,0,1,1,0
26.6634,0.0350008,0.831179,-1.82234,-0.0887737,0.6873,-1.51852,-0.0625534,0.792726,-1.76958,0.0210126,0.64037,-1.4486,-0.8125,-0.394531,1.07422,-2.79297,0.839844,8.38281,0.542969,-0.21875,0.960938,3.83203,1.18359,7.71484,63,689,558,85,0,1,1,0
26.6737,0.0350008,0.831179,-1.82234,-0.0887737,0.6873,-1.51852,-0.0625534,0.792726,-1.76958,0.0210126,0.64037,-1.4486,-0.8125,-0.394531,1.07422,-2.79297,0.839844,8.38281,0.542969,-0.21875,0.960938,3.83203,1.18359,7.71484,63,689,558,85,0,1,1,0
26.6841,0.0350008,0.831179,-1.82234,-0.0887737,0.6873,-1.51852,-0.0625534,0.792726,-1.76958,0.0210126,0.64037,-1.4486,-0.8125,-0.394531,1.07422,-2.79297,0.839844,8.38281,0.542969,-0.21875,0.960938,3.83203,1.18359,7.71484,63,689,558,85,0,1,1,0
26.6949,0.0317309,0.705769,-1.55897,-0.0845954,0.707525,-1.51896,-0.0512902,0.672767,-1.49083,0.0205887,0.654661,-1.45037,-0.664062,-1.23438,3.74609,-3.51172,-0.0703125,8.49609,-0.960938,-0.789062,2.48438,2.71875,0.121094,8.42188,403,846,745,173,1,1,1,0
26.7056,0.0317309,0.705769,-1.55897,-0.0845954,0.707525,-1.51896,-0.0512902,0.672767,-1.49083,0.0205887,0.654661,-1.45037,-0.664062,-1.23438,3.74609,-3.51172,-0.0703125,8.49609,-0.960938,-0.789062,2.48438,2.71875,0.121094,8.42188,403,846,745,173,1,1,1,0
26.7205,0.0317309,0.705769,-1.55897,-0.0845954,0.707525,-1.51896,-0.0512902,0.672767,-1.49083,0.0205887,0.654661,-1.45037,-0.664062,-1.23438,3.74609,-3.51172,-0.0703125,8.49609,-0.960938,-0.789062,2.48438,2.71875,0.121094,8.42188,403,846,745,173,1,1,1,0
26.7307,0.0317309,0.705769,-1.55897,-0.0845954,0.707525,-1.51896,-0.0512902,0.672767,-1.49083,0.0205887,0.654661,-1.45037,-0.664062,-1.23438,3.74609,-3.51172,-0.0703125,8.49609,-0.960938,-0.789062,2.48438,2.71875,0.121094,8.42188,403,846,745,173,1,1,1,0
26.7412,0.0426308,0.72,-1.52821,-0.0855643,0.863091,-1.8527,-0.0669134,0.681366,-1.46216,0.0260387,0.825789,-1.81048,3.68359,-0.691406,8.08594,0.714844,0.195312,0.664062,-2.07422,0.417969,7.97656,-1.60547,0.0234375,0.925781,723,51,54,776,1,0,0,1
26.7514,0.0426308,0.72,-1.52821,-0.0855643,0.863091,-1.8527,-0.0669134,0.681366,-1.46216,0.0260387,0.825789,-1.81048,3.68359,-0.691406,8.08594,0.714844,0.195312,0.664062,-2.07422,0.417969,7.97656,-1.60547,0.0234375,0.925781,723,51,54,776,1,0,0,1
26.7645,0.0426308,0.72,-1.52821,-0.0855643,0.863091,-1.8527,-0.0669134,0.681366,-1.46216,0.0260387,0.825789,-1.81048,3.68359,-0.691406,8.08594,0.714844,0.195312,0.664062,-2.07422,0.417969,7.97656,-1.60547,0.0234375,0.925781,723,51,54,776,1,0,0,1
26.7857,0.0426308,0.72,-1.52821,-0.0855643,0.863091,-1.8527,-0.0669134,0.681366,-1.46216,0.0260387,0.825789,-1.81048,3.68359,-0.691406,8.08594,0.714844,0.195312,0.664062,-2.07422,0.417969,7.97656,-1.60547,0.0234375,0.925781,723,51,54,776,1,0,0,1
26.798,0.0408747,0.739559,-1.52748,-0.0841715,0.971243,-2.08959,-0.0768444,0.697958,-1.46297,0.0410563,0.93927,-2.06791,4.20312,1.45703,9.53516,-0.863281,-2,6.12109,-3.4375,3.58594,8.23438,-0.046875,-1.82812,6.26953,717,79,77,701,1,0,0,1
26.8083,0.0408747,0.739559,-1.52748,-0.0841715,0.971243,-2.08959,-0.0768444,0.697958,-1.46297,0.0410563,0.93927,-2.06791,4.20312,1.45703,9.53516,-0.863281,-2,6.12109,-3.4375,3.58594,8.23438,-0.046875,-1.82812,6.26953,717,79,77,701,1,0,0,1
26.8187,0.0432363,0.742466,-1.52603,-0.070365,0.836144,-1.78674,-0.0741194,0.699169,-1.46249,0.029127,0.819189,-1.76554,3.21484,1.16016,9.08984,1.10938,-0.0703125,0.703125,-4.00391,2.22266,7.75391,-0.046875,-0.394531,0.40625,590,82,81,609,1,0,0,1
26.8294,0.0432363,0.742466,-1.52603,-0.070365,0.836144,-1.78674,-0.0741194,0.699169,-1.46249,0.029127,0.819189,-1.76554,3.21484,1.16016,9.08984,1.10938,-0.0703125,0.703125,-4.00391,2.22266,7.75391,-0.046875,-0.394531,0.40625,590,82,81,609,1,0,0,1
26.8396,0.0432363,0.742466,-1.52603,-0.070365,0.836144,-1.78674,-0.0741194,0.699169,-1.46249,0.029127,0.819189,-1.76554,3.21484,1.16016,9.08984,1.10938,-0.0703125,0.703125,-4.00391,2.22266,7.75391,-0.046875,-0.394531,0.40625,590,82,81,609,1,0,0,1
26.8498,0.0432363,0.742466,-1.52603,-0.070365,0.836144,-1.78674,-0.0741194,0.699169,-1.46249,0.029127,0.819189,-1.76554,3.21484,1.16016,9.08984,1.10938,-0.0703125,0.703125,-4.00391,2.22266,7.75391,-0.046875,-0.394531,0.40625,590,82,81,609,1,0,0,1
26.8604,0.0367569,0.755909,-1.52615,-0.06437,0.71891,-1.53656,-0.0734533,0.712672,-1.46426,0.0236165,0.698866,-1.49987,3.55859,0.914062,9.60938,0.417969,-1.80469,3.48438,-2.59375,0.9375,8.42188,0,-0.21875,2.92969,761,461,334,817,1,1,1,1
26.8706,0.0367569,0.755909,-1.52615,-0.06437,0.71891,-1.53656,-0.0734533,0.712672,-1.46426,0.0236165,0.698866,-1.49987,3.55859,0.914062,9.60938,0.417969,-1.80469,3.48438,-2.59375,0.9375,8.42188,0,-0.21875,2.92969,761,461,334,817,1,1,1,1
26.8808,0.0367569,0.755909,-1.52615,-0.06437,0.71891,-1.53656,-0.0734533,0.712672,-1.46426,0.0236165,0.698866,-1.49987,3.55859,0.914062,9.60938,0.417969,-1.80469,3.48438,-2.59375,0.9375,8.42188,0,-0.21875,2.92969,761,461,334,817,1,1,1,1
26.8914,0.0367569,0.755909,-1.52615,-0.06437,0.71891,-1.53656,-0.0734533,0.712672,-1.46426,0.0236165,0.698866,-1.49987,3.55859,0.914062,9.60938,0.417969,-1.80469,3.48438,-2.59375,0.9375,8.42188,0,-0.21875,2.92969,761,461,334,817,1,1,1,1
26.9057,0.0394213,0.902391,-1.86485,-0.0756938,0.729507,-1.50641,-0.0781766,0.873628,-1.83534,0.0385736,0.707101,-1.47165,-0.691406,0.0703125,0.925781,-4.17969,-0.617188,7.71484,1.67969,0.269531,1.55469,2.64453,0.121094,7.78906,34,787,779,55,0,1,1,0
26.9161,0.0394213,0.902391,-1.86485,-0.0756938,0.729507,-1.50641,-0.0781766,0.873628,-1.83534,0.0385736,0.707101,-1.47165,-0.691406,0.0703125,0.925781,-4.17969,-0.617188,7.71484,1.67969,0.269531,1.55469,2.64453,0.121094,7.78906,34,787,779,55,0,1,1,0
26.9264,0.0394213,0.902391,-1.86485,-0.0756938,0.729507,-1.50641,-0.0781766,0.873628,-1.83534,0.0385736,0.707101,-1.47165,-0.691406,0.0703125,0.925781,-4.17969,-0.617188,7.71484,1.67969,0.269531,1.55469,2.64453,0.121094,7.78906,34,787,779,55,0,1,1,0
26.9366,0.0511085,1.01581,-2.11955,-0.0763599,0.74404,-1.50572,-0.0761783,0.984322,-2.10275,0.0444474,0.722301,-1.47302,0.914062,-3.70703,6.9375,-3.58594,1.45703,9.23828,0.144531,-2.22266,7.23438,3.46094,2.47266,8.08594,64,706,603,81,0,1,1,0
26.9468,0.0511085,1.01581,-2.11955,-0.0763599,0.74404,-1.50572,-0.0761783,0.984322,-2.10275,0.0444474,0.722301,-1.47302,0.914062,-3.70703,6.9375,-3.58594,1.45703,9.23828,0.144531,-2.22266,7.23438,3.46094,2.47266,8.08594,64,706,603,81,0,1,1,0
